Workbook
Name Beta: 'Summary-2010'!$B$55

Sheet 1990
B1: Network Speed (congested) [km/h] | C1: Network Speed (freeflow) [km/h] | D1: Circuity [ ] | E1: Average Airline Speed [km/h] | F1: Airline Radius [km] | G1: Area covered in 30 mins [km2] | H1: Urbanized area density [people/km2] | I1: Urbanized Area [km2] | J1: Population | K1: Accessibility | L1: MinPA,P | M1: . | N1: Employment Density | O1: Employment | P1: Employment Accessibility | Q1: Min EA, E
A2: Area | B2: S_n | D2: C1 | E2: S_a | F2: R_a | G2: A_30 | H2: D_UA | L2: =MIN(J2,K2) -> 0 | M2: .
A3: Atlanta | B3: 60.375468 | C3: 63.997996 | D3: 1.2804196 | E3: =B3/D3 -> 47.152878 | F3: =E3*0.5 -> 23.576439 | G3: =PI()*F3^2 -> 1746.2495 | H3: =J3/I3 -> 964.67391 | I3: 2944 | J3: 2840000 | K3: =G3*H3 -> 1684561.3 | L3: =MIN(J3,K3) -> 1684561.3 | M3: . | N3: =O3/I3 -> 503.32235 | O3: 1481781 | P3: =G3*N3 -> 878926.38 | Q3: =MIN(P3,O3) -> 878926.38
A4: Austin* | B4: 63.478689 | C4: 67.922197 | D4: 1.3588387 | E4: =B4/D4 -> 46.715398 | F4: =E4*0.5 -> 23.357699 | G4: =PI()*F4^2 -> 1713.9968 | H4: =J4/I4 -> 932.86219 | I4: 707.5 | J4: 660000 | K4: =G4*H4 -> 1598922.8 | L4: =MIN(J4,K4) -> 660000 | M4: . | N4: =O4/I4 -> 571.04735 | O4: 404016 | P4: =G4*N4 -> 978773.3 | Q4: =MIN(P4,O4) -> 404016
A5: Baltimore | B5: 60.37745 | C5: 64.603872 | D5: 1.252585 | E5: =B5/D5 -> 48.202277 | F5: =E5*0.5 -> 24.101139 | G5: =PI()*F5^2 -> 1824.8408 | H5: =J5/I5 -> 1296.8394 | I5: 1534.5 | J5: 1990000 | K5: =G5*H5 -> 2366525.4 | L5: =MIN(J5,K5) -> 1990000 | M5: . | N5: =O5/I5 -> 776.6784 | O5: 1191813 | P5: =G5*N5 -> 1417314.5 | Q5: =MIN(P5,O5) -> 1191813
A6: Boston | B6: 61.541691 | C6: 67.69586 | D6: 1.2423921 | E6: =B6/D6 -> 49.534838 | F6: =E6*0.5 -> 24.767419 | G6: =PI()*F6^2 -> 1927.1316 | H6: =J6/I6 -> 1563.9893 | I6: 2308.2 | J6: 3610000 | K6: =G6*H6 -> 3014013.1 | L6: =MIN(J6,K6) -> 3014013.1 | M6: . | N6: =O6/I6 -> 927.87323 | O6: 2141717 | P6: =G6*N6 -> 1788133.8 | Q6: =MIN(P6,O6) -> 1788133.8
A7: Buffalo | B7: 73.276598 | C7: 76.207662 | D7: 1.2197721 | E7: =B7/D7 -> 60.074008 | F7: =E7*0.5 -> 30.037004 | G7: =PI()*F7^2 -> 2834.4127 | H7: =J7/I7 -> 1440.1623 | I7: 739.5 | J7: 1065000 | K7: =G7*H7 -> 4082014.3 | L7: =MIN(J7,K7) -> 1065000 | M7: . | N7: =O7/I7 -> 718.21771 | O7: 531122 | P7: =G7*N7 -> 2035725.4 | Q7: =MIN(P7,O7) -> 531122
A8: Charlotte | B8: 66.908177 | C8: 71.591749 | D8: 1.2963499 | E8: =B8/D8 -> 51.612743 | F8: =E8*0.5 -> 25.806372 | G8: =PI()*F8^2 -> 2092.2027 | H8: =J8/I8 -> 862.48203 | I8: 626.1 | J8: 540000 | K8: =G8*H8 -> 1804487.3 | L8: =MIN(J8,K8) -> 540000 | M8: . | N8: =O8/I8 -> 966.06932 | O8: 604856 | P8: =G8*N8 -> 2021212.9 | Q8: =MIN(P8,O8) -> 604856
A9: Chicago | B9: 59.830535 | C9: 64.616977 | D9: 1.2306496 | E9: =B9/D9 -> 48.617034 | F9: =E9*0.5 -> 24.308517 | G9: =PI()*F9^2 -> 1856.3797 | H9: =J9/I9 -> 1830.0112 | I9: 4103.8 | J9: 7510000 | K9: =G9*H9 -> 3397195.6 | L9: =MIN(J9,K9) -> 3397195.6 | M9: . | N9: =O9/I9 -> 936.04391 | O9: 3841337 | P9: =G9*N9 -> 1737652.9 | Q9: =MIN(P9,O9) -> 1737652.9
A10: Cincinnati | B10: 67.518821 | C10: 74.270703 | D10: 1.3292592 | E10: =B10/D10 -> 50.794323 | F10: =E10*0.5 -> 25.397161 | G10: =PI()*F10^2 -> 2026.3769 | H10: =J10/I10 -> 860.24751 | I10: 1325.2 | J10: 1140000 | K10: =G10*H10 -> 1743185.7 | L10: =MIN(J10,K10) -> 1140000 | M10: . | N10: =O10/I10 -> 613.31573 | O10: 812766 | P10: =G10*N10 -> 1242808.8 | Q10: =MIN(P10,O10) -> 812766
A11: Cleveland | B11: 70.270148 | C11: 77.297163 | D11: 1.2049847 | E11: =B11/D11 -> 58.316215 | F11: =E11*0.5 -> 29.158108 | G11: =PI()*F11^2 -> 2670.9671 | H11: =J11/I11 -> 1068.6096 | I11: 1647 | J11: 1760000 | K11: =G11*H11 -> 2854221.1 | L11: =MIN(J11,K11) -> 1760000 | M11: . | N11: =O11/I11 -> 754.15847 | O11: 1242099 | P11: =G11*N11 -> 2014332.5 | Q11: =MIN(P11,O11) -> 1242099
A12: Columbus | B12: 67.725933 | C12: 77.207564 | D12: 1.2627799 | E12: =B12/D12 -> 53.632411 | F12: =E12*0.5 -> 26.816206 | G12: =PI()*F12^2 -> 2259.1472 | H12: =J12/I12 -> 973.91694 | I12: 893.3 | J12: 870000 | K12: =G12*H12 -> 2200221.7 | L12: =MIN(J12,K12) -> 870000 | M12: . | N12: =O12/I12 -> 758.8257 | O12: 677859 | P12: =G12*N12 -> 1714299 | Q12: =MIN(P12,O12) -> 677859
A13: Dallas-Fort Worth | B13: 66.031469 | C13: 76.596505 | D13: 1.3065071 | E13: =B13/D13 -> 50.540461 | F13: =E13*0.5 -> 25.27023 | G13: =PI()*F13^2 -> 2006.1725 | H13: =J13/I13 -> 869.56522 | I13: 3737.5 | J13: 3250000 | K13: =G13*H13 -> 1744497.8 | L13: =MIN(J13,K13) -> 1744497.8 | M13: . | N13: =O13/I13 -> 528.85779 | O13: 1976606 | P13: =G13*N13 -> 1060980 | Q13: =MIN(P13,O13) -> 1060980
A14: Denver | B14: 65.002141 | C14: 76.052505 | D14: 1.3654163 | E14: =B14/D14 -> 47.606098 | F14: =E14*0.5 -> 23.803049 | G14: =PI()*F14^2 -> 1779.9797 | H14: =J14/I14 -> 1329.5187 | I14: 1188.4 | J14: 1580000 | K14: =G14*H14 -> 2366516.3 | L14: =MIN(J14,K14) -> 1580000 | M14: . | N14: =O14/I14 -> 811.94211 | O14: 964912 | P14: =G14*N14 -> 1445240.5 | Q14: =MIN(P14,O14) -> 964912
A15: Detroit | B15: 59.740127 | C15: 69.895948 | D15: 1.2288146 | E15: =B15/D15 -> 48.616062 | F15: =E15*0.5 -> 24.308031 | G15: =PI()*F15^2 -> 1856.3055 | H15: =J15/I15 -> 1369.2488 | I15: 2899.4 | J15: 3970000 | K15: =G15*H15 -> 2541744.1 | L15: =MIN(J15,K15) -> 2541744.1 | M15: . | N15: =O15/I15 -> 717.34842 | O15: 2079880 | P15: =G15*N15 -> 1331617.8 | Q15: =MIN(P15,O15) -> 1331617.8
A16: Grand Rapids*2 | B16: 70.939381 | C16: 83.70847 | D16: 1.2825248 | E16: =B16/D16 -> 55.312286 | F16: =E16*0.5 -> 27.656143 | G16: =PI()*F16^2 -> 2402.8856 | H16: =J16/I16 -> 1190.5898 | I16: 578.2 | J16: 688399 | K16: =G16*H16 -> 2860851 | L16: =MIN(J16,K16) -> 688399 | M16: . | N16: =O16/I16 -> 693.86026 | O16: =337335+63855 -> 401190 | P16: =G16*N16 -> 1667266.8 | Q16: =MIN(P16,O16) -> 401190
A17: Hampton Roads | B17: 64.898649 | C17: 85.666217 | D17: 1.3571401 | E17: =B17/D17 -> 47.820155 | F17: =E17*0.5 -> 23.910078 | G17: =PI()*F17^2 -> 1796.0228 | H17: =J17/I17 -> 770.84182 | I17: 1718.9 | J17: 1325000 | K17: =G17*H17 -> 1384449.5 | L17: =MIN(J17,K17) -> 1325000 | M17: . | N17: =O17/I17 -> 406.65484 | O17: 698999 | P17: =G17*N17 -> 730361.36 | Q17: =MIN(P17,O17) -> 698999
A18: Hartford | B18: 70.550118 | C18: 84.660141 | D18: 1.3223702 | E18: =B18/D18 -> 53.351261 | F18: =E18*0.5 -> 26.675631 | G18: =PI()*F18^2 -> 2235.5236 | H18: =J18/I18 -> 1320.2112 | I18: 624.9 | J18: 825000 | K18: =G18*H18 -> 2951363.4 | L18: =MIN(J18,K18) -> 825000 | M18: . | N18: =O18/I18 -> 899.29429 | O18: 561969 | P18: =G18*N18 -> 2010393.6 | Q18: =MIN(P18,O18) -> 561969
A19: Honolulu*2 | B19: 61.851771 | C19: 73.603607 | D19: 1.3847021 | E19: =B19/D19 -> 44.667925 | F19: =E19*0.5 -> 22.333962 | G19: =PI()*F19^2 -> 1567.0449 | H19: =J19/I19 -> 2328.0373 | I19: 359.2 | J19: 836231 | K19: =G19*H19 -> 3648138.9 | L19: =MIN(J19,K19) -> 836231 | M19: . | N19: =O19/I19 -> 1218.0345 | O19: 437518 | P19: =G19*N19 -> 1908714.7 | Q19: =MIN(P19,O19) -> 437518
A20: Houston | B20: 61.86593 | C20: 73.620457 | D20: 1.3197846 | E20: =B20/D20 -> 46.875778 | F20: =E20*0.5 -> 23.437889 | G20: =PI()*F20^2 -> 1725.7856 | H20: =J20/I20 -> 951.03794 | I20: 3049.3 | J20: 2900000 | K20: =G20*H20 -> 1641287.6 | L20: =MIN(J20,K20) -> 1641287.6 | M20: . | N20: =O20/I20 -> 577.11475 | O20: 1759796 | P20: =G20*N20 -> 995976.35 | Q20: =MIN(P20,O20) -> 995976.35
A21: Indianapolis | B21: 66.181817 | C21: 78.094544 | D21: 1.2722485 | E21: =B21/D21 -> 52.019567 | F21: =E21*0.5 -> 26.009784 | G21: =PI()*F21^2 -> 2125.3152 | H21: =J21/I21 -> 778.16206 | I21: 1214.4 | J21: 945000 | K21: =G21*H21 -> 1653839.6 | L21: =MIN(J21,K21) -> 945000 | M21: . | N21: =O21/I21 -> 514.63356 | O21: 624971 | P21: =G21*N21 -> 1093758.5 | Q21: =MIN(P21,O21) -> 624971
A22: Inland Empire** | B22: 65.102211 | C22: 72.914476 | D22: 1.3359338 | E22: =B22/D22 -> 48.731614 | F22: =E22*0.5 -> 24.365807 | G22: =PI()*F22^2 -> 1865.1401 | H22: =J22/I22 -> 1078.382 | I22: 1191.6 | J22: 1285000 | K22: =G22*H22 -> 2011333.6 | L22: =MIN(J22,K22) -> 1285000 | M22: . | N22: =O22/I22 -> 643.63293 | O22: 766953 | P22: =G22*N22 -> 1200465.6 | Q22: =MIN(P22,O22) -> 766953
A23: Jacksonville* | B23: 55.540281 | C23: 57.20649 | D23: 1.3671479 | E23: =B23/D23 -> 40.624926 | F23: =E23*0.5 -> 20.312463 | G23: =PI()*F23^2 -> 1296.209 | H23: =J23/I23 -> 547.57016 | I23: 1314.9 | J23: 720000 | K23: =G23*H23 -> 709765.38 | L23: =MIN(J23,K23) -> 709765.38 | M23: . | N23: =O23/I23 -> 337.57852 | O23: 443882 | P23: =G23*N23 -> 437572.33 | Q23: =MIN(P23,O23) -> 437572.33
A24: Kansas City | B24: 63.219918 | C24: 65.116516 | D24: 1.2881189 | E24: =B24/D24 -> 49.079255 | F24: =E24*0.5 -> 24.539628 | G24: =PI()*F24^2 -> 1891.8461 | H24: =J24/I24 -> 587.90735 | I24: 1973.1 | J24: 1160000 | K24: =G24*H24 -> 1112230.2 | L24: =MIN(J24,K24) -> 1112230.2 | M24: . | N24: =O24/I24 -> 390.91227 | O24: 771309 | P24: =G24*N24 -> 739545.86 | Q24: =MIN(P24,O24) -> 739545.86
A25: Las Vegas* | B25: 58.291698 | C25: 60.040449 | D25: 1.3334071 | E25: =B25/D25 -> 43.716355 | F25: =E25*0.5 -> 21.858178 | G25: =PI()*F25^2 -> 1500.9899 | H25: =J25/I25 -> 1175.4828 | I25: 595.5 | J25: 700000 | K25: =G25*H25 -> 1764387.8 | L25: =MIN(J25,K25) -> 700000 | M25: . | N25: =O25/I25 -> 623.22082 | O25: 371128 | P25: =G25*N25 -> 935448.18 | Q25: =MIN(P25,O25) -> 371128
A26: Los Angeles | B26: 48.116228 | C26: 49.559715 | D26: 1.2467602 | E26: =B26/D26 -> 38.59301 | F26: =E26*0.5 -> 19.296505 | G26: =PI()*F26^2 -> 1169.7881 | H26: =J26/I26 -> 2243.0421 | I26: 5091.3 | J26: 11420000 | K26: =G26*H26 -> 2623883.9 | L26: =MIN(J26,K26) -> 2623883.9 | M26: . | N26: =O26/I26 -> 1337.3879 | O26: 6809043 | P26: =G26*N26 -> 1564460.4 | Q26: =MIN(P26,O26) -> 1564460.4
A27: Louisville* | B27: 62.487213 | C27: 64.986701 | D27: 1.3589322 | E27: =B27/D27 -> 45.982583 | F27: =E27*0.5 -> 22.991292 | G27: =PI()*F27^2 -> 1660.6443 | H27: =J27/I27 -> 1106.8598 | I27: 731.8 | J27: 810000 | K27: =G27*H27 -> 1838100.4 | L27: =MIN(J27,K27) -> 810000 | M27: . | N27: =O27/I27 -> 610.65318 | O27: 446876 | P27: =G27*N27 -> 1014077.7 | Q27: =MIN(P27,O27) -> 446876
A28: Memphis* | B28: 65.308032 | C28: 67.920353 | D28: 1.331226 | E28: =B28/D28 -> 49.058562 | F28: =E28*0.5 -> 24.529281 | G28: =PI()*F28^2 -> 1890.2511 | H28: =J28/I28 -> 973.62165 | I28: 883.3 | J28: 860000 | K28: =G28*H28 -> 1840389.4 | L28: =MIN(J28,K28) -> 860000 | M28: . | N28: =O28/I28 -> 507.45726 | O28: 448237 | P28: =G28*N28 -> 959221.65 | Q28: =MIN(P28,O28) -> 448237
... A53: Washington | B53: 57.166397 | C53: 76.031308 | D53: 1.3152548 | E53: =B53/D53 -> 43.464123 | F53: =E53*0.5 -> 21.732062 | G53: =PI()*F53^2 -> 1483.7193 | H53: =J53/I53 -> 1267.0645 | I53: 2446.6 | J53: 3100000 | K53: =G53*H53 -> 1879968 | L53: =MIN(J53,K53) -> 1879968 | M53: . | N53: =O53/I53 -> 905.07235 | O53: 2214350 | P53: =G53*N53 -> 1342873.3 | Q53: =MIN(P53,O53) -> 1342873.3
A55: Notes:
A56: 1 Circuity is from a sample of OD points with network distance matched to average commute distance
A57: 2 Population from 1990 Census
A58: * Circuity is based on either 1995 or 2001 commute distance; 1990 commute distance not available
A59: ** Uses 1995 Employment
A60: Data Sources:
A61: Network Speed (congested), Network Speed (freeflow), Population: TTI complete data 1982-2007 (calculated from 1990 values only)
A62: Circuity: Networks are Census Tiger 2008 county-level shapefiles merged together, commute distances are from 1990 NPTS
A63: Urbanized Area: Census 1990 Population and Housing Unit Counts (census.gov)
A64: Employment: Census 1990, sum of responses to question P050. Travel Time to Work: Workers 16 years and over (American FactFinder)

Sheet 1995
B1: Network Speed (congested) [km/h] | C1: Network Speed (freeflow) [km/h] | D1: Circuity [ ] | E1: Average Airline Speed [km/h] | F1: Airline Radius [km] | G1: Area covered in 30 mins [km2] | H1: Urbanized area density [people/km2] | I1: Area [km2] | J1: Population | K1: Accessibility | L1: MinPA,P | M1: . | N1: Employment Density | O1: Employment | P1: Employment Accessibility | Q1: Min EA, E
A2: Area | B2: S_n | D2: C1 | E2: S_a | F2: R_a | G2: A_30 | H2: D_UA | L2: =MIN(J2,K2) -> 0 | M2: .
A3: Atlanta | B3: 57.036474 | C3: 70.725228 | D3: 1.2545032 | E3: =B3/D3 -> 45.465387 | F3: =E3*0.5 -> 22.732694 | G3: =PI()*F3^2 -> 1623.4977 | H3: =J3/I3 -> 1103.9402 | I3: 2944 | J3: 3250000 | K3: =G3*H3 -> 1792244.4 | L3: =MIN(J3,K3) -> 1792244.4 | M3: . | N3: =O3/I3 -> 643.62636 | O3: 1894836 | P3: =G3*N3 -> 1044925.9 | Q3: =MIN(P3,O3) -> 1044925.9
A4: Austin* | B4: 62.912833 | C4: 73.608014 | D4: 1.3588387 | E4: =B4/D4 -> 46.298972 | F4: =E4*0.5 -> 23.149486 | G4: =PI()*F4^2 -> 1683.5754 | H4: =J4/I4 -> 1074.2049 | I4: 707.5 | J4: 760000 | K4: =G4*H4 -> 1808505 | L4: =MIN(J4,K4) -> 760000 | M4: . | N4: =O4/I4 -> 678.06502 | O4: 479731 | P4: =G4*N4 -> 1141573.6 | Q4: =MIN(P4,O4) -> 479731
A5: Baltimore | B5: 60.832586 | C5: 72.390778 | D5: 1.252585 | E5: =B5/D5 -> 48.565634 | F5: =E5*0.5 -> 24.282817 | G5: =PI()*F5^2 -> 1852.4565 | H5: =J5/I5 -> 1394.5911 | I5: 1534.5 | J5: 2140000 | K5: =G5*H5 -> 2583419.3 | L5: =MIN(J5,K5) -> 2140000 | M5: . | N5: =O5/I5 -> 646.30108 | O5: 991749 | P5: =G5*N5 -> 1197244.6 | Q5: =MIN(P5,O5) -> 991749
A6: Boston | B6: 59.830799 | C6: 71.198651 | D6: 1.2257226 | E6: =B6/D6 -> 48.812674 | F6: =E6*0.5 -> 24.406337 | G6: =PI()*F6^2 -> 1871.3502 | H6: =J6/I6 -> 1594.3159 | I6: 2308.2 | J6: 3680000 | K6: =G6*H6 -> 2983523.4 | L6: =MIN(J6,K6) -> 2983523.4 | M6: . | N6: =O6/I6 -> 1247.0938 | O6: 2878542 | P6: =G6*N6 -> 2333749.3 | Q6: =MIN(P6,O6) -> 2333749.3
A7: Buffalo | B7: 66.3074 | C7: 68.959696 | D7: 1.2376013 | E7: =B7/D7 -> 53.57735 | F7: =E7*0.5 -> 26.788675 | G7: =PI()*F7^2 -> 2254.5109 | H7: =J7/I7 -> 1446.9236 | I7: 739.5 | J7: 1070000 | K7: =G7*H7 -> 3262105 | L7: =MIN(J7,K7) -> 1070000 | M7: . | N7: =O7/I7 -> 630.65585 | O7: 466370 | P7: =G7*N7 -> 1421820.5 | Q7: =MIN(P7,O7) -> 466370
A8: Charlotte | B8: 61.905551 | C8: 69.953273 | D8: 1.2806694 | E8: =B8/D8 -> 48.338432 | F8: =E8*0.5 -> 24.169216 | G8: =PI()*F8^2 -> 1835.1645 | H8: =J8/I8 -> 1054.1447 | I8: 626.1 | J8: 660000 | K8: =G8*H8 -> 1934528.9 | L8: =MIN(J8,K8) -> 660000 | M8: . | N8: =O8/I8 -> 1161.0174 | O8: 726913 | P8: =G8*N8 -> 2130657.9 | Q8: =MIN(P8,O8) -> 726913
A9: Chicago | B9: 54.90711 | C9: 71.379243 | D9: 1.2306496 | E9: =B9/D9 -> 44.616363 | F9: =E9*0.5 -> 22.308182 | G9: =PI()*F9^2 -> 1563.4292 | H9: =J9/I9 -> 1887.2752 | I9: 4103.8 | J9: 7745000 | K9: =G9*H9 -> 2950621.2 | L9: =MIN(J9,K9) -> 2950621.2 | M9: . | N9: =O9/I9 -> 977.85272 | O9: =3741075+224929+46908 -> 4012912 | P9: =G9*N9 -> 1528803.5 | Q9: =MIN(P9,O9) -> 1528803.5
A10: Cincinnati | B10: 64.694239 | C10: 75.045318 | D10: 1.3292592 | E10: =B10/D10 -> 48.669394 | F10: =E10*0.5 -> 24.334697 | G10: =PI()*F10^2 -> 1860.3804 | H10: =J10/I10 -> 980.984 | I10: 1325.2 | J10: 1300000 | K10: =G10*H10 -> 1825003.4 | L10: =MIN(J10,K10) -> 1300000 | M10: . | N10: =O10/I10 -> 673.15801 | O10: =789795+102274 -> 892069 | P10: =G10*N10 -> 1252330 | Q10: =MIN(P10,O10) -> 892069
A11: Cleveland | B11: 68.272477 | C11: 75.78245 | D11: 1.2227035 | E11: =B11/D11 -> 55.837312 | F11: =E11*0.5 -> 27.918656 | G11: =PI()*F11^2 -> 2448.7187 | H11: =J11/I11 -> 1074.6812 | I11: 1647 | J11: 1770000 | K11: =G11*H11 -> 2631592 | L11: =MIN(J11,K11) -> 1770000 | M11: . | N11: =O11/I11 -> 633.32848 | O11: 1043092 | P11: =G11*N11 -> 1550843.3 | Q11: =MIN(P11,O11) -> 1043092
A12: Columbus | B12: 64.21199 | C12: 73.843788 | D12: 1.2387292 | E12: =B12/D12 -> 51.836988 | F12: =E12*0.5 -> 25.918494 | G12: =PI()*F12^2 -> 2110.4224 | H12: =J12/I12 -> 1130.6392 | I12: 893.3 | J12: 1010000 | K12: =G12*H12 -> 2386126.3 | L12: =MIN(J12,K12) -> 1010000 | M12: . | N12: =O12/I12 -> 810.5295 | O12: 724046 | P12: =G12*N12 -> 1710559.6 | Q12: =MIN(P12,O12) -> 724046
A13: Dallas-Fort Worth | B13: 62.831555 | C13: 72.884604 | D13: 1.2669463 | E13: =B13/D13 -> 49.592911 | F13: =E13*0.5 -> 24.796456 | G13: =PI()*F13^2 -> 1931.6529 | H13: =J13/I13 -> 936.45485 | I13: 3737.5 | J13: 3500000 | K13: =G13*H13 -> 1808905.7 | L13: =MIN(J13,K13) -> 1808905.7 | M13: . | N13: =O13/I13 -> 638.19746 | O13: =1747902+637361 -> 2385263 | P13: =G13*N13 -> 1232776 | Q13: =MIN(P13,O13) -> 1232776
A14: Denver | B14: 57.288368 | C14: 69.891808 | D14: 1.3381636 | E14: =B14/D14 -> 42.811183 | F14: =E14*0.5 -> 21.405592 | G14: =PI()*F14^2 -> 1439.4757 | H14: =J14/I14 -> 1455.7388 | I14: 1188.4 | J14: 1730000 | K14: =G14*H14 -> 2095500.6 | L14: =MIN(J14,K14) -> 1730000 | M14: . | N14: =O14/I14 -> 816.15113 | O14: 969914 | P14: =G14*N14 -> 1174829.7 | Q14: =MIN(P14,O14) -> 969914
A15: Detroit | B15: 53.475546 | C15: 67.379188 | D15: 1.239001 | E15: =B15/D15 -> 43.160214 | F15: =E15*0.5 -> 21.580107 | G15: =PI()*F15^2 -> 1463.0429 | H15: =J15/I15 -> 1384.7693 | I15: 2899.4 | J15: 4015000 | K15: =G15*H15 -> 2025976.8 | L15: =MIN(J15,K15) -> 2025976.8 | M15: . | N15: =O15/I15 -> 664.662 | O15: 1927121 | P15: =G15*N15 -> 972429 | Q15: =MIN(P15,O15) -> 972429
A16: Grand Rapids* | B16: 60.555305 | C16: 66.005283 | D16: 1.2825248 | E16: =B16/D16 -> 47.215698 | F16: =E16*0.5 -> 23.607849 | G16: =PI()*F16^2 -> 1750.9055 | H16: =J16/I16 -> 830.16257 | I16: 578.2 | J16: 480000 | K16: =G16*H16 -> 1453536.2 | L16: =MIN(J16,K16) -> 480000 | M16: . | N16: =O16/I16 -> 892.0339 | O16: 515774 | P16: =G16*N16 -> 1561867 | Q16: =MIN(P16,O16) -> 515774
A17: Hampton Roads | B17: 59.158545 | C17: 68.032326 | D17: 1.3437943 | E17: =B17/D17 -> 44.023514 | F17: =E17*0.5 -> 22.011757 | G17: =PI()*F17^2 -> 1522.1564 | H17: =J17/I17 -> 823.20088 | I17: 1718.9 | J17: 1415000 | K17: =G17*H17 -> 1253040.5 | L17: =MIN(J17,K17) -> 1253040.5 | M17: . | N17: =O17/I17 -> 318.17034 | O17: 546903 | P17: =G17*N17 -> 484305.03 | Q17: =MIN(P17,O17) -> 484305.03
A18: Hartford | B18: 70.476777 | C18: 76.11492 | D18: 1.3223702 | E18: =B18/D18 -> 53.2958 | F18: =E18*0.5 -> 26.6479 | G18: =PI()*F18^2 -> 2230.8782 | H18: =J18/I18 -> 1344.2151 | I18: 624.9 | J18: 840000 | K18: =G18*H18 -> 2998780.1 | L18: =MIN(J18,K18) -> 840000 | M18: . | N18: =O18/I18 -> 872.53321 | O18: 545246 | P18: =G18*N18 -> 1946515.3 | Q18: =MIN(P18,O18) -> 545246
A19: Honolulu* | B19: 62.589105 | C19: 75.732818 | D19: 1.3847021 | E19: =B19/D19 -> 45.200411 | F19: =E19*0.5 -> 22.600205 | G19: =PI()*F19^2 -> 1604.629 | H19: =J19/I19 -> 1948.7751 | I19: 359.2 | J19: 700000 | K19: =G19*H19 -> 3127061 | L19: =MIN(J19,K19) -> 700000 | M19: . | N19: =O19/I19 -> 861.60078 | O19: 309487 | P19: =G19*N19 -> 1382549.6 | Q19: =MIN(P19,O19) -> 309487
A20: Houston | B20: 61.72194 | C20: 73.449109 | D20: 1.3274916 | E20: =B20/D20 -> 46.495165 | F20: =E20*0.5 -> 23.247582 | G20: =PI()*F20^2 -> 1697.874 | H20: =J20/I20 -> 996.95012 | I20: 3049.3 | J20: 3040000 | K20: =G20*H20 -> 1692695.7 | L20: =MIN(J20,K20) -> 1692695.7 | M20: . | N20: =O20/I20 -> 577.52173 | O20: 1761037 | P20: =G20*N20 -> 980559.14 | Q20: =MIN(P20,O20) -> 980559.14
A21: Indianapolis | B21: 56.481833 | C21: 70.037473 | D21: 1.2722485 | E21: =B21/D21 -> 44.395284 | F21: =E21*0.5 -> 22.197642 | G21: =PI()*F21^2 -> 1547.9736 | H21: =J21/I21 -> 811.10013 | I21: 1214.4 | J21: 985000 | K21: =G21*H21 -> 1255561.6 | L21: =MIN(J21,K21) -> 985000 | M21: . | N21: =O21/I21 -> 628.12912 | O21: 762800 | P21: =G21*N21 -> 972327.29 | Q21: =MIN(P21,O21) -> 762800
A22: Inland Empire | B22: 63.440181 | C22: 74.225012 | D22: 1.3453292 | E22: =B22/D22 -> 47.15588 | F22: =E22*0.5 -> 23.57794 | G22: =PI()*F22^2 -> 1746.4718 | H22: =J22/I22 -> 1191.6751 | I22: 1191.6 | J22: 1420000 | K22: =G22*H22 -> 2081226.9 | L22: =MIN(J22,K22) -> 1420000 | M22: . | N22: =O22/I22 -> 643.63293 | O22: 766953 | P22: =G22*N22 -> 1124086.8 | Q22: =MIN(P22,O22) -> 766953
A23: Jacksonville* | B23: 57.215795 | C23: 68.658954 | D23: 1.3671479 | E23: =B23/D23 -> 41.85048 | F23: =E23*0.5 -> 20.92524 | G23: =PI()*F23^2 -> 1375.5955 | H23: =J23/I23 -> 612.21386 | I23: 1314.9 | J23: 805000 | K23: =G23*H23 -> 842158.66 | L23: =MIN(J23,K23) -> 805000 | M23: . | N23: =O23/I23 -> 349.42505 | O23: 459459 | P23: =G23*N23 -> 480667.55 | Q23: =MIN(P23,O23) -> 459459
A24: Kansas City | B24: 68.436669 | C24: 73.227236 | D24: 1.282665 | E24: =B24/D24 -> 53.355062 | F24: =E24*0.5 -> 26.677531 | G24: =PI()*F24^2 -> 2235.8421 | H24: =J24/I24 -> 674.06619 | I24: 1973.1 | J24: 1330000 | K24: =G24*H24 -> 1507105.6 | L24: =MIN(J24,K24) -> 1330000 | M24: . | N24: =O24/I24 -> 418.47397 | O24: 825691 | P24: =G24*N24 -> 935641.74 | Q24: =MIN(P24,O24) -> 825691
A25: Las Vegas | B25: 52.889872 | C25: 65.583442 | D25: 1.3334071 | E25: =B25/D25 -> 39.66521 | F25: =E25*0.5 -> 19.832605 | G25: =PI()*F25^2 -> 1235.6896 | H25: =J25/I25 -> 1595.2981 | I25: 595.5 | J25: 950000 | K25: =G25*H25 -> 1971293.3 | L25: =MIN(J25,K25) -> 950000 | M25: . | N25: =O25/I25 -> 983.45256 | O25: 585646 | P25: =G25*N25 -> 1215242.1 | Q25: =MIN(P25,O25) -> 585646
A26: Los Angeles | B26: 50.562417 | C26: 71.798632 | D26: 1.2409046 | E26: =B26/D26 -> 40.746416 | F26: =E26*0.5 -> 20.373208 | G26: =PI()*F26^2 -> 1303.9734 | H26: =J26/I26 -> 2374.6391 | I26: 5091.3 | J26: 12090000 | K26: =G26*H26 -> 3096466.1 | L26: =MIN(J26,K26) -> 3096466.1 | M26: . | N26: =O26/I26 -> 975.70581 | O26: =3693537+1274074 -> 4967611 | P26: =G26*N26 -> 1272294.4 | Q26: =MIN(P26,O26) -> 1272294.4
A27: Louisville* | B27: 61.310499 | C27: 71.120178 | D27: 1.3589322 | E27: =B27/D27 -> 45.116672 | F27: =E27*0.5 -> 22.558336 | G27: =PI()*F27^2 -> 1598.689 | H27: =J27/I27 -> 1127.3572 | I27: 731.8 | J27: 825000 | K27: =G27*H27 -> 1802293.6 | L27: =MIN(J27,K27) -> 825000 | M27: . | N27: =O27/I27 -> 674.68844 | O27: 493737 | P27: =G27*N27 -> 1078617 | Q27: =MIN(P27,O27) -> 493737
A28: Memphis | B28: 58.655633 | C28: 65.107753 | D28: 1.331226 | E28: =B28/D28 -> 44.061364 | F28: =E28*0.5 -> 22.030682 | G28: =PI()*F28^2 -> 1524.775 | H28: =J28/I28 -> 1052.8699 | I28: 883.3 | J28: 930000 | K28: =G28*H28 -> 1605389.7 | L28: =MIN(J28,K28) -> 930000 | M28: . | N28: =O28/I28 -> 578.7275 | O28: 511190 | P28: =G28*N28 -> 882429.21 | Q28: =MIN(P28,O28) -> 511190
A29: Milwaukee | B29: 59.418221 | C29: 67.14259 | D29: 1.2176021 | E29: =B29/D29 -> 48.799376 | F29: =E29*0.5 -> 24.399688 | G29: =PI()*F29^2 -> 1870.3308 | H29: =J29/I29 -> 942.68477 | I29: 1326 | J29: 1250000 | K29: =G29*H29 -> 1763132.3 | L29: =MIN(J29,K29) -> 1250000 | M29: . | N29: =O29/I29 -> 580.19759 | O29: 769342 | P29: =G29*N29 -> 1085161.4 | Q29: =MIN(P29,O29) -> 769342
A30: Minneapolis-St.Paul | B30: 61.666325 | C30: 72.1496 | D30: 1.2383391 | E30: =B30/D30 -> 49.797608 | F30: =E30*0.5 -> 24.898804 | G30: =PI()*F30^2 -> 1947.6317 | H30: =J30/I30 -> 806.36374 | I30: 2753.1 | J30: 2220000 | K30: =G30*H30 -> 1570499.6 | L30: =MIN(J30,K30) -> 1570499.6 | M30: . | N30: =O30/I30 -> 558.99059 | O30: 1538957 | P30: =G30*N30 -> 1088707.8 | Q30: =MIN(P30,O30) -> 1088707.8
A31: Nashville | B31: 63.173996 | C31: 71.386616 | D31: 1.3533327 | E31: =B31/D31 -> 46.680315 | F31: =E31*0.5 -> 23.340157 | G31: =PI()*F31^2 -> 1711.4233 | H31: =J31/I31 -> 511.10046 | I31: 1252.2 | J31: 640000 | K31: =G31*H31 -> 874709.22 | L31: =MIN(J31,K31) -> 640000 | M31: . | N31: =O31/I31 -> 488.76777 | O31: 612035 | P31: =G31*N31 -> 836488.53 | Q31: =MIN(P31,O31) -> 612035
A32: New Orleans | B32: 58.965102 | C32: 67.809867 | D32: 1.3763526 | E32: =B32/D32 -> 42.841567 | F32: =E32*0.5 -> 21.420784 | G32: =PI()*F32^2 -> 1441.5197 | H32: =J32/I32 -> 1551.1079 | I32: 699.5 | J32: 1085000 | K32: =G32*H32 -> 2235952.6 | L32: =MIN(J32,K32) -> 1085000 | M32: . | N32: =O32/I32 -> 763.52538 | O32: 534086 | P32: =G32*N32 -> 1100636.9 | Q32: =MIN(P32,O32) -> 534086
A33: New York | B33: 58.662283 | C33: 72.154609 | D33: 1.2603547 | E33: =B33/D33 -> 46.544265 | F33: =E33*0.5 -> 23.272132 | G33: =PI()*F33^2 -> 1701.4619 | H33: =J33/I33 -> 2117.6348 | I33: 7683.1 | J33: 16270000 | K33: =G33*H33 -> 3603074.9 | L33: =MIN(J33,K33) -> 3603074.9 | M33: . | N33: =O33/I33 -> 958.84916 | O33: =3557965+617736+210152+305726+1019809+895963+759583 -> 7366934 | P33: =G33*N33 -> 1631445.3 | Q33: =MIN(P33,O33) -> 1631445.3
A34: Oklahoma City | B34: 65.428156 | C34: 70.008126 | D34: 1.2964578 | E34: =B34/D34 -> 50.466863 | F34: =E34*0.5 -> 25.233431 | G34: =PI()*F34^2 -> 2000.3339 | H34: =J34/I34 -> 447.68101 | I34: 1675.3 | J34: 750000 | K34: =G34*H34 -> 895511.51 | L34: =MIN(J34,K34) -> 750000 | M34: . | N34: =O34/I34 -> 254.5365 | O34: 426425 | P34: =G34*N34 -> 509157.99 | Q34: =MIN(P34,O34) -> 426425
A35: Orlando | B35: 51.610671 | C35: 65.029445 | D35: 1.3247336 | E35: =B35/D35 -> 38.959283 | F35: =E35*0.5 -> 19.479641 | G35: =PI()*F35^2 -> 1192.0975 | H35: =J35/I35 -> 1012.6211 | I35: 1022.1 | J35: 1035000 | K35: =G35*H35 -> 1207143.1 | L35: =MIN(J35,K35) -> 1035000 | M35: . | N35: =O35/I35 -> 729.77693 | O35: 745905 | P35: =G35*N35 -> 869965.28 | Q35: =MIN(P35,O35) -> 745905
A36: Philadelphia | B36: 57.527408 | C36: 67.307067 | D36: 1.2151793 | E36: =B36/D36 -> 47.340674 | F36: =E36*0.5 -> 23.670337 | G36: =PI()*F36^2 -> 1760.1868 | H36: =J36/I36 -> 1548.768 | I36: 3015.3 | J36: 4670000 | K36: =G36*H36 -> 2726120.9 | L36: =MIN(J36,K36) -> 2726120.9 | M36: . | N36: =O36/I36 -> 794.65194 | O36: =2112593+283521 -> 2396114 | P36: =G36*N36 -> 1398735.9 | Q36: =MIN(P36,O36) -> 1398735.9
A37: Phoenix | B37: 55.217531 | C37: 64.604512 | D37: 1.3855039 | E37: =B37/D37 -> 39.853755 | F37: =E37*0.5 -> 19.926878 | G37: =PI()*F37^2 -> 1247.465 | H37: =J37/I37 -> 1156.6114 | I37: 1919.4 | J37: 2220000 | K37: =G37*H37 -> 1442832.3 | L37: =MIN(J37,K37) -> 1442832.3 | M37: . | N37: =O37/I37 -> 663.90487 | O37: 1274299 | P37: =G37*N37 -> 828198.1 | Q37: =MIN(P37,O37) -> 828198.1
A38: Pittsburgh | B38: 60.206378 | C38: 66.227016 | D38: 1.3073565 | E38: =B38/D38 -> 46.051996 | F38: =E38*0.5 -> 23.025998 | G38: =PI()*F38^2 -> 1665.6617 | H38: =J38/I38 -> 880.80588 | I38: 2015.2 | J38: 1775000 | K38: =G38*H38 -> 1467124.6 | L38: =MIN(J38,K38) -> 1467124.6 | M38: . | N38: =O38/I38 -> 499.64371 | O38: 1006882 | P38: =G38*N38 -> 832237.37 | Q38: =MIN(P38,O38) -> 832237.37
A39: Portland | B39: 60.024289 | C39: 72.029147 | D39: 1.4034944 | E39: =B39/D39 -> 42.767743 | F39: =E39*0.5 -> 21.383871 | G39: =PI()*F39^2 -> 1436.5559 | H39: =J39/I39 -> 1323.5148 | I39: 1004.9 | J39: 1330000 | K39: =G39*H39 -> 1901303 | L39: =MIN(J39,K39) -> 1330000 | M39: . | N39: =O39/I39 -> 831.47477 | O39: 835549 | P39: =G39*N39 -> 1194460 | Q39: =MIN(P39,O39) -> 835549
A40: Providence* | B40: 67.445743 | C40: 72.841403 | D40: 1.2391401 | E40: =B40/D40 -> 54.429474 | F40: =E40*0.5 -> 27.214737 | G40: =PI()*F40^2 -> 2326.7951 | H40: =J40/I40 -> 1480.0931 | I40: 773.6 | J40: 1145000 | K40: =G40*H40 -> 3443873.4 | L40: =MIN(J40,K40) -> 1145000 | M40: . | N40: =O40/I40 -> 485.89452 | O40: 375888 | P40: =G40*N40 -> 1130577 | Q40: =MIN(P40,O40) -> 375888
A41: Raleigh* | B41: 61.558628 | C41: 68.330077 | D41: 1.2413604 | E41: =B41/D41 -> 49.58965 | F41: =E41*0.5 -> 24.794825 | G41: =PI()*F41^2 -> 1931.3989 | H41: =J41/I41 -> 1338.6 | I41: 455.7 | J41: 610000 | K41: =G41*H41 -> 2585370.4 | L41: =MIN(J41,K41) -> 610000 | M41: . | N41: =O41/I41 -> 1185.3237 | O41: 540152 | P41: =G41*N41 -> 2289332.8 | Q41: =MIN(P41,O41) -> 540152
A42: Rochester | B42: 71.963113 | C42: 75.561269 | D42: 1.2570038 | E42: =B42/D42 -> 57.249718 | F42: =E42*0.5 -> 28.624859 | G42: =PI()*F42^2 -> 2574.1662 | H42: =J42/I42 -> 1096.6836 | I42: 569.9 | J42: 625000 | K42: =G42*H42 -> 2823046 | L42: =MIN(J42,K42) -> 625000 | M42: . | N42: =O42/I42 -> 799.00333 | O42: 455352 | P42: =G42*N42 -> 2056767.4 | Q42: =MIN(P42,O42) -> 455352
A43: Sacramento | B43: 57.718159 | C43: 69.26179 | D43: 1.4511941 | E43: =B43/D43 -> 39.772873 | F43: =E43*0.5 -> 19.886437 | G43: =PI()*F43^2 -> 1242.4068 | H43: =J43/I43 -> 1434.0234 | I43: 864.7 | J43: 1240000 | K43: =G43*H43 -> 1781640.3 | L43: =MIN(J43,K43) -> 1240000 | M43: . | N43: =O43/I43 -> 583.35492 | O43: 504427 | P43: =G43*N43 -> 724764.1 | Q43: =MIN(P43,O43) -> 504427
A44: Salt Lake City | B44: 58.266152 | C44: 69.33672 | D44: 1.3833656 | E44: =B44/D44 -> 42.119126 | F44: =E44*0.5 -> 21.059563 | G44: =PI()*F44^2 -> 1393.3127 | H44: =J44/I44 -> 1268.8041 | I44: 658.1 | J44: 835000 | K44: =G44*H44 -> 1767840.9 | L44: =MIN(J44,K44) -> 835000 | M44: . | N44: =O44/I44 -> 896.24677 | O44: 589820 | P44: =G44*N44 -> 1248752 | Q44: =MIN(P44,O44) -> 589820
A45: San Antonio | B45: 68.258758 | C45: 75.084634 | D45: 1.3944577 | E45: =B45/D45 -> 48.950039 | F45: =E45*0.5 -> 24.475019 | G45: =PI()*F45^2 -> 1881.8975 | H45: =J45/I45 -> 1075.3636 | I45: 1134.5 | J45: 1220000 | K45: =G45*H45 -> 2023724 | L45: =MIN(J45,K45) -> 1220000 | M45: . | N45: =O45/I45 -> 504.97752 | O45: 572897 | P45: =G45*N45 -> 950315.93 | Q45: =MIN(P45,O45) -> 572897
A46: San Diego | B46: 61.114708 | C46: 73.948797 | D46: 1.4004145 | E46: =B46/D46 -> 43.640443 | F46: =E46*0.5 -> 21.820222 | G46: =PI()*F46^2 -> 1495.7816 | H46: =J46/I46 -> 1429.3706 | I46: 1787.5 | J46: 2555000 | K46: =G46*H46 -> 2138026.3 | L46: =MIN(J46,K46) -> 2138026.3 | M46: . | N46: =O46/I46 -> 537.63021 | O46: 961014 | P46: =G46*N46 -> 804177.38 | Q46: =MIN(P46,O46) -> 804177.38
A47: San Francisco | B47: 56.191337 | C47: 74.172565 | D47: 1.4169329 | E47: =B47/D47 -> 39.657022 | F47: =E47*0.5 -> 19.828511 | G47: =PI()*F47^2 -> 1235.1795 | H47: =J47/I47 -> 1713.8566 | I47: 2263.9 | J47: 3880000 | K47: =G47*H47 -> 2116920.5 | L47: =MIN(J47,K47) -> 2116920.5 | M47: . | N47: =O47/I47 -> 816.73395 | O47: =962037+886967 -> 1849004 | P47: =G47*N47 -> 1008813 | Q47: =MIN(P47,O47) -> 1008813
A48: San Jose | B48: 57.512041 | C48: 71.314931 | D48: 1.4152399 | E48: =B48/D48 -> 40.637662 | F48: =E48*0.5 -> 20.318831 | G48: =PI()*F48^2 -> 1297.0219 | H48: =J48/I48 -> 1768.1953 | I48: 876.6 | J48: 1550000 | K48: =G48*H48 -> 2293388 | L48: =MIN(J48,K48) -> 1550000 | M48: . | N48: =O48/I48 -> 1079.5836 | O48: 946363 | P48: =G48*N48 -> 1400243.6 | Q48: =MIN(P48,O48) -> 946363
A49: Seattle | B49: 56.598099 | C49: 73.011548 | D49: 1.4075781 | E49: =B49/D49 -> 40.209563 | F49: =E49*0.5 -> 20.104782 | G49: =PI()*F49^2 -> 1269.8388 | H49: =J49/I49 -> 1664.8059 | I49: 1522.7 | J49: 2535000 | K49: =G49*H49 -> 2114035.2 | L49: =MIN(J49,K49) -> 2114035.2 | M49: . | N49: =O49/I49 -> 892.90668 | O49: =1169062 +190567 -> 1359629 | P49: =G49*N49 -> 1133847.5 | Q49: =MIN(P49,O49) -> 1133847.5
A50: South Florida | B50: 55.648504 | C50: 69.56063 | D50: 1.2685017 | E50: =B50/D50 -> 43.869474 | F50: =E50*0.5 -> 21.934737 | G50: =PI()*F50^2 -> 1511.5229 | H50: =J50/I50 -> 4685.7894 | I50: 913.4 | J50: 4280000 | K50: =G50*H50 -> 7082677.9 | L50: =MIN(J50,K50) -> 4280000 | M50: . | N50: =O50/I50 -> 1556.351 | O50: =835903+585668 -> 1421571 | P50: =G50*N50 -> 2352460.2 | Q50: =MIN(P50,O50) -> 1421571
A51: St. Louis | B51: 61.48109 | C51: 72.547686 | D51: 1.358629 | E51: =B51/D51 -> 45.252303 | F51: =E51*0.5 -> 22.626151 | G51: =PI()*F51^2 -> 1608.3155 | H51: =J51/I51 -> 1057.7943 | I51: 1886 | J51: 1995000 | K51: =G51*H51 -> 1701266.9 | L51: =MIN(J51,K51) -> 1701266.9 | M51: . | N51: =O51/I51 -> 632.73118 | O51: 1193331 | P51: =G51*N51 -> 1017631.4 | Q51: =MIN(P51,O51) -> 1017631.4
A52: Tampa Bay | B52: 49.704385 | C52: 64.118657 | D52: 1.2742559 | E52: =B52/D52 -> 39.006595 | F52: =E52*0.5 -> 19.503298 | G52: =PI()*F52^2 -> 1194.9947 | H52: =J52/I52 -> 1087.5379 | I52: 1682.7 | J52: 1830000 | K52: =G52*H52 -> 1299602 | L52: =MIN(J52,K52) -> 1299602 | M52: . | N52: =O52/I52 -> 580.54496 | O52: 976883 | P52: =G52*N52 -> 693748.13 | Q52: =MIN(P52,O52) -> 693748.13
A53: Washington | B53: 53.455408 | C53: 69.492031 | D53: 1.2938832 | E53: =B53/D53 -> 41.313936 | F53: =E53*0.5 -> 20.656968 | G53: =PI()*F53^2 -> 1340.5501 | H53: =J53/I53 -> 1434.644 | I53: 2446.6 | J53: 3510000 | K53: =G53*H53 -> 1923212.1 | L53: =MIN(J53,K53) -> 1923212.1 | M53: . | N53: =O53/I53 -> 840.12875 | O53: 2055459 | P53: =G53*N53 -> 1126234.6 | Q53: =MIN(P53,O53) -> 1126234.6
A55: Notes:
A56: 1 Circuity is from a sample of OD points with network distance matched to average commute distance
A57: * Circuitry is from 2001 commute distance; 1995 commute distance unavailable
A59: Data Sources:
A60: Network Speed (congested), Network Speed (freeflow), Population: TTI complete data 1982-2007 (calculated from 1995 values only)
A61: Circuity: Networks are Census Tiger 2008 county-level shapefiles merged together, commute distances are from 1995 NPTS
A62: Urbanized Area: Census 1990 Population and Housing Unit Counts (census.gov)
A63: Employment: 1998 MSA Business Patterns (NAICS - from Censtats)

Sheet 2001
B1: Network Speed (congested) [km/h] | C1: Network Speed (freeflow) [km/h] | D1: Circuity [ ] | E1: Average Airline Speed [km/h] | F1: Airline Radius [km] | G1: Area covered in 30 mins [km2] | H1: Urbanized area density [people/km2] | I1: Urbanized Area [km2] | J1: Population | K1: Accessibility | L1: MinPA,P | M1: . | N1: Employment Density | O1: Employment | P1: Employment Accessibility | Q1: Min EA, E
A2: Area | B2: S_n | D2: C2 | E2: S_a | F2: R_a | G2: A_30 | H2: D_UA | L2: =MIN(J2,K2) -> 0 | Q2: =MIN(P2,O2) -> 0
A3: Atlanta | B3: 52.31679 | C3: 68.53499 | D3: 1.2545032 | E3: =B3/D3 -> 41.703194 | F3: =E3*0.5 -> 20.851597 | G3: =PI()*F3^2 -> 1365.9302 | H3: 540.543 | I3: 5083.0589 | J3: 3850000 | K3: =G3*H3 -> 738344.01 | L3: =MIN(J3,K3) -> 738344.01 | M3: . | N3: =O3/I3 -> 418.87927 | O3: 2129188 | P3: =G3*N3 -> 572159.85 | Q3: =MIN(P3,O3) -> 572159.85
A4: Austin | B4: 53.19888 | C4: 67.56258 | D4: 1.3588387 | E4: =B4/D4 -> 39.150255 | F4: =E4*0.5 -> 19.575128 | G4: =PI()*F4^2 -> 1203.8131 | H4: 741.3162 | I4: 823.94448 | J4: 960000 | K4: =G4*H4 -> 892406.17 | L4: =MIN(J4,K4) -> 892406.17 | M4: . | N4: =O4/I4 -> 704.51955 | O4: 580485 | P4: =G4*N4 -> 848109.88 | Q4: =MIN(P4,O4) -> 580485
A5: Baltimore | B5: 57.5626 | C5: 71.37762 | D5: 1.252585 | E5: =B5/D5 -> 45.955044 | F5: =E5*0.5 -> 22.977522 | G5: =PI()*F5^2 -> 1658.6557 | H5: 1130.18 | I5: 1768.2607 | J5: 2210000 | K5: =G5*H5 -> 1874579.5 | L5: =MIN(J5,K5) -> 1874579.5 | M5: . | N5: =O5/I5 -> 601.54252 | O5: 1063684 | P5: =G5*N5 -> 997751.95 | Q5: =MIN(P5,O5) -> 997751.95
A6: Boston | B6: 60.28802 | C6: 74.15427 | D6: 1.2192841 | E6: =B6/D6 -> 49.445425 | F6: =E6*0.5 -> 24.722712 | G6: =PI()*F6^2 -> 1920.1807 | H6: 780.1243 | I6: 4496.6741 | J6: 3940000 | K6: =G6*H6 -> 1497979.6 | L6: =MIN(J6,K6) -> 1497979.6 | M6: . | N6: =O6/I6 -> 683.91236 | O6: 3075331 | P6: =G6*N6 -> 1313235.3 | Q6: =MIN(P6,O6) -> 1313235.3
A7: Buffalo | B7: 60.07548 | C7: 64.28076 | D7: 1.2197721 | E7: =B7/D7 -> 49.251397 | F7: =E7*0.5 -> 24.625699 | G7: =PI()*F7^2 -> 1905.1404 | H7: 742.2481 | I7: 949.73302 | J7: 1115000 | K7: =G7*H7 -> 1414086.9 | L7: =MIN(J7,K7) -> 1115000 | M7: . | N7: =O7/I7 -> 500.80074 | O7: 475627 | P7: =G7*N7 -> 954095.74 | Q7: =MIN(P7,O7) -> 475627
A8: Charlotte | B8: 54.73937 | C8: 66.78204 | D8: 1.232499 | E8: =B8/D8 -> 44.413317 | F8: =E8*0.5 -> 22.206659 | G8: =PI()*F8^2 -> 1549.2314 | H8: 612.8043 | I8: 1126.4161 | J8: 865000 | K8: =G8*H8 -> 949375.69 | L8: =MIN(J8,K8) -> 865000 | M8: . | N8: =O8/I8 -> 720.43269 | O8: 811507 | P8: =G8*N8 -> 1116117 | Q8: =MIN(P8,O8) -> 811507
A9: Chicago | B9: 47.50277 | C9: 64.12874 | D9: 1.2285083 | E9: =B9/D9 -> 38.667032 | F9: =E9*0.5 -> 19.333516 | G9: =PI()*F9^2 -> 1174.2797 | H9: 1111.92 | I9: 5498.057 | J9: 8150000 | K9: =G9*H9 -> 1305705.1 | L9: =MIN(J9,K9) -> 1305705.1 | M9: . | N9: =O9/I9 -> 762.04903 | O9: =3915405+225650+48734 -> 4189789 | P9: =G9*N9 -> 894858.73 | Q9: =MIN(P9,O9) -> 894858.73
A10: Cincinnati | B10: 59.70134 | C10: 70.44758 | D10: 1.3292592 | E10: =B10/D10 -> 44.913242 | F10: =E10*0.5 -> 22.456621 | G10: =PI()*F10^2 -> 1584.3046 | H10: 725.1187 | I10: 1739.8649 | J10: 1540000 | K10: =G10*H10 -> 1148808.9 | L10: =MIN(J10,K10) -> 1148808.9 | M10: . | N10: =O10/I10 -> 537.37105 | O10: =820201+114752 -> 934953 | P10: =G10*N10 -> 851359.42 | Q10: =MIN(P10,O10) -> 851359.42
A11: Cleveland | B11: 62.77554 | C11: 69.05309 | D11: 1.1958825 | E11: =B11/D11 -> 52.493067 | F11: =E11*0.5 -> 26.246533 | G11: =PI()*F11^2 -> 2164.182 | H11: 820.467 | I11: 1675.7263 | J11: 1785000 | K11: =G11*H11 -> 1775639.9 | L11: =MIN(J11,K11) -> 1775639.9 | M11: . | N11: =O11/I11 -> 643.10978 | O11: 1077676 | P11: =G11*N11 -> 1391806.6 | Q11: =MIN(P11,O11) -> 1077676
A12: Columbus | B12: 60.79675 | C12: 71.13219 | D12: 1.2517998 | E12: =B12/D12 -> 48.56747 | F12: =E12*0.5 -> 24.283735 | G12: =PI()*F12^2 -> 1852.5965 | H12: 793.0747 | I12: 1030.0578 | J12: 1140000 | K12: =G12*H12 -> 1469247.4 | L12: =MIN(J12,K12) -> 1140000 | M12: . | N12: =O12/I12 -> 750.93647 | O12: 773508 | P12: =G12*N12 -> 1391182.3 | Q12: =MIN(P12,O12) -> 773508
A13: Dallas-Fort Worth | B13: 56.96404 | C13: 70.06577 | D13: 1.2688045 | E13: =B13/D13 -> 44.895839 | F13: =E13*0.5 -> 22.447919 | G13: =PI()*F13^2 -> 1583.0771 | H13: 831.1357 | I13: 3644.2179 | J13: 4090000 | K13: =G13*H13 -> 1315751.9 | L13: =MIN(J13,K13) -> 1315751.9 | M13: . | N13: =O13/I13 -> 713.75617 | O13: =1915132+685951 -> 2601083 | P13: =G13*N13 -> 1129931 | Q13: =MIN(P13,O13) -> 1129931
A14: Denver | B14: 50.87279 | C14: 67.15208 | D14: 1.3463144 | E14: =B14/D14 -> 37.786709 | F14: =E14*0.5 -> 18.893354 | G14: =PI()*F14^2 -> 1121.4193 | H14: 919.8315 | I14: 1291.906 | J14: 2025000 | K14: =G14*H14 -> 1031516.8 | L14: =MIN(J14,K14) -> 1031516.8 | M14: . | N14: =O14/I14 -> 836.36813 | O14: 1080509 | P14: =G14*N14 -> 937919.34 | Q14: =MIN(P14,O14) -> 937919.34
A15: Detroit | B15: 50.51411 | C15: 65.16321 | D15: 1.2231188 | E15: =B15/D15 -> 41.299429 | F15: =E15*0.5 -> 20.649715 | G15: =PI()*F15^2 -> 1339.6088 | H15: 1127.53 | I15: 3267.1409 | J15: 4030000 | K15: =G15*H15 -> 1510449.1 | L15: =MIN(J15,K15) -> 1510449.1 | M15: . | N15: =O15/I15 -> 597.8524 | O15: 1953268 | P15: =G15*N15 -> 800888.31 | Q15: =MIN(P15,O15) -> 800888.31
A16: Grand Rapids | B16: 56.839146 | C16: 63.091452 | D16: 1.2876333 | E16: =B16/D16 -> 44.142338 | F16: =E16*0.5 -> 22.071169 | G16: =PI()*F16^2 -> 1530.3844 | H16: 1048.9459 | I16: 666.54415 | J16: 555000 | K16: =G16*H16 -> 1605290.6 | L16: =MIN(J16,K16) -> 555000 | M16: . | N16: =O16/I16 -> 796.59389 | O16: 530965 | P16: =G16*N16 -> 1219094.9 | Q16: =MIN(P16,O16) -> 530965
A17: Hampton Roads | B17: 54.51603 | C17: 64.32891 | D17: 1.3149722 | E17: =B17/D17 -> 41.457935 | F17: =E17*0.5 -> 20.728967 | G17: =PI()*F17^2 -> 1349.9112 | H17: 595.8125 | I17: 1364.4099 | J17: 1520000 | K17: =G17*H17 -> 804293.97 | L17: =MIN(J17,K17) -> 804293.97 | M17: . | N17: =O17/I17 -> 420.42645 | O17: 573634 | P17: =G17*N17 -> 567538.38 | Q17: =MIN(P17,O17) -> 567538.38
A18: Hartford | B18: 68.56857 | C18: 75.42543 | D18: 1.318605 | E18: =B18/D18 -> 52.000843 | F18: =E18*0.5 -> 26.000422 | G18: =PI()*F18^2 -> 2123.7855 | H18: 616.3466 | I18: 1215.5915 | J18: 870000 | K18: =G18*H18 -> 1308988 | L18: =MIN(J18,K18) -> 870000 | M18: . | N18: =O18/I18 -> 467.19724 | O18: 567921 | P18: =G18*N18 -> 992226.72 | Q18: =MIN(P18,O18) -> 567921
A19: Honolulu | B19: 58.403203 | C19: 68.915779 | D19: 1.5656731 | E19: =B19/D19 -> 37.302297 | F19: =E19*0.5 -> 18.651149 | G19: =PI()*F19^2 -> 1092.8512 | H19: 1930.5094 | I19: 399.17986 | J19: 700000 | K19: =G19*H19 -> 2109759.5 | L19: =MIN(J19,K19) -> 700000 | M19: . | N19: =O19/I19 -> 802.79853 | O19: 320461 | P19: =G19*N19 -> 877339.34 | Q19: =MIN(P19,O19) -> 320461
A20: Houston | B20: 53.7673 | C20: 68.82214 | D20: 1.3120577 | E20: =B20/D20 -> 40.979371 | F20: =E20*0.5 -> 20.489685 | G20: =PI()*F20^2 -> 1318.9261 | H20: 778.6393 | I20: 3354.7213 | J20: 3630000 | K20: =G20*H20 -> 1026967.7 | L20: =MIN(J20,K20) -> 1026967.7 | M20: . | N20: =O20/I20 -> 557.65586 | O20: 1870780 | P20: =G20*N20 -> 735506.84 | Q20: =MIN(P20,O20) -> 735506.84
A21: Indianapolis | B21: 53.33619 | C21: 65.07016 | D21: 1.2553195 | E21: =B21/D21 -> 42.488138 | F21: =E21*0.5 -> 21.244069 | G21: =PI()*F21^2 -> 1417.8337 | H21: 795.3705 | I21: 1432.0576 | J21: 1030000 | K21: =G21*H21 -> 1127703.1 | L21: =MIN(J21,K21) -> 1030000 | M21: . | N21: =O21/I21 -> 568.0393 | O21: 813465 | P21: =G21*N21 -> 805385.24 | Q21: =MIN(P21,O21) -> 805385.24
A22: Inland Empire1 | B22: 57.81975 | C22: 71.69648 | D22: 1.3322188 | E22: =B22/D22 -> 43.401092 | F22: =E22*0.5 -> 21.700546 | G22: =PI()*F22^2 -> 1479.419 | H22: 1048.911 | I22: 1136.4228 | J22: 1630000 | K22: =G22*H22 -> 1551778.9 | L22: =MIN(J22,K22) -> 1551778.9 | M22: . | N22: =O22/I22 -> 772.15541 | O22: 877495 | P22: =G22*N22 -> 1142341.4 | Q22: =MIN(P22,O22) -> 877495
A23: Jacksonville | B23: 54.3979 | C23: 63.64554 | D23: 1.3671479 | E23: =B23/D23 -> 39.789331 | F23: =E23*0.5 -> 19.894666 | G23: =PI()*F23^2 -> 1243.4352 | H23: 464.3661 | I23: 1063.2316 | J23: 890000 | K23: =G23*H23 -> 577409.15 | L23: =MIN(J23,K23) -> 577409.15 | M23: . | N23: =O23/I23 -> 467.65164 | O23: 497222 | P23: =G23*N23 -> 581494.5 | Q23: =MIN(P23,O23) -> 497222
A24: Kansas City | B24: 63.34106 | C24: 69.04175 | D24: 1.3058059 | E24: =B24/D24 -> 48.507255 | F24: =E24*0.5 -> 24.253628 | G24: =PI()*F24^2 -> 1848.0056 | H24: 534.1705 | I24: 1513.627 | J24: 1425000 | K24: =G24*H24 -> 987150.07 | L24: =MIN(J24,K24) -> 987150.07 | M24: . | N24: =O24/I24 -> 588.92447 | O24: 891412 | P24: =G24*N24 -> 1088335.7 | Q24: =MIN(P24,O24) -> 891412
A25: Las Vegas | B25: 50.76474 | C25: 64.47121 | D25: 1.3395993 | E25: =B25/D25 -> 37.895466 | F25: =E25*0.5 -> 18.947733 | G25: =PI()*F25^2 -> 1127.8839 | H25: 1701.467 | I25: 740.49811 | J25: 1300000 | K25: =G25*H25 -> 1919057.2 | L25: =MIN(J25,K25) -> 1300000 | M25: . | N25: =O25/I25 -> 934.33729 | O25: 691875 | P25: =G25*N25 -> 1053824 | Q25: =MIN(P25,O25) -> 691875
A26: Los Angeles | B26: 47.96656 | C26: 70.9905 | D26: 1.3322188 | E26: =B26/D26 -> 36.005017 | F26: =E26*0.5 -> 18.002509 | G26: =PI()*F26^2 -> 1018.1598 | H26: 2155.593 | I26: 4319.9303 | J26: 12450000 | K26: =G26*H26 -> 2194738.1 | L26: =MIN(J26,K26) -> 2194738.1 | M26: . | N26: =O26/I26 -> 1226.6024 | O26: =3889686+1409151 -> 5298837 | P26: =G26*N26 -> 1248877.2 | Q26: =MIN(P26,O26) -> 1248877.2
A27: Louisville | B27: 57.96375 | C27: 68.97688 | D27: 1.3589322 | E27: =B27/D27 -> 42.653894 | F27: =E27*0.5 -> 21.326947 | G27: =PI()*F27^2 -> 1428.9178 | H27: 763.3284 | I27: 1013.4551 | J27: 860000 | K27: =G27*H27 -> 1090733.6 | L27: =MIN(J27,K27) -> 860000 | M27: . | N27: =O27/I27 -> 509.17498 | O27: 516026 | P27: =G27*N27 -> 727569.21 | Q27: =MIN(P27,O27) -> 516026
A28: Memphis | B28: 57.32139 | C28: 64.77317 | D28: 1.3251324 | E28: =B28/D28 -> 43.257105 | F28: =E28*0.5 -> 21.628553 | G28: =PI()*F28^2 -> 1469.6191 | H28: 772.2043 | I28: 1035.5225 | J28: 980000 | K28: =G28*H28 -> 1134846.2 | L28: =MIN(J28,K28) -> 980000 | M28: . | N28: =O28/I28 -> 519.02878 | O28: 537466 | P28: =G28*N28 -> 762774.61 | Q28: =MIN(P28,O28) -> 537466
A29: Milwaukee | B29: 57.25628 | C29: 65.84471 | D29: 1.2147109 | E29: =B29/D29 -> 47.135727 | F29: =E29*0.5 -> 23.567864 | G29: =PI()*F29^2 -> 1744.9794 | H29: 931.9707 | I29: 1261.4412 | J29: 1400000 | K29: =G29*H29 -> 1626269.7 | L29: =MIN(J29,K29) -> 1400000 | M29: . | N29: =O29/I29 -> 619.65949 | O29: 781664 | P29: =G29*N29 -> 1081293 | Q29: =MIN(P29,O29) -> 781664
A30: Minneapolis-St.Paul | B30: 55.30265 | C30: 69.68134 | D30: 1.2298335 | E30: =B30/D30 -> 44.967592 | F30: =E30*0.5 -> 22.483796 | G30: =PI()*F30^2 -> 1588.1413 | H30: 756.6357 | I30: 2316.0156 | J30: 2430000 | K30: =G30*H30 -> 1201644.4 | L30: =MIN(J30,K30) -> 1201644.4 | M30: . | N30: =O30/I30 -> 709.14809 | O30: 1642398 | P30: =G30*N30 -> 1126227.4 | Q30: =MIN(P30,O30) -> 1126227.4
A31: Nashville | B31: 60.80458 | C31: 70.53332 | D31: 1.3726075 | E31: =B31/D31 -> 44.298592 | F31: =E31*0.5 -> 22.149296 | G31: =PI()*F31^2 -> 1541.2381 | H31: 455.8151 | I31: 1115.6883 | J31: 850000 | K31: =G31*H31 -> 702519.59 | L31: =MIN(J31,K31) -> 702519.59 | M31: . | N31: =O31/I31 -> 568.951 | O31: 634772 | P31: =G31*N31 -> 876888.95 | Q31: =MIN(P31,O31) -> 634772
A32: New Orleans | B32: 56.71207 | C32: 65.21888 | D32: 1.3418186 | E32: =B32/D32 -> 42.265079 | F32: =E32*0.5 -> 21.13254 | G32: =PI()*F32^2 -> 1402.9857 | H32: 1342.165 | I32: 512.39266 | J32: 1095000 | K32: =G32*H32 -> 1883038.3 | L32: =MIN(J32,K32) -> 1095000 | M32: . | N32: =O32/I32 -> 1056.4398 | O32: 541312 | P32: =G32*N32 -> 1482170 | Q32: =MIN(P32,O32) -> 541312
A33: New York | B33: 51.8687 | C33: 66.91063 | D33: 1.2505759 | E33: =B33/D33 -> 41.47585 | F33: =E33*0.5 -> 20.737925 | G33: =PI()*F33^2 -> 1351.0782 | H33: 1475.768 | I33: 8683.2033 | J33: 17200000 | K33: =G33*H33 -> 1993877.9 | L33: =MIN(J33,K33) -> 1993877.9 | M33: . | N33: =O33/I33 -> 908.0232 | O33: =3845734+647143+223496+331771+1100827+943220+792359 -> 7884550 | P33: =G33*N33 -> 1226810.3 | Q33: =MIN(P33,O33) -> 1226810.3
A34: Oklahoma City | B34: 59.51772 | C34: 65.46949 | D34: 1.2823721 | E34: =B34/D34 -> 46.412207 | F34: =E34*0.5 -> 23.206104 | G34: =PI()*F34^2 -> 1691.8207 | H34: 584.5659 | I34: 834.88805 | J34: 810000 | K34: =G34*H34 -> 988980.68 | L34: =MIN(J34,K34) -> 810000 | M34: . | N34: =O34/I34 -> 528.7128 | O34: 441416 | P34: =G34*N34 -> 894487.26 | Q34: =MIN(P34,O34) -> 441416
A35: Orlando | B35: 45.74069 | C35: 60.83512 | D35: 1.323813 | E35: =B35/D35 -> 34.552229 | F35: =E35*0.5 -> 17.276115 | G35: =PI()*F35^2 -> 937.65273 | H35: 708.8145 | I35: 1173.7605 | J35: 1230000 | K35: =G35*H35 -> 664621.85 | L35: =MIN(J35,K35) -> 664621.85 | M35: . | N35: =O35/I35 -> 697.01275 | O35: 818126 | P35: =G35*N35 -> 653555.91 | Q35: =MIN(P35,O35) -> 653555.91
A36: Philadelphia | B36: 52.86588 | C36: 66.61101 | D36: 1.2151793 | E36: =B36/D36 -> 43.504592 | F36: =E36*0.5 -> 21.752296 | G36: =PI()*F36^2 -> 1486.4835 | H36: 942.2731 | I36: 4660.7165 | J36: 5125000 | K36: =G36*H36 -> 1400673.4 | L36: =MIN(J36,K36) -> 1400673.4 | M36: . | N36: =O36/I36 -> 547.27079 | O36: =2237898+312776 -> 2550674 | P36: =G36*N36 -> 813508.99 | Q36: =MIN(P36,O36) -> 813508.99
A37: Phoenix | B37: 52.44265 | C37: 67.12659 | D37: 1.3591592 | E37: =B37/D37 -> 38.584626 | F37: =E37*0.5 -> 19.292313 | G37: =PI()*F37^2 -> 1169.2799 | H37: 990.8817 | I37: 2069.4187 | J37: 2900000 | K37: =G37*H37 -> 1158618 | L37: =MIN(J37,K37) -> 1158618 | M37: . | N37: =O37/I37 -> 677.88603 | O37: 1402830 | P37: =G37*N37 -> 792638.48 | Q37: =MIN(P37,O37) -> 792638.48
A38: Pittsburgh | B38: 58.55113 | C38: 64.40624 | D38: 1.3100772 | E38: =B38/D38 -> 44.692884 | F38: =E38*0.5 -> 22.346442 | G38: =PI()*F38^2 -> 1568.7966 | H38: 603.0711 | I38: 2207.6966 | J38: 1765000 | K38: =G38*H38 -> 946095.89 | L38: =MIN(J38,K38) -> 946095.89 | M38: . | N38: =O38/I38 -> 470.46366 | O38: 1038641 | P38: =G38*N38 -> 738061.78 | Q38: =MIN(P38,O38) -> 738061.78
A39: Portland | B39: 53.08795 | C39: 67.95258 | D39: 1.3917707 | E39: =B39/D39 -> 38.144179 | F39: =E39*0.5 -> 19.072089 | G39: =PI()*F39^2 -> 1142.7373 | H39: 1192.044 | I39: 1227.5103 | J39: 1590000 | K39: =G39*H39 -> 1362193.2 | L39: =MIN(J39,K39) -> 1362193.2 | M39: . | N39: =O39/I39 -> 714.74674 | O39: 877359 | P39: =G39*N39 -> 816767.78 | Q39: =MIN(P39,O39) -> 816767.78
A40: Providence | B40: 62.4824 | C40: 71.22993 | D40: 1.2391401 | E40: =B40/D40 -> 50.424 | F40: =E40*0.5 -> 25.212 | G40: =PI()*F40^2 -> 1996.9375 | H40: 595.1384 | I40: 1304.4013 | J40: 1210000 | K40: =G40*H40 -> 1188454.2 | L40: =MIN(J40,K40) -> 1188454.2 | M40: . | N40: =O40/I40 -> 482.4474 | O40: 629305 | P40: =G40*N40 -> 963417.29 | Q40: =MIN(P40,O40) -> 629305
A41: Raleigh | B41: 61.62895 | C41: 70.25701 | D41: 1.2413604 | E41: =B41/D41 -> 49.6463 | F41: =E41*0.5 -> 24.82315 | G41: =PI()*F41^2 -> 1935.8141 | H41: 484.1599 | I41: 827.79291 | J41: 790000 | K41: =G41*H41 -> 937243.57 | L41: =MIN(J41,K41) -> 790000 | M41: . | N41: =O41/I41 -> 742.45019 | O41: 614595 | P41: =G41*N41 -> 1437245.6 | Q41: =MIN(P41,O41) -> 614595
A42: Rochester | B42: 62.089398 | C42: 65.814761 | D42: 1.2673101 | E42: =B42/D42 -> 48.99306 | F42: =E42*0.5 -> 24.49653 | G42: =PI()*F42^2 -> 1885.2069 | H42: 723.26126 | I42: 764.44365 | J42: 665000 | K42: =G42*H42 -> 1363497.1 | L42: =MIN(J42,K42) -> 665000 | M42: . | N42: =O42/I42 -> 595.4448 | O42: 455184 | P42: =G42*N42 -> 1122536.6 | Q42: =MIN(P42,O42) -> 455184
A43: Sacramento | B43: 53.29741 | C43: 67.68771 | D43: 1.4087461 | E43: =B43/D43 -> 37.833225 | F43: =E43*0.5 -> 18.916613 | G43: =PI()*F43^2 -> 1124.182 | H43: 1367.639 | I43: 955.78454 | J43: 1470000 | K43: =G43*H43 -> 1537475.1 | L43: =MIN(J43,K43) -> 1470000 | M43: . | N43: =O43/I43 -> 612.25828 | O43: 585187 | P43: =G43*N43 -> 688289.71 | Q43: =MIN(P43,O43) -> 585187
A44: Salt Lake City | B44: 52.23418 | C44: 63.7257 | D44: 1.4286295 | E44: =B44/D44 -> 36.562439 | F44: =E44*0.5 -> 18.281219 | G44: =PI()*F44^2 -> 1049.9296 | H44: 899.2759 | I44: 597.56598 | J44: 920000 | K44: =G44*H44 -> 944176.41 | L44: =MIN(J44,K44) -> 920000 | M44: . | N44: =O44/I44 -> 1022.9582 | O44: 611285 | P44: =G44*N44 -> 1074034.1 | Q44: =MIN(P44,O44) -> 611285
A45: San Antonio | B45: 59.60624 | C45: 71.52749 | D45: 1.3773597 | E45: =B45/D45 -> 43.275726 | F45: =E45*0.5 -> 21.637863 | G45: =PI()*F45^2 -> 1470.8846 | H45: 935.5552 | I45: 1055.5735 | J45: 1260000 | K45: =G45*H45 -> 1376093.8 | L45: =MIN(J45,K45) -> 1260000 | M45: . | N45: =O45/I45 -> 601.99786 | O45: 635453 | P45: =G45*N45 -> 885469.4 | Q45: =MIN(P45,O45) -> 635453
A46: San Diego | B46: 53.16983 | C46: 70.71587 | D46: 1.4004145 | E46: =B46/D46 -> 37.96721 | F46: =E46*0.5 -> 18.983605 | G46: =PI()*F46^2 -> 1132.1585 | H46: 1412.321 | I46: 2026.112 | J46: 2780000 | K46: =G46*H46 -> 1598971.3 | L46: =MIN(J46,K46) -> 1598971.3 | M46: . | N46: =O46/I46 -> 533.91026 | O46: 1081762 | P46: =G46*N46 -> 604471.06 | Q46: =MIN(P46,O46) -> 604471.06
A47: San Francisco | B47: 53.32521 | C47: 72.52228 | D47: 1.4605973 | E47: =B47/D47 -> 36.509181 | F47: =E47*0.5 -> 18.25459 | G47: =PI()*F47^2 -> 1046.8731 | H47: 1233.717 | I47: 1107.7471 | J47: 4090000 | K47: =G47*H47 -> 1291545.2 | L47: =MIN(J47,K47) -> 1291545.2 | M47: . | N47: =O47/I47 -> 1849.248 | O47: =1048438+1000061 -> 2048499 | P47: =G47*N47 -> 1935928 | Q47: =MIN(P47,O47) -> 1935928
A48: San Jose1 | B48: 50.66389 | C48: 67.88962 | D48: 1.4605973 | E48: =B48/D48 -> 34.687104 | F48: =E48*0.5 -> 17.343552 | G48: =PI()*F48^2 -> 944.98731 | H48: 1658.259 | I48: 673.68371 | J48: 1675000 | K48: =G48*H48 -> 1567033.7 | L48: =MIN(J48,K48) -> 1567033.7 | M48: . | N48: =O48/I48 -> 1548.2013 | O48: 1042998 | P48: =G48*N48 -> 1463030.6 | Q48: =MIN(P48,O48) -> 1042998
A49: Seattle | B49: 58.18665 | C49: 73.89704 | D49: 1.4023949 | E49: =B49/D49 -> 41.490918 | F49: =E49*0.5 -> 20.745459 | G49: =PI()*F49^2 -> 1352.06 | H49: 856.6154 | I49: 2469.8811 | J49: 2740000 | K49: =G49*H49 -> 1158195.4 | L49: =MIN(J49,K49) -> 1158195.4 | M49: . | N49: =O49/I49 -> 599.91348 | O49: 1481715 | P49: =G49*N49 -> 811119.03 | Q49: =MIN(P49,O49) -> 811119.03
A50: South Florida | B50: 59.82909 | C50: 81.36757 | D50: 1.2685017 | E50: =B50/D50 -> 47.165162 | F50: =E50*0.5 -> 23.582581 | G50: =PI()*F50^2 -> 1747.1594 | H50: 1147.902 | I50: 2890.6685 | J50: 4965000 | K50: =G50*H50 -> 2005567.8 | L50: =MIN(J50,K50) -> 2005567.8 | M50: . | N50: =O50/I50 -> 514.04512 | O50: =845720+640214 -> 1485934 | P50: =G50*N50 -> 898118.78 | Q50: =MIN(P50,O50) -> 898118.78
A51: St. Louis | B51: 56.50248 | C51: 66.67293 | D51: 1.3553298 | E51: =B51/D51 -> 41.689099 | F51: =E51*0.5 -> 20.84455 | G51: =PI()*F51^2 -> 1365.0071 | H51: 699.066 | I51: 2146.9741 | J51: 2055000 | K51: =G51*H51 -> 954230.03 | L51: =MIN(J51,K51) -> 954230.03 | M51: . | N51: =O51/I51 -> 568.53085 | O51: 1220621 | P51: =G51*N51 -> 776048.62 | Q51: =MIN(P51,O51) -> 776048.62
A52: Tampa Bay | B52: 47.58084 | C52: 59.95186 | D52: 1.29 | E52: =B52/D52 -> 36.884372 | F52: =E52*0.5 -> 18.442186 | G52: =PI()*F52^2 -> 1068.5004 | H52: 576.2719 | I52: 2077.8744 | J52: 2000000 | K52: =G52*H52 -> 615746.73 | L52: =MIN(J52,K52) -> 615746.73 | M52: . | N52: =O52/I52 -> 501.91291 | O52: 1042912 | P52: =G52*N52 -> 536294.12 | Q52: =MIN(P52,O52) -> 536294.12
A53: Washington | B53: 49.55658 | C53: 67.39695 | D53: 1.3045456 | E53: =B53/D53 -> 37.987619 | F53: =E53*0.5 -> 18.993809 | G53: =PI()*F53^2 -> 1133.376 | H53: 1265.034 | I53: 2996.0093 | J53: 4030000 | K53: =G53*H53 -> 1433759.2 | L53: =MIN(J53,K53) -> 1433759.2 | M53: . | N53: =O53/I53 -> 760.55704 | O53: 2278636 | P53: =G53*N53 -> 861997.12 | Q53: =MIN(P53,O53) -> 861997.12
A56: Notes:
A57: 1 Los Angeles-Inland Empire and San Francisco-San Jose were combined for the circuity analysis
A58: 2 Circuity is from a sample of OD points with network distance matched to average commute distance
A60: Data Sources:
A61: Network Speed (congested), Network Speed (freeflow), Population: TTI complete data 1982-2007 (calculated from 2001 values only), FHWA data on highway usage in 2001
A62: Circuity: Networks are Census Tiger 2008 county-level shapefiles merged together, commute distances are from 2001 NHTS
A63: Urbanized Area: Census 2000 Urbanized Area (census.gov)
A64: Employment: 2001 MSA Business Patterns (NAICS - from Censtats)

Sheet 2010-10
A1: =1/6 -> 0.16666667 | B1: Network Speed (congested) [km/h] | C1: Network Speed (freeflow) [km/h] | D1: 10 Minute Distance | E1: Circuity [ ] | F1: Average Airline Speed [km/h] | G1: Airline Radius [km] | H1: Area covered in $A$1$ hrs [km2] | I1: Urbanized area density [people/km2] | J1: Area [km2] | K1: Population | L1: Accessibility | M1: MinPA,P | N1: . | O1: Employment Density | P1: Employment | Q1: Employment Accessibility | R1: Min EA, E
A2: Area | B2: S_n | C2: S_f | E2: C3 | F2: S_a | G2: R_a | H2: A_X | I2: D_UA | J2: Area | K2: Pop | L2: A_P | M2: MinA_P | N2: . | O2: D_Emp | P2: Emp | Q2: A_E | R2: MinA_E
A3: Atlanta | B3: 57.43675 | C3: 68.14325 | D3: =C3*$A$1*1000 -> 11357.208 | E3: ='Interval Circuities'!B3 -> 1.3810679 | F3: =B3/E3 -> 41.58865 | G3: =F3*$A$1 -> 6.9314417 | H3: =PI()*G3^2 -> 150.93745 | I3: =K3/J3 -> 659.04777 | J3: 6851.429 | K3: 4515419 | L3: =H3*I3 -> 99474.993 | M3: =MIN(K3,L3) -> 99474.993 | N3: . | O3: =P3/J3 -> 323.74122 | P3: 2218090 | Q3: =H3*O3 -> 48864.676 | R3: =MIN(Q3,P3) -> 48864.676
A4: Austin | B4: 62.91075 | C4: 76.75675 | D4: =C4*$A$1*1000 -> 12792.792 | E4: ='Interval Circuities'!B4 -> 1.4404459 | F4: =B4/E4 -> 43.674498 | G4: =F4*$A$1 -> 7.279083 | H4: =PI()*G4^2 -> 166.45744 | I4: =K4/J4 -> 1005.7321 | J4: 1354.651 | K4: 1362416 | L4: =H4*I4 -> 167411.59 | M4: =MIN(K4,L4) -> 167411.59 | N4: . | O4: =P4/J4 -> 484.29964 | P4: 656057 | Q4: =H4*O4 -> 80615.278 | R4: =MIN(Q4,P4) -> 80615.278
A5: Baltimore2 | B5: 59.8115 | C5: 68.62625 | D5: =C5*$A$1*1000 -> 11437.708 | E5: ='Interval Circuities'!B5 -> 1.382295 | F5: =B5/E5 -> 43.269708 | G5: =F5*$A$1 -> 7.211618 | H5: =PI()*G5^2 -> 163.38617 | I5: =K5/J5 -> 1186.6066 | J5: 1857.1133 | K5: 2203663 | L5: =H5*I5 -> 193875.12 | M5: =MIN(K5,L5) -> 193875.12 | N5: . | O5: =P5/J5 -> 604.12037 | P5: 1121920 | Q5: =H5*O5 -> 98704.915 | R5: =MIN(Q5,P5) -> 98704.915
A6: Boston | B6: 53.613 | C6: 62.8705 | D6: =C6*$A$1*1000 -> 10478.417 | E6: ='Interval Circuities'!B6 -> 1.3221708 | F6: =B6/E6 -> 40.549224 | G6: =F6*$A$1 -> 6.758204 | H6: =PI()*G6^2 -> 143.48697 | I6: =K6/J6 -> 861.67002 | J6: 4852.2275 | K6: 4181019 | L6: =H6*I6 -> 123638.42 | M6: =MIN(K6,L6) -> 123638.42 | N6: . | O6: =P6/J6 -> 598.22978 | P6: =2341938+286024+61431+22699+190655 -> 2902747 | Q6: =H6*O6 -> 85838.179 | R6: =MIN(Q6,P6) -> 85838.179
A7: Buffalo | B7: 63.434 | C7: 70.23625 | D7: =C7*$A$1*1000 -> 11706.042 | E7: ='Interval Circuities'!B7 -> 1.2726128 | F7: =B7/E7 -> 49.845483 | G7: =F7*$A$1 -> 8.3075804 | H7: =PI()*G7^2 -> 216.81982 | I7: =K7/J7 -> 951.10926 | J7: 984.01524 | K7: 935906 | L7: =H7*I7 -> 206219.34 | M7: =MIN(K7,L7) -> 206219.34 | N7: . | O7: =P7/J7 -> 476.95704 | P7: 469333 | Q7: =H7*O7 -> 103413.74 | R7: =MIN(Q7,P7) -> 103413.74
A8: Charlotte | B8: 61.2605 | C8: 70.79975 | D8: =C8*$A$1*1000 -> 11799.958 | E8: ='Interval Circuities'!B8 -> 1.3548292 | F8: =B8/E8 -> 45.2164 | G8: =F8*$A$1 -> 7.5360667 | H8: =PI()*G8^2 -> 178.41828 | I8: =K8/J8 -> 650.59688 | J8: 1920.4549 | K8: 1249442 | L8: =H8*I8 -> 116078.38 | M8: =MIN(K8,L8) -> 116078.38 | N8: . | O8: =P8/J8 -> 424.53014 | P8: 815291 | Q8: =H8*O8 -> 75743.936 | R8: =MIN(Q8,P8) -> 75743.936
A9: Chicago | B9: 49.266 | C9: 60.49575 | D9: =C9*$A$1*1000 -> 10082.625 | E9: ='Interval Circuities'!B9 -> 1.3236002 | F9: =B9/E9 -> 37.221209 | G9: =F9*$A$1 -> 6.2035348 | H9: =PI()*G9^2 -> 120.90056 | I9: =K9/J9 -> 1360.6187 | J9: 6326.6863 | K9: 8608208 | L9: =H9*I9 -> 164499.57 | M9: =MIN(K9,L9) -> 164499.57 | N9: . | O9: =P9/J9 -> 661.5068 | P9: 4185146 | Q9: =H9*O9 -> 79976.542 | R9: =MIN(Q9,P9) -> 79976.542
A10: Cincinnati | B10: 66.8955 | C10: 72.5305 | D10: =C10*$A$1*1000 -> 12088.417 | E10: ='Interval Circuities'!B10 -> 1.4101242 | F10: =B10/E10 -> 47.439437 | G10: =F10*$A$1 -> 7.9065728 | H10: =PI()*G10^2 -> 196.39319 | I10: =K10/J10 -> 796.39106 | J10: 2040.2376 | K10: 1624827 | L10: =H10*I10 -> 156405.78 | M10: =MIN(K10,L10) -> 156405.78 | N10: . | O10: =P10/J10 -> 464.30965 | P10: 947302 | Q10: =H10*O10 -> 91187.251 | R10: =MIN(Q10,P10) -> 91187.251
A11: Cleveland | B11: 66.332 | C11: 73.0135 | D11: =C11*$A$1*1000 -> 12168.917 | E11: ='Interval Circuities'!B11 -> 1.2785144 | F11: =B11/E11 -> 51.882089 | G11: =F11*$A$1 -> 8.6470149 | H11: =PI()*G11^2 -> 234.8996 | I11: =K11/J11 -> 890.6046 | J11: 1999.3979 | K11: 1780673 | L11: =H11*I11 -> 209202.67 | M11: =MIN(K11,L11) -> 209202.67 | N11: . | O11: =P11/J11 -> 475.21255 | P11: 950139 | Q11: =H11*O11 -> 111627.24 | R11: =MIN(Q11,P11) -> 111627.24
A12: Columbus | B12: 73.1745 | C12: 79.7755 | D12: =C12*$A$1*1000 -> 13295.917 | E12: ='Interval Circuities'!B12 -> 1.3249637 | F12: =B12/E12 -> 55.22755 | G12: =F12*$A$1 -> 9.2045916 | H12: =PI()*G12^2 -> 266.16989 | I12: =K12/J12 -> 1034.7499 | J12: 1322.0924 | K12: 1368035 | L12: =H12*I12 -> 275419.27 | M12: =MIN(K12,L12) -> 275419.27 | N12: . | O12: =P12/J12 -> 599.7841 | P12: 792970 | Q12: =H12*O12 -> 159644.47 | R12: =MIN(Q12,P12) -> 159644.47
A13: Dallas-Fort Worth | B13: 53.89475 | C13: 63.39375 | D13: =C13*$A$1*1000 -> 10565.625 | E13: ='Interval Circuities'!B13 -> 1.3824701 | F13: =B13/E13 -> 38.984387 | G13: =F13*$A$1 -> 6.4973978 | H13: =PI()*G13^2 -> 132.62604 | I13: =K13/J13 -> 1111.537 | J13: 4607.9365 | K13: 5121892 | L13: =H13*I13 -> 147418.75 | M13: =MIN(K13,L13) -> 147418.75 | N13: . | O13: =P13/J13 -> 577.14685 | P13: 2659456 | Q13: =H13*O13 -> 76544.698 | R13: =MIN(Q13,P13) -> 76544.698
A14: Denver | B14: 54.78025 | C14: 64.11825 | D14: =C14*$A$1*1000 -> 10686.375 | E14: ='Interval Circuities'!B14 -> 1.3957009 | F14: =B14/E14 -> 39.249277 | G14: =F14*$A$1 -> 6.5415461 | H14: =PI()*G14^2 -> 134.43449 | I14: =K14/J14 -> 1372.3806 | J14: 1729.9887 | K14: 2374203 | L14: =H14*I14 -> 184495.28 | M14: =MIN(K14,L14) -> 184495.28 | N14: . | O14: =P14/J14 -> 661.20142 | P14: 1143871 | Q14: =H14*O14 -> 88888.273 | R14: =MIN(Q14,P14) -> 88888.273
A15: Detroit | B15: 57.5575 | C15: 65.1245 | D15: =C15*$A$1*1000 -> 10854.083 | E15: ='Interval Circuities'!B15 -> 1.3026209 | F15: =B15/E15 -> 44.185919 | G15: =F15*$A$1 -> 7.3643199 | H15: =PI()*G15^2 -> 170.37865 | I15: =K15/J15 -> 1078.2087 | J15: 3463.2348 | K15: 3734090 | L15: =H15*I15 -> 183703.75 | M15: =MIN(K15,L15) -> 183703.75 | N15: . | O15: =P15/J15 -> 492.33307 | P15: 1705065 | Q15: =H15*O15 -> 83883.042 | R15: =MIN(Q15,P15) -> 83883.042
A16: Grand Rapids | B16: 72.65 | C16: 79.78 | D16: =C16*$A$1*1000 -> 13296.667 | E16: ='Interval Circuities'!B16 -> 1.3210529 | F16: =B16/E16 -> 54.994015 | G16: =F16*$A$1 -> 9.1656691 | H16: =PI()*G16^2 -> 263.9236 | I16: =K16/J16 -> 784.29738 | J16: 726.68227 | K16: 569935 | L16: =H16*I16 -> 206994.58 | M16: =MIN(K16,L16) -> 206994.58 | N16: . | O16: =P16/J16 -> 733.43333 | P16: =347964+52598+97277+35134 -> 532973 | Q16: =H16*O16 -> 193570.36 | R16: =MIN(Q16,P16) -> 193570.36
A17: Hampton Roads | B17: 63.39375 | C17: 72.08775 | D17: =C17*$A$1*1000 -> 12014.625 | E17: ='Interval Circuities'!B17 -> 1.4040824 | F17: =B17/E17 -> 45.149593 | G17: =F17*$A$1 -> 7.5249322 | H17: =PI()*G17^2 -> 177.89144 | I17: =K17/J17 -> 1078.402 | J17: 1334.9993 | K17: 1439666 | L17: =H17*I17 -> 191838.49 | M17: =MIN(K17,L17) -> 191838.49 | N17: . | O17: =P17/J17 -> 477.00023 | P17: 636795 | Q17: =H17*O17 -> 84854.26 | R17: =MIN(Q17,P17) -> 84854.26
A18: Hartford | B18: 65.96975 | C18: 73.8185 | D18: =C18*$A$1*1000 -> 12303.083 | E18: ='Interval Circuities'!B18 -> 1.3288885 | F18: =B18/E18 -> 49.642801 | G18: =F18*$A$1 -> 8.2738002 | H18: =PI()*G18^2 -> 215.06014 | I18: =K18/J18 -> 691.70596 | J18: 1337.0696 | K18: 924859 | L18: =H18*I18 -> 148758.38 | M18: =MIN(K18,L18) -> 148758.38 | N18: . | O18: =P18/J18 -> 423.74459 | P18: 566576 | Q18: =H18*O18 -> 91130.571 | R18: =MIN(Q18,P18) -> 91130.571
A19: Honolulu | B19: 61.7435 | C19: 74.74425 | D19: =C19*$A$1*1000 -> 12457.375 | E19: ='Interval Circuities'!B19 -> 1.4170125 | F19: =B19/E19 -> 43.57301 | G19: =F19*$A$1 -> 7.2621683 | H19: =PI()*G19^2 -> 165.68473 | I19: =K19/J19 -> 1820.7094 | J19: 440.73975 | K19: 802459 | L19: =H19*I19 -> 301663.75 | M19: =MIN(K19,L19) -> 301663.75 | N19: . | O19: =P19/J19 -> 810.41931 | P19: 357184 | Q19: =H19*O19 -> 134274.11 | R19: =MIN(Q19,P19) -> 134274.11
A20: Houston | B20: 58.40275 | C20: 69.59225 | D20: =C20*$A$1*1000 -> 11598.708 | E20: ='Interval Circuities'!B20 -> 1.411267 | F20: =B20/E20 -> 41.383205 | G20: =F20*$A$1 -> 6.8972008 | H20: =PI()*G20^2 -> 149.44989 | I20: =K20/J20 -> 1149.9995 | J20: 4299.421 | K20: 4944332 | L20: =H20*I20 -> 171867.3 | M20: =MIN(K20,L20) -> 171867.3 | N20: . | O20: =P20/J20 -> 527.05888 | P20: 2266048 | Q20: =H20*O20 -> 78768.894 | R20: =MIN(Q20,P20) -> 78768.894
A21: Indianapolis | B21: 54.53875 | C21: 64.44025 | D21: =C21*$A$1*1000 -> 10740.042 | E21: ='Interval Circuities'!B21 -> 1.330739 | F21: =B21/E21 -> 40.983806 | G21: =F21*$A$1 -> 6.8306344 | H21: =PI()*G21^2 -> 146.57907 | I21: =K21/J21 -> 813.78264 | J21: 1827.8628 | K21: 1487483 | L21: =H21*I21 -> 119283.5 | M21: =MIN(K21,L21) -> 119283.5 | N21: . | O21: =P21/J21 -> 435.24164 | P21: 795562 | Q21: =H21*O21 -> 63797.314 | R21: =MIN(Q21,P21) -> 63797.314
A22: Inland Empire2 | B22: 60.17375 | C22: 67.82125 | D22: =C22*$A$1*1000 -> 11303.542 | E22: ='Interval Circuities'!B22 -> 1.3734377 | F22: =B22/E22 -> 43.812507 | G22: =F22*$A$1 -> 7.3020844 | H22: =PI()*G22^2 -> 167.51109 | I22: =K22/J22 -> 1369.2709 | J22: 1411.4562 | K22: 1932666 | L22: =H22*I22 -> 229368.07 | M22: =MIN(K22,L22) -> 229368.07 | N22: . | O22: =P22/J22 -> 777.85338 | P22: 1097906 | Q22: =H22*O22 -> 130299.07 | R22: =MIN(Q22,P22) -> 130299.07
A23: Jacksonville | B23: 66.332 | C23: 74.18075 | D23: =C23*$A$1*1000 -> 12363.458 | E23: ='Interval Circuities'!B23 -> 1.3923353 | F23: =B23/E23 -> 47.640825 | G23: =F23*$A$1 -> 7.9401374 | H23: =PI()*G23^2 -> 198.06417 | I23: =K23/J23 -> 775.48585 | J23: 1373.615 | K23: 1065219 | L23: =H23*I23 -> 153595.96 | M23: =MIN(K23,L23) -> 153595.96 | N23: . | O23: =P23/J23 -> 393.33583 | P23: 540292 | Q23: =H23*O23 -> 77905.734 | R23: =MIN(Q23,P23) -> 77905.734
A24: Kansas City | B24: 63.434 | C24: 69.552 | D24: =C24*$A$1*1000 -> 11592 | E24: ='Interval Circuities'!B24 -> 1.347678 | F24: =B24/E24 -> 47.069108 | G24: =F24*$A$1 -> 7.8448514 | H24: =PI()*G24^2 -> 193.33893 | I24: =K24/J24 -> 865.4748 | J24: 1755.5878 | K24: 1519417 | L24: =H24*I24 -> 167329.97 | M24: =MIN(K24,L24) -> 167329.97 | N24: . | O24: =P24/J24 -> 528.94933 | P24: 928617 | Q24: =H24*O24 -> 102266.5 | R24: =MIN(Q24,P24) -> 102266.5
A25: Las Vegas | B25: 59.52975 | C25: 69.83375 | D25: =C25*$A$1*1000 -> 11638.958 | E25: ='Interval Circuities'!B25 -> 1.3286383 | F25: =B25/E25 -> 44.805085 | G25: =F25*$A$1 -> 7.4675141 | H25: =PI()*G25^2 -> 175.18704 | I25: =K25/J25 -> 1746.9194 | J25: 1079.6211 | K25: 1886011 | L25: =H25*I25 -> 306037.64 | M25: =MIN(K25,L25) -> 306037.64 | N25: . | O25: =P25/J25 -> 779.9931 | P25: 842097 | Q25: =H25*O25 -> 136644.68 | R25: =MIN(Q25,P25) -> 136644.68
A26: Los Angeles2 | B26: 52.92875 | C26: 66.0905 | D26: =C26*$A$1*1000 -> 11015.083 | E26: ='Interval Circuities'!B26 -> 1.3492228 | F26: =B26/E26 -> 39.229066 | G26: =F26*$A$1 -> 6.5381776 | H26: =PI()*G26^2 -> 134.29607 | I26: =K26/J26 -> 2702.4638 | J26: 4496.266 | K26: 12150996 | L26: =H26*I26 -> 362930.26 | M26: =MIN(K26,L26) -> 362930.26 | N26: . | O26: =P26/J26 -> 1191.653 | P26: 5357989 | Q26: =H26*O26 -> 160034.32 | R26: =MIN(Q26,P26) -> 160034.32
A27: Louisville | B27: 63.47425 | C27: 71.28275 | D27: =C27*$A$1*1000 -> 11880.458 | E27: ='Interval Circuities'!B27 -> 1.4152337 | F27: =B27/E27 -> 44.85072 | G27: =F27*$A$1 -> 7.4751201 | H27: =PI()*G27^2 -> 175.54409 | I27: =K27/J27 -> 787.67763 | J27: 1234.7005 | K27: 972546 | L27: =H27*I27 -> 138272.15 | M27: =MIN(K27,L27) -> 138272.15 | N27: . | O27: =P27/J27 -> 450.3594 | P27: 556059 | Q27: =H27*O27 -> 79057.933 | R27: =MIN(Q27,P27) -> 79057.933
A28: Memphis | B28: 67.41875 | C28: 75.14675 | D28: =C28*$A$1*1000 -> 12524.458 | E28: ='Interval Circuities'!B28 -> 1.383671 | F28: =B28/E28 -> 48.724553 | G28: =F28*$A$1 -> 8.1207589 | H28: =PI()*G28^2 -> 207.17775 | I28: =K28/J28 -> 823.01438 | J28: 1288.0225 | K28: 1060061 | L28: =H28*I28 -> 170510.27 | M28: =MIN(K28,L28) -> 170510.27 | N28: . | O28: =P28/J28 -> 431.02199 | P28: 555166 | Q28: =H28*O28 -> 89298.165 | R28: =MIN(Q28,P28) -> 89298.165
... A32: New Orleans | B32: 56.14875 | C32: 67.137 | D32: =C32*$A$1*1000 -> 11189.5 | E32: ='Interval Circuities'!B32 -> 1.4163225 | F32: =B32/E32 -> 39.644042 | G32: =F32*$A$1 -> 6.6073403 | H32: =PI()*G32^2 -> 137.15234 | I32: =K32/J32 -> 1381.8089 | J32: 651.10521 | K32: 899703 | L32: =H32*I32 -> 189518.33 | M32: =MIN(K32,L32) -> 189518.33 | N32: . | O32: =P32/J32 -> 707.13764 | P32: 460421 | Q32: =H32*O32 -> 96985.582 | R32: =MIN(Q32,P32) -> 96985.582
A33: New York | B33: 55.1425 | C33: 67.66025 | D33: =C33*$A$1*1000 -> 11276.708 | E33: ='Interval Circuities'!B33 -> 1.3157627 | F33: =B33/E33 -> 41.909151 | G33: =F33*$A$1 -> 6.9848585 | H33: =PI()*G33^2 -> 153.2728 | I33: =K33/J33 -> 2053.6407 | J33: 8935.9814 | K33: 18351295 | L33: =H33*I33 -> 314767.27 | M33: =MIN(K33,L33) -> 314767.27 | N33: . | O33: =P33/J33 -> 914.58136 | P33: =7737401+435281 -> 8172682 | Q33: =H33*O33 -> 140180.45 | R33: =MIN(Q33,P33) -> 140180.45
A34: Oklahoma City | B34: 69.02875 | C34: 75.95175 | D34: =C34*$A$1*1000 -> 12658.625 | E34: ='Interval Circuities'!B34 -> 1.3330076 | F34: =B34/E34 -> 51.784215 | G34: =F34*$A$1 -> 8.6307025 | H34: =PI()*G34^2 -> 234.01418 | I34: =K34/J34 -> 810.03968 | J34: 1063.5343 | K34: 861505 | L34: =H34*I34 -> 189560.77 | M34: =MIN(K34,L34) -> 189560.77 | N34: . | O34: =P34/J34 -> 452.14902 | P34: 480876 | Q34: =H34*O34 -> 105809.28 | R34: =MIN(Q34,P34) -> 105809.28
A35: Orlando | B35: 58.16125 | C35: 69.069 | D35: =C35*$A$1*1000 -> 11511.5 | E35: ='Interval Circuities'!B35 -> 1.4073454 | F35: =B35/E35 -> 41.32692 | G35: =F35*$A$1 -> 6.88782 | H35: =PI()*G35^2 -> 149.04364 | I35: =K35/J35 -> 975.77759 | J35: 1548.0126 | K35: 1510516 | L35: =H35*I35 -> 145433.44 | M35: =MIN(K35,L35) -> 145433.44 | N35: . | O35: =P35/J35 -> 606.6656 | P35: 939126 | Q35: =H35*O35 -> 90419.651 | R35: =MIN(Q35,P35) -> 90419.651
A36: Philadelphia | B36: 59.77125 | C36: 68.06275 | D36: =C36*$A$1*1000 -> 11343.792 | E36: ='Interval Circuities'!B36 -> 1.2908067 | F36: =B36/E36 -> 46.305347 | G36: =F36*$A$1 -> 7.7175578 | H36: =PI()*G36^2 -> 187.11545 | I36: =K36/J36 -> 1060.3785 | J36: 5131.7215 | K36: 5441567 | L36: =H36*I36 -> 198413.2 | M36: =MIN(K36,L36) -> 198413.2 | N36: . | O36: =P36/J36 -> 500.0207 | P36: 2565967 | Q36: =H36*O36 -> 93561.601 | R36: =MIN(Q36,P36) -> 93561.601
A37: Phoenix | B37: 63.756 | C37: 70.47775 | D37: =C37*$A$1*1000 -> 11746.292 | E37: ='Interval Circuities'!B37 -> 1.3444279 | F37: =B37/E37 -> 47.422401 | G37: =F37*$A$1 -> 7.9037335 | H37: =PI()*G37^2 -> 196.25216 | I37: =K37/J37 -> 1222.0876 | J37: 2969.6022 | K37: 3629114 | L37: =H37*I37 -> 239837.34 | M37: =MIN(K37,L37) -> 239837.34 | N37: . | O37: =P37/J37 -> 553.72771 | P37: 1644351 | Q37: =H37*O37 -> 108670.26 | R37: =MIN(Q37,P37) -> 108670.26
A38: Pittsburgh | B38: 68.46525 | C38: 76.83725 | D38: =C38*$A$1*1000 -> 12806.208 | E38: ='Interval Circuities'!B38 -> 1.4115605 | F38: =B38/E38 -> 48.503234 | G38: =F38*$A$1 -> 8.0838723 | H38: =PI()*G38^2 -> 205.29991 | I38: =K38/J38 -> 739.57535 | J38: 2344.3899 | K38: 1733853 | L38: =H38*I38 -> 151834.75 | M38: =MIN(K38,L38) -> 151834.75 | N38: . | O38: =P38/J38 -> 455.62643 | P38: 1068166 | Q38: =H38*O38 -> 93540.065 | R38: =MIN(Q38,P38) -> 93540.065
A39: Portland | B39: 60.9385 | C39: 71.44375 | D39: =C39*$A$1*1000 -> 11907.292 | E39: ='Interval Circuities'!B39 -> 1.5301277 | F39: =B39/E39 -> 39.825762 | G39: =F39*$A$1 -> 6.6376269 | H39: =PI()*G39^2 -> 138.41258 | I39: =K39/J39 -> 1362.076 | J39: 1358.146 | K39: 1849898 | L39: =H39*I39 -> 188528.44 | M39: =MIN(K39,L39) -> 188528.44 | N39: . | O39: =P39/J39 -> 697.50822 | P39: 947318 | Q39: =H39*O39 -> 96543.91 | R39: =MIN(Q39,P39) -> 96543.91
A40: Providence | B40: 61.54225 | C40: 68.06275 | D40: =C40*$A$1*1000 -> 11343.792 | E40: ='Interval Circuities'!B40 -> 1.3413795 | F40: =B40/E40 -> 45.879818 | G40: =F40*$A$1 -> 7.6466364 | H40: =PI()*G40^2 -> 183.69222 | I40: =K40/J40 -> 843.65596 | J40: 1411.6607 | K40: 1190956 | L40: =H40*I40 -> 154973.03 | M40: =MIN(K40,L40) -> 154973.03 | N40: . | O40: =P40/J40 -> 450.46446 | P40: 635903 | Q40: =H40*O40 -> 82746.815 | R40: =MIN(Q40,P40) -> 82746.815
A41: Raleigh | B41: 67.57975 | C41: 75.46875 | D41: =C41*$A$1*1000 -> 12578.125 | E41: ='Interval Circuities'!B41 -> 1.359956 | F41: =B41/E41 -> 49.6926 | G41: =F41*$A$1 -> 8.2821 | H41: =PI()*G41^2 -> 215.49183 | I41: =K41/J41 -> 659.39427 | J41: 1341.9756 | K41: 884891 | L41: =H41*I41 -> 142094.08 | M41: =MIN(K41,L41) -> 142094.08 | N41: . | O41: =P41/J41 -> 518.08246 | P41: =438888+235541+20825 -> 695254 | Q41: =H41*O41 -> 111642.54 | R41: =MIN(Q41,P41) -> 111642.54
A42: Rochester, NY | B42: 63.595 | C42: 70.84 | D42: =C42*$A$1*1000 -> 11806.667 | E42: ='Interval Circuities'!B42 -> 1.3054372 | F42: =B42/E42 -> 48.71548 | G42: =F42*$A$1 -> 8.1192466 | H42: =PI()*G42^2 -> 207.10059 | I42: =K42/J42 -> 857.4454 | J42: 840.37071 | K42: 720572 | L42: =H42*I42 -> 177577.45 | M42: =MIN(K42,L42) -> 177577.45 | N42: . | O42: =P42/J42 -> 542.26664 | P42: =430223+17339+8143 -> 455705 | Q42: =H42*O42 -> 112303.74 | R42: =MIN(Q42,P42) -> 112303.74
A43: Sacramento | B43: 56.87325 | C43: 65.688 | D43: =C43*$A$1*1000 -> 10948 | E43: ='Interval Circuities'!B43 -> 1.4338793 | F43: =B43/E43 -> 39.663903 | G43: =F43*$A$1 -> 6.6106506 | H43: =PI()*G43^2 -> 137.2898 | I43: =K43/J43 -> 1413.0148 | J43: 1219.8273 | K43: 1723634 | L43: =H43*I43 -> 193992.52 | M43: =MIN(K43,L43) -> 193992.52 | N43: . | O43: =P43/J43 -> 570.37419 | P43: 695758 | Q43: =H43*O43 -> 78306.559 | R43: =MIN(Q43,P43) -> 78306.559
A44: Salt Lake City | B44: 78.085 | C44: 86.65825 | D44: =C44*$A$1*1000 -> 14443.042 | E44: ='Interval Circuities'!B44 -> 1.3973954 | F44: =B44/E44 -> 55.878957 | G44: =F44*$A$1 -> 9.3131595 | H44: =PI()*G44^2 -> 272.48585 | I44: =K44/J44 -> 1418.9468 | J44: 719.719 | K44: 1021243 | L44: =H44*I44 -> 386642.94 | M44: =MIN(K44,L44) -> 386642.94 | N44: . | O44: =P44/J44 -> 998.50636 | P44: =563242+155402 -> 718644 | Q44: =H44*O44 -> 272078.86 | R44: =MIN(Q44,P44) -> 272078.86
A45: San Antonio | B45: 64.078 | C45: 74.42225 | D45: =C45*$A$1*1000 -> 12403.708 | E45: ='Interval Circuities'!B45 -> 1.4317824 | F45: =B45/E45 -> 44.754008 | G45: =F45*$A$1 -> 7.4590013 | H45: =PI()*G45^2 -> 174.78785 | I45: =K45/J45 -> 1136.9073 | J45: 1546.4849 | K45: 1758210 | L45: =H45*I45 -> 198717.59 | M45: =MIN(K45,L45) -> 198717.59 | N45: . | O45: =P45/J45 -> 475.83201 | P45: 735867 | Q45: =H45*O45 -> 83169.654 | R45: =MIN(Q45,P45) -> 83169.654
A46: San Diego | B46: 60.49575 | C46: 69.67275 | D46: =C46*$A$1*1000 -> 11612.125 | E46: ='Interval Circuities'!B46 -> 1.4519495 | F46: =B46/E46 -> 41.665188 | G46: =F46*$A$1 -> 6.944198 | H46: =PI()*G46^2 -> 151.49352 | I46: =K46/J46 -> 1558.6955 | J46: 1896.9363 | K46: 2956746 | L46: =H46*I46 -> 236132.27 | M46: =MIN(K46,L46) -> 236132.27 | N46: . | O46: =P46/J46 -> 626.5171 | P46: 1188463 | Q46: =H46*O46 -> 94913.283 | R46: =MIN(Q46,P46) -> 94913.283
A47: San Francisco1 | B47: 53.25075 | C47: 64.11825 | D47: =C47*$A$1*1000 -> 10686.375 | E47: ='Interval Circuities'!B47 -> 1.4529772 | F47: =B47/E47 -> 36.649405 | G47: =F47*$A$1 -> 6.1082342 | H47: =PI()*G47^2 -> 117.21447 | I47: =K47/J47 -> 2419.4676 | J47: 1356.1711 | K47: 3281212 | L47: =H47*I47 -> 283596.61 | M47: =MIN(K47,L47) -> 283596.61 | N47: . | O47: =P47/J47 -> 1448.4257 | P47: 1964313 | Q47: =H47*O47 -> 169776.44 | R47: =MIN(Q47,P47) -> 169776.44
A48: San Jose1 | B48: 63.71575 | C48: 74.382 | D48: =C48*$A$1*1000 -> 12397 | E48: ='Interval Circuities'!B48 -> 1.3990668 | F48: =B48/E48 -> 45.541607 | G48: =F48*$A$1 -> 7.5902678 | H48: =PI()*G48^2 -> 180.99396 | I48: =K48/J48 -> 2247.2119 | J48: 740.69383 | K48: 1664496 | L48: =H48*I48 -> 406731.77 | M48: =MIN(K48,L48) -> 406731.77 | N48: . | O48: =P48/J48 -> 1259.1086 | P48: 932614 | Q48: =H48*O48 -> 227891.05 | R48: =MIN(Q48,P48) -> 227891.05
A49: Seattle | B49: 52.92875 | C49: 63.23275 | D49: =C49*$A$1*1000 -> 10538.792 | E49: ='Interval Circuities'!B49 -> 1.4725838 | F49: =B49/E49 -> 35.942775 | G49: =F49*$A$1 -> 5.9904625 | H49: =PI()*G49^2 -> 112.73807 | I49: =K49/J49 -> 1169.1811 | J49: 2616.6973 | K49: 3059393 | L49: =H49*I49 -> 131811.22 | M49: =MIN(K49,L49) -> 131811.22 | N49: . | O49: =P49/J49 -> 601.78378 | P49: 1574686 | Q49: =H49*O49 -> 67843.94 | R49: =MIN(Q49,P49) -> 67843.94
A50: South Florida | B50: 60.375 | C50: 66.815 | D50: =C50*$A$1*1000 -> 11135.833 | E50: ='Interval Circuities'!B50 -> 1.3368719 | F50: =B50/E50 -> 45.161396 | G50: =F50*$A$1 -> 7.5268994 | H50: =PI()*G50^2 -> 177.98446 | I50: =K50/J50 -> 1715.2085 | J50: 3207.9943 | K50: 5502379 | L50: =H50*I50 -> 305280.46 | M50: =MIN(K50,L50) -> 305280.46 | N50: . | O50: =P50/J50 -> 624.50299 | P50: 2003402 | Q50: =H50*O50 -> 111151.83 | R50: =MIN(Q50,P50) -> 111151.83
A51: St. Louis | B51: 59.77125 | C51: 67.5395 | D51: =C51*$A$1*1000 -> 11256.583 | E51: ='Interval Circuities'!B51 -> 1.4435602 | F51: =B51/E51 -> 41.405443 | G51: =F51*$A$1 -> 6.9009072 | H51: =PI()*G51^2 -> 149.61056 | I51: =K51/J51 -> 899.0472 | J51: 2392.2059 | K51: 2150706 | L51: =H51*I51 -> 134506.96 | M51: =MIN(K51,L51) -> 134506.96 | N51: . | O51: =P51/J51 -> 527.69413 | P51: 1262353 | Q51: =H51*O51 -> 78948.615 | R51: =MIN(Q51,P51) -> 78948.615
A52: Tampa Bay | B52: 61.0995 | C52: 68.38475 | D52: =C52*$A$1*1000 -> 11397.458 | E52: ='Interval Circuities'!B52 -> 1.3634428 | F52: =B52/E52 -> 44.812661 | G52: =F52*$A$1 -> 7.4687769 | H52: =PI()*G52^2 -> 175.24629 | I52: =K52/J52 -> 985.14576 | J52: 2478.5875 | K52: 2441770 | L52: =H52*I52 -> 172643.14 | M52: =MIN(K52,L52) -> 172643.14 | N52: . | O52: =P52/J52 -> 405.59512 | P52: 1005303 | Q52: =H52*O52 -> 71079.041 | R52: =MIN(Q52,P52) -> 71079.041
A53: Washington2 | B53: 57.0745 | C53: 69.18975 | D53: =C53*$A$1*1000 -> 11531.625 | E53: ='Interval Circuities'!B53 -> 1.4280756 | F53: =B53/E53 -> 39.966022 | G53: =F53*$A$1 -> 6.6610037 | H53: =PI()*G53^2 -> 139.38923 | I53: =K53/J53 -> 1339.8832 | J53: 3423.2611 | K53: 4586770 | L53: =H53*I53 -> 186765.28 | M53: =MIN(K53,L53) -> 186765.28 | N53: . | O53: =P53/J53 -> 721.59847 | P53: 2470220 | Q53: =H53*O53 -> 100583.05 | R53: =MIN(Q53,P53) -> 100583.05
A56: Notes:
A57: 1 San Francisco-San Jose were combined for the circuity analysis used the same commute distance for cicuity
A58: 2 Los Angeles-Inland Empire and Baltimore-Washington used the same average commute distance, as they were grouped together in the NHTS data
A59: 3 Circuitry is from a sample of OD points with network distance matched to average commute distance with circuity weighted by matching network distance to each work commute distance interval
A61: Data Sources:
A63: Circuity: Networks are Census Tiger 2008 2010 county-level shapefiles merged together, commute distances are from 2009 NHTS
A64: Urbanized Area: Census 2000 2010 Urbanized Area (census.gov)
A65: Employment: 2008 MSA Business Patterns (NAICS - from Censtats)
A66: Speeds - 2010 Urban Mobility Report, Exhibit A-8. Composite Freeway and Arterial (25% Freeway, 75% Arterial), converted to km/h

Sheet 2010-20
A1: =2/6 -> 0.33333333 | B1: Network Speed (congested) [km/h] | C1: Network Speed (freeflow) [km/h] | D1: 20 Minute Distance | E1: 20 Minute Circuity [ ] | F1: Average Airline Speed [km/h] | G1: Airline Radius [km] | H1: Area covered in $A$1$ hrs [km2] | I1: Urbanized area density [people/km2] | J1: Area [km2] | K1: Population | L1: Accessibility | M1: MinPA,P | N1: . | O1: Employment Density | P1: Employment | Q1: Employment Accessibility | R1: Min EA, E
A2: Area | B2: S_n | C2: S_f | E2: C3 | F2: S_a | G2: R_a | H2: A_X | I2: D_UA | J2: Area | K2: Pop | L2: A_P | M2: MinA_P | N2: . | O2: D_Emp | P2: Emp | Q2: A_E | R2: MinA_E
A3: Atlanta | B3: ='2010-10'!B3 -> 57.43675 | C3: ='2010-10'!C3 -> 68.14325 | D3: =C3*$A$1*1000 -> 22714.417 | E3: ='Interval Circuities'!C3 -> 1.3087125 | F3: =B3/E3 -> 43.887982 | G3: =F3*$A$1 -> 14.629327 | H3: =PI()*G3^2 -> 672.35491 | I3: =K3/J3 -> 873.48978 | J3: 5083.0589 | K3: 4440000 | L3: =H3*I3 -> 587295.15 | M3: =MIN(K3,L3) -> 587295.15 | N3: . | O3: =P3/J3 -> 436.36913 | P3: 2218090 | Q3: =H3*O3 -> 293394.93 | R3: =MIN(Q3,P3) -> 293394.93
A4: Austin | B4: ='2010-10'!B4 -> 62.91075 | C4: ='2010-10'!C4 -> 76.75675 | D4: =C4*$A$1*1000 -> 25585.583 | E4: ='Interval Circuities'!C4 -> 1.3723223 | F4: =B4/E4 -> 45.842548 | G4: =F4*$A$1 -> 15.280849 | H4: =PI()*G4^2 -> 733.57556 | I4: =K4/J4 -> 1256.1526 | J4: 823.94448 | K4: 1035000 | L4: =H4*I4 -> 921482.84 | M4: =MIN(K4,L4) -> 921482.84 | N4: . | O4: =P4/J4 -> 796.23932 | P4: 656057 | Q4: =H4*O4 -> 584101.71 | R4: =MIN(Q4,P4) -> 584101.71
A5: Baltimore2 | B5: ='2010-10'!B5 -> 59.8115 | C5: ='2010-10'!C5 -> 68.62625 | D5: =C5*$A$1*1000 -> 22875.417 | E5: ='Interval Circuities'!C5 -> 1.3092659 | F5: =B5/E5 -> 45.683234 | G5: =F5*$A$1 -> 15.227745 | H5: =PI()*G5^2 -> 728.48572 | I5: =K5/J5 -> 1312.0237 | J5: 1768.2607 | K5: 2320000 | L5: =H5*I5 -> 955790.55 | M5: =MIN(K5,L5) -> 955790.55 | N5: . | O5: =P5/J5 -> 634.47657 | P5: 1121920 | Q5: =H5*O5 -> 462207.13 | R5: =MIN(Q5,P5) -> 462207.13
A6: Boston | B6: ='2010-10'!B6 -> 53.613 | C6: ='2010-10'!C6 -> 62.8705 | D6: =C6*$A$1*1000 -> 20956.833 | E6: ='Interval Circuities'!C6 -> 1.2579494 | F6: =B6/E6 -> 42.619362 | G6: =F6*$A$1 -> 14.206454 | H6: =PI()*G6^2 -> 634.04672 | I6: =K6/J6 -> 934.02366 | J6: 4496.6741 | K6: 4200000 | L6: =H6*I6 -> 592214.63 | M6: =MIN(K6,L6) -> 592214.63 | N6: . | O6: =P6/J6 -> 645.532 | P6: =2341938+286024+61431+22699+190655 -> 2902747 | Q6: =H6*O6 -> 409297.44 | R6: =MIN(Q6,P6) -> 409297.44
A7: Buffalo | B7: ='2010-10'!B7 -> 63.434 | C7: ='2010-10'!C7 -> 70.23625 | D7: =C7*$A$1*1000 -> 23412.083 | E7: ='Interval Circuities'!C7 -> 1.2242187 | F7: =B7/E7 -> 51.815906 | G7: =F7*$A$1 -> 17.271969 | H7: =PI()*G7^2 -> 937.20276 | I7: =K7/J7 -> 1184.5434 | J7: 949.73302 | K7: 1125000 | L7: =H7*I7 -> 1110157.4 | M7: =MIN(K7,L7) -> 1110157.4 | N7: . | O7: =P7/J7 -> 494.17362 | P7: 469333 | Q7: =H7*O7 -> 463140.88 | R7: =MIN(Q7,P7) -> 463140.88
A8: Charlotte | B8: ='2010-10'!B8 -> 61.2605 | C8: ='2010-10'!C8 -> 70.79975 | D8: =C8*$A$1*1000 -> 23599.917 | E8: ='Interval Circuities'!C8 -> 1.2718269 | F8: =B8/E8 -> 48.167326 | G8: =F8*$A$1 -> 16.055775 | H8: =PI()*G8^2 -> 809.86465 | I8: =K8/J8 -> 949.91538 | J8: 1126.4161 | K8: 1070000 | L8: =H8*I8 -> 769302.88 | M8: =MIN(K8,L8) -> 769302.88 | N8: . | O8: =P8/J8 -> 723.79202 | P8: 815291 | Q8: =H8*O8 -> 586173.57 | R8: =MIN(Q8,P8) -> 586173.57
A9: Chicago | B9: ='2010-10'!B9 -> 49.266 | C9: ='2010-10'!C9 -> 60.49575 | D9: =C9*$A$1*1000 -> 20165.25 | E9: ='Interval Circuities'!C9 -> 1.2622043 | F9: =B9/E9 -> 39.031715 | G9: =F9*$A$1 -> 13.010572 | H9: =PI()*G9^2 -> 531.79302 | I9: =K9/J9 -> 1535.0878 | J9: 5498.057 | K9: 8440000 | L9: =H9*I9 -> 816348.96 | M9: =MIN(K9,L9) -> 816348.96 | N9: . | O9: =P9/J9 -> 761.20455 | P9: 4185146 | Q9: =H9*O9 -> 404803.27 | R9: =MIN(Q9,P9) -> 404803.27
A10: Cincinnati | B10: ='2010-10'!B10 -> 66.8955 | C10: ='2010-10'!C10 -> 72.5305 | D10: =C10*$A$1*1000 -> 24176.833 | E10: ='Interval Circuities'!C10 -> 1.3346636 | F10: =B10/E10 -> 50.12162 | G10: =F10*$A$1 -> 16.707207 | H10: =PI()*G10^2 -> 876.91512 | I10: =K10/J10 -> 959.84466 | J10: 1739.8649 | K10: 1670000 | L10: =H10*I10 -> 841702.3 | M10: =MIN(K10,L10) -> 841702.3 | N10: . | O10: =P10/J10 -> 544.46872 | P10: 947302 | Q10: =H10*O10 -> 477452.86 | R10: =MIN(Q10,P10) -> 477452.86
A11: Cleveland | B11: ='2010-10'!B11 -> 66.332 | C11: ='2010-10'!C11 -> 73.0135 | D11: =C11*$A$1*1000 -> 24337.833 | E11: ='Interval Circuities'!C11 -> 1.2210242 | F11: =B11/E11 -> 54.324884 | G11: =F11*$A$1 -> 18.108295 | H11: =PI()*G11^2 -> 1030.1607 | I11: =K11/J11 -> 1068.1935 | J11: 1675.7263 | K11: 1790000 | L11: =H11*I11 -> 1100411 | M11: =MIN(K11,L11) -> 1100411 | N11: . | O11: =P11/J11 -> 567.00129 | P11: 950139 | Q11: =H11*O11 -> 584102.46 | R11: =MIN(Q11,P11) -> 584102.46
A12: Columbus | B12: ='2010-10'!B12 -> 73.1745 | C12: ='2010-10'!C12 -> 79.7755 | D12: =C12*$A$1*1000 -> 26591.833 | E12: ='Interval Circuities'!C12 -> 1.2479549 | F12: =B12/E12 -> 58.635532 | G12: =F12*$A$1 -> 19.545177 | H12: =PI()*G12^2 -> 1200.1322 | I12: =K12/J12 -> 1189.2536 | J12: 1030.0578 | K12: 1225000 | L12: =H12*I12 -> 1427261.6 | M12: =MIN(K12,L12) -> 1225000 | N12: . | O12: =P12/J12 -> 769.83056 | P12: 792970 | Q12: =H12*O12 -> 923898.47 | R12: =MIN(Q12,P12) -> 792970
A13: Dallas-Fort Worth | B13: ='2010-10'!B13 -> 53.89475 | C13: ='2010-10'!C13 -> 63.39375 | D13: =C13*$A$1*1000 -> 21131.25 | E13: ='Interval Circuities'!C13 -> 1.3241222 | F13: =B13/E13 -> 40.702247 | G13: =F13*$A$1 -> 13.567416 | H13: =PI()*G13^2 -> 578.28795 | I13: =K13/J13 -> 1219.7405 | J13: 3644.2179 | K13: 4445000 | L13: =H13*I13 -> 705361.2 | M13: =MIN(K13,L13) -> 705361.2 | N13: . | O13: =P13/J13 -> 729.77414 | P13: 2659456 | Q13: =H13*O13 -> 422019.59 | R13: =MIN(Q13,P13) -> 422019.59
A14: Denver | B14: ='2010-10'!B14 -> 54.78025 | C14: ='2010-10'!C14 -> 64.11825 | D14: =C14*$A$1*1000 -> 21372.75 | E14: ='Interval Circuities'!C14 -> 1.3823838 | F14: =B14/E14 -> 39.627381 | G14: =F14*$A$1 -> 13.209127 | H14: =PI()*G14^2 -> 548.14834 | I14: =K14/J14 -> 1687.4293 | J14: 1291.906 | K14: 2180000 | L14: =H14*I14 -> 924961.56 | M14: =MIN(K14,L14) -> 924961.56 | N14: . | O14: =P14/J14 -> 885.41349 | P14: 1143871 | Q14: =H14*O14 -> 485337.94 | R14: =MIN(Q14,P14) -> 485337.94
A15: Detroit | B15: ='2010-10'!B15 -> 57.5575 | C15: ='2010-10'!C15 -> 65.1245 | D15: =C15*$A$1*1000 -> 21708.167 | E15: ='Interval Circuities'!C15 -> 1.2461037 | F15: =B15/E15 -> 46.189975 | G15: =F15*$A$1 -> 15.396658 | H15: =PI()*G15^2 -> 744.7368 | I15: =K15/J15 -> 1239.616 | J15: 3267.1409 | K15: 4050000 | L15: =H15*I15 -> 923187.63 | M15: =MIN(K15,L15) -> 923187.63 | N15: . | O15: =P15/J15 -> 521.88291 | P15: 1705065 | Q15: =H15*O15 -> 388665.41 | R15: =MIN(Q15,P15) -> 388665.41
A16: Grand Rapids | B16: ='2010-10'!B16 -> 72.65 | C16: ='2010-10'!C16 -> 79.78 | D16: =C16*$A$1*1000 -> 26593.333 | E16: ='Interval Circuities'!C16 -> 1.2764012 | F16: =B16/E16 -> 56.917839 | G16: =F16*$A$1 -> 18.972613 | H16: =PI()*G16^2 -> 1130.8478 | I16: =K16/J16 -> 900.16543 | J16: 666.54415 | K16: 600000 | L16: =H16*I16 -> 1017950.1 | M16: =MIN(K16,L16) -> 600000 | N16: . | O16: =P16/J16 -> 799.60645 | P16: =347964+52598+97277+35134 -> 532973 | Q16: =H16*O16 -> 904233.21 | R16: =MIN(Q16,P16) -> 532973
A17: Hampton Roads | B17: ='2010-10'!B17 -> 63.39375 | C17: ='2010-10'!C17 -> 72.08775 | D17: =C17*$A$1*1000 -> 24029.25 | E17: ='Interval Circuities'!C17 -> 1.3392188 | F17: =B17/E17 -> 47.336365 | G17: =F17*$A$1 -> 15.778788 | H17: =PI()*G17^2 -> 782.16282 | I17: =K17/J17 -> 1132.3577 | J17: 1364.4099 | K17: 1545000 | L17: =H17*I17 -> 885688.07 | M17: =MIN(K17,L17) -> 885688.07 | N17: . | O17: =P17/J17 -> 466.71826 | P17: 636795 | Q17: =H17*O17 -> 365049.67 | R17: =MIN(Q17,P17) -> 365049.67
A18: Hartford | B18: ='2010-10'!B18 -> 65.96975 | C18: ='2010-10'!C18 -> 73.8185 | D18: =C18*$A$1*1000 -> 24606.167 | E18: ='Interval Circuities'!C18 -> 1.2718012 | F18: =B18/E18 -> 51.871118 | G18: =F18*$A$1 -> 17.290373 | H18: =PI()*G18^2 -> 939.20106 | I18: =K18/J18 -> 736.26707 | J18: 1215.5915 | K18: 895000 | L18: =H18*I18 -> 691502.81 | M18: =MIN(K18,L18) -> 691502.81 | N18: . | O18: =P18/J18 -> 466.09078 | P18: 566576 | Q18: =H18*O18 -> 437752.96 | R18: =MIN(Q18,P18) -> 437752.96
A19: Honolulu | B19: ='2010-10'!B19 -> 61.7435 | C19: ='2010-10'!C19 -> 74.74425 | D19: =C19*$A$1*1000 -> 24914.75 | E19: ='Interval Circuities'!C19 -> 1.417258 | F19: =B19/E19 -> 43.565461 | G19: =F19*$A$1 -> 14.52182 | H19: =PI()*G19^2 -> 662.50932 | I19: =K19/J19 -> 1766.1212 | J19: 399.17986 | K19: 705000 | L19: =H19*I19 -> 1170071.7 | M19: =MIN(K19,L19) -> 705000 | N19: . | O19: =P19/J19 -> 894.79465 | P19: 357184 | Q19: =H19*O19 -> 592809.8 | R19: =MIN(Q19,P19) -> 357184
A20: Houston | B20: ='2010-10'!B20 -> 58.40275 | C20: ='2010-10'!C20 -> 69.59225 | D20: =C20*$A$1*1000 -> 23197.417 | E20: ='Interval Circuities'!C20 -> 1.3398458 | F20: =B20/E20 -> 43.589159 | G20: =F20*$A$1 -> 14.52972 | H20: =PI()*G20^2 -> 663.23026 | I20: =K20/J20 -> 1137.2032 | J20: 3354.7213 | K20: 3815000 | L20: =H20*I20 -> 754227.61 | M20: =MIN(K20,L20) -> 754227.61 | N20: . | O20: =P20/J20 -> 675.48025 | P20: 2266048 | Q20: =H20*O20 -> 447998.94 | R20: =MIN(Q20,P20) -> 447998.94
A21: Indianapolis | B21: ='2010-10'!B21 -> 54.53875 | C21: ='2010-10'!C21 -> 64.44025 | D21: =C21*$A$1*1000 -> 21480.083 | E21: ='Interval Circuities'!C21 -> 1.2718096 | F21: =B21/E21 -> 42.882793 | G21: =F21*$A$1 -> 14.294264 | H21: =PI()*G21^2 -> 641.90905 | I21: =K21/J21 -> 747.17665 | J21: 1432.0576 | K21: 1070000 | L21: =H21*I21 -> 479619.45 | M21: =MIN(K21,L21) -> 479619.45 | N21: . | O21: =P21/J21 -> 555.53771 | P21: 795562 | Q21: =H21*O21 -> 356604.68 | R21: =MIN(Q21,P21) -> 356604.68
A22: Inland Empire2 | B22: ='2010-10'!B22 -> 60.17375 | C22: ='2010-10'!C22 -> 67.82125 | D22: =C22*$A$1*1000 -> 22607.083 | E22: ='Interval Circuities'!C22 -> 1.3661628 | F22: =B22/E22 -> 44.045813 | G22: =F22*$A$1 -> 14.681938 | H22: =PI()*G22^2 -> 677.19949 | I22: =K22/J22 -> 1786.307 | J22: 1136.4228 | K22: 2030000 | L22: =H22*I22 -> 1209686.2 | M22: =MIN(K22,L22) -> 1209686.2 | N22: . | O22: =P22/J22 -> 966.107 | P22: 1097906 | Q22: =H22*O22 -> 654247.17 | R22: =MIN(Q22,P22) -> 654247.17
A23: Jacksonville | B23: ='2010-10'!B23 -> 66.332 | C23: ='2010-10'!C23 -> 74.18075 | D23: =C23*$A$1*1000 -> 24726.917 | E23: ='Interval Circuities'!C23 -> 1.3647991 | F23: =B23/E23 -> 48.602023 | G23: =F23*$A$1 -> 16.200674 | H23: =PI()*G23^2 -> 824.54823 | I23: =K23/J23 -> 978.15001 | J23: 1063.2316 | K23: 1040000 | L23: =H23*I23 -> 806531.86 | M23: =MIN(K23,L23) -> 806531.86 | N23: . | O23: =P23/J23 -> 508.16022 | P23: 540292 | Q23: =H23*O23 -> 419002.61 | R23: =MIN(Q23,P23) -> 419002.61
A24: Kansas City | B24: ='2010-10'!B24 -> 63.434 | C24: ='2010-10'!C24 -> 69.552 | D24: =C24*$A$1*1000 -> 23184 | E24: ='Interval Circuities'!C24 -> 1.298708 | F24: =B24/E24 -> 48.843926 | G24: =F24*$A$1 -> 16.281309 | H24: =PI()*G24^2 -> 832.77657 | I24: =K24/J24 -> 1007.5137 | J24: 1513.627 | K24: 1525000 | L24: =H24*I24 -> 839033.81 | M24: =MIN(K24,L24) -> 839033.81 | N24: . | O24: =P24/J24 -> 613.5045 | P24: 928617 | Q24: =H24*O24 -> 510912.17 | R24: =MIN(Q24,P24) -> 510912.17
A25: Las Vegas | B25: ='2010-10'!B25 -> 59.52975 | C25: ='2010-10'!C25 -> 69.83375 | D25: =C25*$A$1*1000 -> 23277.917 | E25: ='Interval Circuities'!C25 -> 1.322305 | F25: =B25/E25 -> 45.019682 | G25: =F25*$A$1 -> 15.006561 | H25: =PI()*G25^2 -> 707.4768 | I25: =K25/J25 -> 1897.3715 | J25: 740.49811 | K25: 1405000 | L25: =H25*I25 -> 1342346.3 | M25: =MIN(K25,L25) -> 1342346.3 | N25: . | O25: =P25/J25 -> 1137.2034 | P25: 842097 | Q25: =H25*O25 -> 804545.05 | R25: =MIN(Q25,P25) -> 804545.05
A26: Los Angeles2 | B26: ='2010-10'!B26 -> 52.92875 | C26: ='2010-10'!C26 -> 66.0905 | D26: =C26*$A$1*1000 -> 22030.167 | E26: ='Interval Circuities'!C26 -> 1.2809084 | F26: =B26/E26 -> 41.32126 | G26: =F26*$A$1 -> 13.773753 | H26: =PI()*G26^2 -> 596.01127 | I26: =K26/J26 -> 2963.0108 | J26: 4319.9303 | K26: 12800000 | L26: =H26*I26 -> 1765987.8 | M26: =MIN(K26,L26) -> 1765987.8 | N26: . | O26: =P26/J26 -> 1240.2952 | P26: 5357989 | Q26: =H26*O26 -> 739229.95 | R26: =MIN(Q26,P26) -> 739229.95
A27: Louisville | B27: ='2010-10'!B27 -> 63.47425 | C27: ='2010-10'!C27 -> 71.28275 | D27: =C27*$A$1*1000 -> 23760.917 | E27: ='Interval Circuities'!C27 -> 1.35224 | F27: =B27/E27 -> 46.940076 | G27: =F27*$A$1 -> 15.646692 | H27: =PI()*G27^2 -> 769.12146 | I27: =K27/J27 -> 902.852 | J27: 1013.4551 | K27: 915000 | L27: =H27*I27 -> 694402.85 | M27: =MIN(K27,L27) -> 694402.85 | N27: . | O27: =P27/J27 -> 548.67648 | P27: 556059 | Q27: =H27*O27 -> 421998.86 | R27: =MIN(Q27,P27) -> 421998.86
A28: Memphis | B28: ='2010-10'!B28 -> 67.41875 | C28: ='2010-10'!C28 -> 75.14675 | D28: =C28*$A$1*1000 -> 25048.917 | E28: ='Interval Circuities'!C28 -> 1.3247813 | F28: =B28/E28 -> 50.890475 | G28: =F28*$A$1 -> 16.963492 | H28: =PI()*G28^2 -> 904.02486 | I28: =K28/J28 -> 999.49539 | J28: 1035.5225 | K28: 1035000 | L28: =H28*I28 -> 903568.68 | M28: =MIN(K28,L28) -> 903568.68 | N28: . | O28: =P28/J28 -> 536.1216 | P28: 555166 | Q28: =H28*O28 -> 484667.25 | R28: =MIN(Q28,P28) -> 484667.25
... A32: New Orleans | B32: ='2010-10'!B32 -> 56.14875 | C32: ='2010-10'!C32 -> 67.137 | D32: =C32*$A$1*1000 -> 22379 | E32: ='Interval Circuities'!C32 -> 1.3838876 | F32: =B32/E32 -> 40.573202 | G32: =F32*$A$1 -> 13.524401 | H32: =PI()*G32^2 -> 574.62687 | I32: =K32/J32 -> 2146.7911 | J32: 512.39266 | K32: 1100000 | L32: =H32*I32 -> 1233603.9 | M32: =MIN(K32,L32) -> 1100000 | N32: . | O32: =P32/J32 -> 898.57065 | P32: 460421 | Q32: =H32*O32 -> 516342.84 | R32: =MIN(Q32,P32) -> 460421
A33: New York | B33: ='2010-10'!B33 -> 55.1425 | C33: ='2010-10'!C33 -> 67.66025 | D33: =C33*$A$1*1000 -> 22553.417 | E33: ='Interval Circuities'!C33 -> 1.2629348 | F33: =B33/E33 -> 43.662189 | G33: =F33*$A$1 -> 14.554063 | H33: =PI()*G33^2 -> 665.45451 | I33: =K33/J33 -> 2098.8798 | J33: 8683.2033 | K33: 18225000 | L33: =H33*I33 -> 1396709 | M33: =MIN(K33,L33) -> 1396709 | N33: . | O33: =P33/J33 -> 941.20588 | P33: =7737401+435281 -> 8172682 | Q33: =H33*O33 -> 626329.7 | R33: =MIN(Q33,P33) -> 626329.7
A34: Oklahoma City | B34: ='2010-10'!B34 -> 69.02875 | C34: ='2010-10'!C34 -> 75.95175 | D34: =C34*$A$1*1000 -> 25317.25 | E34: ='Interval Circuities'!C34 -> 1.3025772 | F34: =B34/E34 -> 52.993981 | G34: =F34*$A$1 -> 17.66466 | H34: =PI()*G34^2 -> 980.30327 | I34: =K34/J34 -> 1048.0447 | J34: 834.88805 | K34: 875000 | L34: =H34*I34 -> 1027401.7 | M34: =MIN(K34,L34) -> 875000 | N34: . | O34: =P34/J34 -> 575.97663 | P34: 480876 | Q34: =H34*O34 -> 564631.77 | R34: =MIN(Q34,P34) -> 480876
A35: Orlando | B35: ='2010-10'!B35 -> 58.16125 | C35: ='2010-10'!C35 -> 69.069 | D35: =C35*$A$1*1000 -> 23023 | E35: ='Interval Circuities'!C35 -> 1.3680378 | F35: =B35/E35 -> 42.514359 | G35: =F35*$A$1 -> 14.171453 | H35: =PI()*G35^2 -> 630.92629 | I35: =K35/J35 -> 1197.0074 | J35: 1173.7605 | K35: 1405000 | L35: =H35*I35 -> 755223.46 | M35: =MIN(K35,L35) -> 755223.46 | N35: . | O35: =P35/J35 -> 800.10022 | P35: 939126 | Q35: =H35*O35 -> 504804.26 | R35: =MIN(Q35,P35) -> 504804.26
A36: Philadelphia | B36: ='2010-10'!B36 -> 59.77125 | C36: ='2010-10'!C36 -> 68.06275 | D36: =C36*$A$1*1000 -> 22687.583 | E36: ='Interval Circuities'!C36 -> 1.2212943 | F36: =B36/E36 -> 48.940906 | G36: =F36*$A$1 -> 16.313635 | H36: =PI()*G36^2 -> 836.08682 | I36: =K36/J36 -> 1139.3098 | J36: 4660.7165 | K36: 5310000 | L36: =H36*I36 -> 952561.9 | M36: =MIN(K36,L36) -> 952561.9 | N36: . | O36: =P36/J36 -> 550.55204 | P36: 2565967 | Q36: =H36*O36 -> 460309.31 | R36: =MIN(Q36,P36) -> 460309.31
A37: Phoenix | B37: ='2010-10'!B37 -> 63.756 | C37: ='2010-10'!C37 -> 70.47775 | D37: =C37*$A$1*1000 -> 23492.583 | E37: ='Interval Circuities'!C37 -> 1.3330034 | F37: =B37/E37 -> 47.828834 | G37: =F37*$A$1 -> 15.942945 | H37: =PI()*G37^2 -> 798.52213 | I37: =K37/J37 -> 1655.0542 | J37: 2069.4187 | K37: 3425000 | L37: =H37*I37 -> 1321597.4 | M37: =MIN(K37,L37) -> 1321597.4 | N37: . | O37: =P37/J37 -> 794.59561 | P37: 1644351 | Q37: =H37*O37 -> 634502.18 | R37: =MIN(Q37,P37) -> 634502.18
A38: Pittsburgh | B38: ='2010-10'!B38 -> 68.46525 | C38: ='2010-10'!C38 -> 76.83725 | D38: =C38*$A$1*1000 -> 25612.417 | E38: ='Interval Circuities'!C38 -> 1.3399771 | F38: =B38/E38 -> 51.094345 | G38: =F38*$A$1 -> 17.031448 | H38: =PI()*G38^2 -> 911.2825 | I38: =K38/J38 -> 822.12385 | J38: 2207.6966 | K38: 1815000 | L38: =H38*I38 -> 749187.08 | M38: =MIN(K38,L38) -> 749187.08 | N38: . | O38: =P38/J38 -> 483.83732 | P38: 1068166 | Q38: =H38*O38 -> 440912.49 | R38: =MIN(Q38,P38) -> 440912.49
A39: Portland | B39: ='2010-10'!B39 -> 60.9385 | C39: ='2010-10'!C39 -> 71.44375 | D39: =C39*$A$1*1000 -> 23814.583 | E39: ='Interval Circuities'!C39 -> 1.4913588 | F39: =B39/E39 -> 40.861058 | G39: =F39*$A$1 -> 13.620353 | H39: =PI()*G39^2 -> 582.80944 | I39: =K39/J39 -> 1466.3828 | J39: 1227.5103 | K39: 1800000 | L39: =H39*I39 -> 854621.73 | M39: =MIN(K39,L39) -> 854621.73 | N39: . | O39: =P39/J39 -> 771.73934 | P39: 947318 | Q39: =H39*O39 -> 449776.97 | R39: =MIN(Q39,P39) -> 449776.97
A40: Providence | B40: ='2010-10'!B40 -> 61.54225 | C40: ='2010-10'!C40 -> 68.06275 | D40: =C40*$A$1*1000 -> 22687.583 | E40: ='Interval Circuities'!C40 -> 1.2792927 | F40: =B40/E40 -> 48.106464 | G40: =F40*$A$1 -> 16.035488 | H40: =PI()*G40^2 -> 807.81933 | I40: =K40/J40 -> 954.4609 | J40: 1304.4013 | K40: 1245000 | L40: =H40*I40 -> 771031.96 | M40: =MIN(K40,L40) -> 771031.96 | N40: . | O40: =P40/J40 -> 487.50566 | P40: 635903 | Q40: =H40*O40 -> 393816.5 | R40: =MIN(Q40,P40) -> 393816.5
A41: Raleigh | B41: ='2010-10'!B41 -> 67.57975 | C41: ='2010-10'!C41 -> 75.46875 | D41: =C41*$A$1*1000 -> 25156.25 | E41: ='Interval Circuities'!C41 -> 1.2841674 | F41: =B41/E41 -> 52.625344 | G41: =F41*$A$1 -> 17.541781 | H41: =PI()*G41^2 -> 966.71234 | I41: =K41/J41 -> 1238.2324 | J41: 827.79291 | K41: 1025000 | L41: =H41*I41 -> 1197014.5 | M41: =MIN(K41,L41) -> 1025000 | N41: . | O41: =P41/J41 -> 839.88881 | P41: =438888+235541+20825 -> 695254 | Q41: =H41*O41 -> 811930.88 | R41: =MIN(Q41,P41) -> 695254
A42: Rochester | B42: ='2010-10'!B42 -> 63.595 | C42: ='2010-10'!C42 -> 70.84 | D42: =C42*$A$1*1000 -> 23613.333 | E42: ='Interval Circuities'!C42 -> 1.2619075 | F42: =B42/E42 -> 50.395929 | G42: =F42*$A$1 -> 16.798643 | H42: =PI()*G42^2 -> 886.53988 | I42: =K42/J42 -> 974.56496 | J42: 764.44365 | K42: 745000 | L42: =H42*I42 -> 863990.71 | M42: =MIN(K42,L42) -> 745000 | N42: . | O42: =P42/J42 -> 596.12634 | P42: =430223+17339+8143 -> 455705 | Q42: =H42*O42 -> 528489.78 | R42: =MIN(Q42,P42) -> 455705
A43: Sacramento | B43: ='2010-10'!B43 -> 56.87325 | C43: ='2010-10'!C43 -> 65.688 | D43: =C43*$A$1*1000 -> 21896 | E43: ='Interval Circuities'!C43 -> 1.4013493 | F43: =B43/E43 -> 40.584636 | G43: =F43*$A$1 -> 13.528212 | H43: =PI()*G43^2 -> 574.9508 | I43: =K43/J43 -> 1946.0453 | J43: 955.78454 | K43: 1860000 | L43: =H43*I43 -> 1118880.3 | M43: =MIN(K43,L43) -> 1118880.3 | N43: . | O43: =P43/J43 -> 727.94439 | P43: 695758 | Q43: =H43*O43 -> 418532.21 | R43: =MIN(Q43,P43) -> 418532.21
A44: Salt Lake City | B44: ='2010-10'!B44 -> 78.085 | C44: ='2010-10'!C44 -> 86.65825 | D44: =C44*$A$1*1000 -> 28886.083 | E44: ='Interval Circuities'!C44 -> 1.3751662 | F44: =B44/E44 -> 56.782227 | G44: =F44*$A$1 -> 18.927409 | H44: =PI()*G44^2 -> 1125.4655 | I44: =K44/J44 -> 1631.619 | J44: 597.56598 | K44: 975000 | L44: =H44*I44 -> 1836330.9 | M44: =MIN(K44,L44) -> 975000 | N44: . | O44: =P44/J44 -> 1202.6187 | P44: =563242+155402 -> 718644 | Q44: =H44*O44 -> 1353505.9 | R44: =MIN(Q44,P44) -> 718644
A45: San Antonio | B45: ='2010-10'!B45 -> 64.078 | C45: ='2010-10'!C45 -> 74.42225 | D45: =C45*$A$1*1000 -> 24807.417 | E45: ='Interval Circuities'!C45 -> 1.3730841 | F45: =B45/E45 -> 46.667206 | G45: =F45*$A$1 -> 15.555735 | H45: =PI()*G45^2 -> 760.20541 | I45: =K45/J45 -> 1373.6608 | J45: 1055.5735 | K45: 1450000 | L45: =H45*I45 -> 1044264.4 | M45: =MIN(K45,L45) -> 1044264.4 | N45: . | O45: =P45/J45 -> 697.1253 | P45: 735867 | Q45: =H45*O45 -> 529958.42 | R45: =MIN(Q45,P45) -> 529958.42
A46: San Diego | B46: ='2010-10'!B46 -> 60.49575 | C46: ='2010-10'!C46 -> 69.67275 | D46: =C46*$A$1*1000 -> 23224.25 | E46: ='Interval Circuities'!C46 -> 1.420626 | F46: =B46/E46 -> 42.583869 | G46: =F46*$A$1 -> 14.194623 | H46: =PI()*G46^2 -> 632.99109 | I46: =K46/J46 -> 1455.9906 | J46: 2026.112 | K46: 2950000 | L46: =H46*I46 -> 921629.05 | M46: =MIN(K46,L46) -> 921629.05 | N46: . | O46: =P46/J46 -> 586.57319 | P46: 1188463 | Q46: =H46*O46 -> 371295.6 | R46: =MIN(Q46,P46) -> 371295.6
A47: San Francisco1 | B47: ='2010-10'!B47 -> 53.25075 | C47: ='2010-10'!C47 -> 64.11825 | D47: =C47*$A$1*1000 -> 21372.75 | E47: ='Interval Circuities'!C47 -> 1.4357618 | F47: =B47/E47 -> 37.088846 | G47: =F47*$A$1 -> 12.362949 | H47: =PI()*G47^2 -> 480.16887 | I47: =K47/J47 -> 4044.2446 | J47: 1107.7471 | K47: 4480000 | L47: =H47*I47 -> 1941920.3 | M47: =MIN(K47,L47) -> 1941920.3 | N47: . | O47: =P47/J47 -> 1773.2505 | P47: 1964313 | Q47: =H47*O47 -> 851459.68 | R47: =MIN(Q47,P47) -> 851459.68
A48: San Jose1 | B48: ='2010-10'!B48 -> 63.71575 | C48: ='2010-10'!C48 -> 74.382 | D48: =C48*$A$1*1000 -> 24794 | E48: ='Interval Circuities'!C48 -> 1.4014055 | F48: =B48/E48 -> 45.465606 | G48: =F48*$A$1 -> 15.155202 | H48: =PI()*G48^2 -> 721.56145 | I48: =K48/J48 -> 2530.8613 | J48: 673.68371 | K48: 1705000 | L48: =H48*I48 -> 1826171.9 | M48: =MIN(K48,L48) -> 1705000 | N48: . | O48: =P48/J48 -> 1384.3499 | P48: 932614 | Q48: =H48*O48 -> 998893.55 | R48: =MIN(Q48,P48) -> 932614
A49: Seattle | B49: ='2010-10'!B49 -> 52.92875 | C49: ='2010-10'!C49 -> 63.23275 | D49: =C49*$A$1*1000 -> 21077.583 | E49: ='Interval Circuities'!C49 -> 1.4789578 | F49: =B49/E49 -> 35.78787 | G49: =F49*$A$1 -> 11.92929 | H49: =PI()*G49^2 -> 447.07365 | I49: =K49/J49 -> 1255.1211 | J49: 2469.8811 | K49: 3100000 | L49: =H49*I49 -> 561131.58 | M49: =MIN(K49,L49) -> 561131.58 | N49: . | O49: =P49/J49 -> 637.55538 | P49: 1574686 | Q49: =H49*O49 -> 285034.21 | R49: =MIN(Q49,P49) -> 285034.21
A50: South Florida | B50: ='2010-10'!B50 -> 60.375 | C50: ='2010-10'!C50 -> 66.815 | D50: =C50*$A$1*1000 -> 22271.667 | E50: ='Interval Circuities'!C50 -> 1.2828614 | F50: =B50/E50 -> 47.062763 | G50: =F50*$A$1 -> 15.687588 | H50: =PI()*G50^2 -> 773.14723 | I50: =K50/J50 -> 1874.9988 | J50: 2890.6685 | K50: 5420000 | L50: =H50*I50 -> 1449650.2 | M50: =MIN(K50,L50) -> 1449650.2 | N50: . | O50: =P50/J50 -> 693.05838 | P50: 2003402 | Q50: =H50*O50 -> 535836.17 | R50: =MIN(Q50,P50) -> 535836.17
A51: St. Louis | B51: ='2010-10'!B51 -> 59.77125 | C51: ='2010-10'!C51 -> 67.5395 | D51: =C51*$A$1*1000 -> 22513.167 | E51: ='Interval Circuities'!C51 -> 1.3993725 | F51: =B51/E51 -> 42.712894 | G51: =F51*$A$1 -> 14.237631 | H51: =PI()*G51^2 -> 636.83271 | I51: =K51/J51 -> 1031.6845 | J51: 2146.9741 | K51: 2215000 | L51: =H51*I51 -> 657010.47 | M51: =MIN(K51,L51) -> 657010.47 | N51: . | O51: =P51/J51 -> 587.96843 | P51: 1262353 | Q51: =H51*O51 -> 374437.53 | R51: =MIN(Q51,P51) -> 374437.53
A52: Tampa Bay | B52: ='2010-10'!B52 -> 61.0995 | C52: ='2010-10'!C52 -> 68.38475 | D52: =C52*$A$1*1000 -> 22794.917 | E52: ='Interval Circuities'!C52 -> 1.3116336 | F52: =B52/E52 -> 46.58275 | G52: =F52*$A$1 -> 15.527583 | H52: =PI()*G52^2 -> 757.45636 | I52: =K52/J52 -> 1116.5256 | J52: 2077.8744 | K52: 2320000 | L52: =H52*I52 -> 845719.42 | M52: =MIN(K52,L52) -> 845719.42 | N52: . | O52: =P52/J52 -> 483.81316 | P52: 1005303 | Q52: =H52*O52 -> 366467.36 | R52: =MIN(Q52,P52) -> 366467.36
A53: Washington2 | B53: ='2010-10'!B53 -> 57.0745 | C53: ='2010-10'!C53 -> 69.18975 | D53: =C53*$A$1*1000 -> 23063.25 | E53: ='Interval Circuities'!C53 -> 1.3586073 | F53: =B53/E53 -> 42.009565 | G53: =F53*$A$1 -> 14.003188 | H53: =PI()*G53^2 -> 616.03265 | I53: =K53/J53 -> 1445.2558 | J53: 2996.0093 | K53: 4330000 | L53: =H53*I53 -> 890324.78 | M53: =MIN(K53,L53) -> 890324.78 | N53: . | O53: =P53/J53 -> 824.50344 | P53: 2470220 | Q53: =H53*O53 -> 507921.04 | R53: =MIN(Q53,P53) -> 507921.04

Sheet 2010-30
A1: =3/6 -> 0.5 | B1: Network Speed (congested) [km/h] | C1: Network Speed (freeflow) [km/h] | D1: 30 Minute Distance | E1: Circuity [ ] | F1: Average Airline Speed [km/h] | G1: Airline Radius [km] | H1: Area covered in $A$1$ hrs [km2] | I1: Urbanized area density [people/km2] | J1: Area [km2] | K1: Population | L1: Accessibility | M1: MinPA,P | N1: . | O1: Employment Density | P1: Employment | Q1: Employment Accessibility | R1: Min EA, E
A2: Area | B2: S_n | C2: S_f | E2: C3 | F2: S_a | G2: R_a | H2: A_X | I2: D_UA | J2: Area | K2: Pop | L2: A_P | M2: MinA_P | N2: . | O2: D_Emp | P2: Emp | Q2: A_E | R2: MinA_E
A3: Atlanta | B3: ='2010-10'!B3 -> 57.43675 | C3: ='2010-10'!C3 -> 68.14325 | D3: =C3*$A$1*1000 -> 34071.625 | E3: ='Interval Circuities'!D3 -> 1.2678602 | F3: =B3/E3 -> 45.302116 | G3: =F3*$A$1 -> 22.651058 | H3: =PI()*G3^2 -> 1611.8583 | I3: =K3/J3 -> 873.48978 | J3: 5083.0589 | K3: 4440000 | L3: =H3*I3 -> 1407941.8 | M3: =MIN(K3,L3) -> 1407941.8 | N3: . | O3: =P3/J3 -> 436.36913 | P3: 2218090 | Q3: =H3*O3 -> 703365.21 | R3: =MIN(Q3,P3) -> 703365.21
A4: Austin | B4: ='2010-10'!B4 -> 62.91075 | C4: ='2010-10'!C4 -> 76.75675 | D4: =C4*$A$1*1000 -> 38378.375 | E4: ='Interval Circuities'!D4 -> 1.3315157 | F4: =B4/E4 -> 47.247472 | G4: =F4*$A$1 -> 23.623736 | H4: =PI()*G4^2 -> 1753.2628 | I4: =K4/J4 -> 1256.1526 | J4: 823.94448 | K4: 1035000 | L4: =H4*I4 -> 2202365.7 | M4: =MIN(K4,L4) -> 1035000 | N4: . | O4: =P4/J4 -> 796.23932 | P4: 656057 | Q4: =H4*O4 -> 1396016.8 | R4: =MIN(Q4,P4) -> 656057
A5: Baltimore2 | B5: ='2010-10'!B5 -> 59.8115 | C5: ='2010-10'!C5 -> 68.62625 | D5: =C5*$A$1*1000 -> 34313.125 | E5: ='Interval Circuities'!D5 -> 1.2716629 | F5: =B5/E5 -> 47.034084 | G5: =F5*$A$1 -> 23.517042 | H5: =PI()*G5^2 -> 1737.4618 | I5: =K5/J5 -> 1312.0237 | J5: 1768.2607 | K5: 2320000 | L5: =H5*I5 -> 2279591.1 | M5: =MIN(K5,L5) -> 2279591.1 | N5: . | O5: =P5/J5 -> 634.47657 | P5: 1121920 | Q5: =H5*O5 -> 1102378.8 | R5: =MIN(Q5,P5) -> 1102378.8
A6: Boston | B6: ='2010-10'!B6 -> 53.613 | C6: ='2010-10'!C6 -> 62.8705 | D6: =C6*$A$1*1000 -> 31435.25 | E6: ='Interval Circuities'!D6 -> 1.2258528 | F6: =B6/E6 -> 43.735266 | G6: =F6*$A$1 -> 21.867633 | H6: =PI()*G6^2 -> 1502.2888 | I6: =K6/J6 -> 934.02366 | J6: 4496.6741 | K6: 4200000 | L6: =H6*I6 -> 1403173.3 | M6: =MIN(K6,L6) -> 1403173.3 | N6: . | O6: =P6/J6 -> 645.532 | P6: =2341938+286024+61431+22699+190655 -> 2902747 | Q6: =H6*O6 -> 969775.47 | R6: =MIN(Q6,P6) -> 969775.47
A7: Buffalo | B7: ='2010-10'!B7 -> 63.434 | C7: ='2010-10'!C7 -> 70.23625 | D7: =C7*$A$1*1000 -> 35118.125 | E7: ='Interval Circuities'!D7 -> 1.2021721 | F7: =B7/E7 -> 52.766156 | G7: =F7*$A$1 -> 26.383078 | H7: =PI()*G7^2 -> 2186.7584 | I7: =K7/J7 -> 1184.5434 | J7: 949.73302 | K7: 1125000 | L7: =H7*I7 -> 2590310.2 | M7: =MIN(K7,L7) -> 1125000 | N7: . | O7: =P7/J7 -> 494.17362 | P7: 469333 | Q7: =H7*O7 -> 1080638.3 | R7: =MIN(Q7,P7) -> 469333
A8: Charlotte | B8: ='2010-10'!B8 -> 61.2605 | C8: ='2010-10'!C8 -> 70.79975 | D8: =C8*$A$1*1000 -> 35399.875 | E8: ='Interval Circuities'!D8 -> 1.2406031 | F8: =B8/E8 -> 49.379614 | G8: =F8*$A$1 -> 24.689807 | H8: =PI()*G8^2 -> 1915.0727 | I8: =K8/J8 -> 949.91538 | J8: 1126.4161 | K8: 1070000 | L8: =H8*I8 -> 1819157 | M8: =MIN(K8,L8) -> 1070000 | N8: . | O8: =P8/J8 -> 723.79202 | P8: 815291 | Q8: =H8*O8 -> 1386114.3 | R8: =MIN(Q8,P8) -> 815291
A9: Chicago | B9: ='2010-10'!B9 -> 49.266 | C9: ='2010-10'!C9 -> 60.49575 | D9: =C9*$A$1*1000 -> 30247.875 | E9: ='Interval Circuities'!D9 -> 1.2370142 | F9: =B9/E9 -> 39.826544 | G9: =F9*$A$1 -> 19.913272 | H9: =PI()*G9^2 -> 1245.7621 | I9: =K9/J9 -> 1535.0878 | J9: 5498.057 | K9: 8440000 | L9: =H9*I9 -> 1912354.2 | M9: =MIN(K9,L9) -> 1912354.2 | N9: . | O9: =P9/J9 -> 761.20455 | P9: 4185146 | Q9: =H9*O9 -> 948279.78 | R9: =MIN(Q9,P9) -> 948279.78
A10: Cincinnati | B10: ='2010-10'!B10 -> 66.8955 | C10: ='2010-10'!C10 -> 72.5305 | D10: =C10*$A$1*1000 -> 36265.25 | E10: ='Interval Circuities'!D10 -> 1.300655 | F10: =B10/E10 -> 51.432163 | G10: =F10*$A$1 -> 25.716082 | H10: =PI()*G10^2 -> 2077.5882 | I10: =K10/J10 -> 959.84466 | J10: 1739.8649 | K10: 1670000 | L10: =H10*I10 -> 1994161.9 | M10: =MIN(K10,L10) -> 1670000 | N10: . | O10: =P10/J10 -> 544.46872 | P10: 947302 | Q10: =H10*O10 -> 1131181.8 | R10: =MIN(Q10,P10) -> 947302
A11: Cleveland | B11: ='2010-10'!B11 -> 66.332 | C11: ='2010-10'!C11 -> 73.0135 | D11: =C11*$A$1*1000 -> 36506.75 | E11: ='Interval Circuities'!D11 -> 1.1941029 | F11: =B11/E11 -> 55.549651 | G11: =F11*$A$1 -> 27.774825 | H11: =PI()*G11^2 -> 2423.5531 | I11: =K11/J11 -> 1068.1935 | J11: 1675.7263 | K11: 1790000 | L11: =H11*I11 -> 2588823.7 | M11: =MIN(K11,L11) -> 1790000 | N11: . | O11: =P11/J11 -> 567.00129 | P11: 950139 | Q11: =H11*O11 -> 1374157.8 | R11: =MIN(Q11,P11) -> 950139
A12: Columbus | B12: ='2010-10'!B12 -> 73.1745 | C12: ='2010-10'!C12 -> 79.7755 | D12: =C12*$A$1*1000 -> 39887.75 | E12: ='Interval Circuities'!D12 -> 1.2132024 | F12: =B12/E12 -> 60.31516 | G12: =F12*$A$1 -> 30.15758 | H12: =PI()*G12^2 -> 2857.2146 | I12: =K12/J12 -> 1189.2536 | J12: 1030.0578 | K12: 1225000 | L12: =H12*I12 -> 3397952.7 | M12: =MIN(K12,L12) -> 1225000 | N12: . | O12: =P12/J12 -> 769.83056 | P12: 792970 | Q12: =H12*O12 -> 2199571.1 | R12: =MIN(Q12,P12) -> 792970
A13: Dallas-Fort Worth | B13: ='2010-10'!B13 -> 53.89475 | C13: ='2010-10'!C13 -> 63.39375 | D13: =C13*$A$1*1000 -> 31696.875 | E13: ='Interval Circuities'!D13 -> 1.2867507 | F13: =B13/E13 -> 41.884375 | G13: =F13*$A$1 -> 20.942188 | H13: =PI()*G13^2 -> 1377.8247 | I13: =K13/J13 -> 1219.7405 | J13: 3644.2179 | K13: 4445000 | L13: =H13*I13 -> 1680588.5 | M13: =MIN(K13,L13) -> 1680588.5 | N13: . | O13: =P13/J13 -> 729.77414 | P13: 2659456 | Q13: =H13*O13 -> 1005500.8 | R13: =MIN(Q13,P13) -> 1005500.8
A14: Denver | B14: ='2010-10'!B14 -> 54.78025 | C14: ='2010-10'!C14 -> 64.11825 | D14: =C14*$A$1*1000 -> 32059.125 | E14: ='Interval Circuities'!D14 -> 1.3693023 | F14: =B14/E14 -> 40.005957 | G14: =F14*$A$1 -> 20.002978 | H14: =PI()*G14^2 -> 1257.0114 | I14: =K14/J14 -> 1687.4293 | J14: 1291.906 | K14: 2180000 | L14: =H14*I14 -> 2121117.8 | M14: =MIN(K14,L14) -> 2121117.8 | N14: . | O14: =P14/J14 -> 885.41349 | P14: 1143871 | Q14: =H14*O14 -> 1112974.8 | R14: =MIN(Q14,P14) -> 1112974.8
A15: Detroit | B15: ='2010-10'!B15 -> 57.5575 | C15: ='2010-10'!C15 -> 65.1245 | D15: =C15*$A$1*1000 -> 32562.25 | E15: ='Interval Circuities'!D15 -> 1.2213341 | F15: =B15/E15 -> 47.126745 | G15: =F15*$A$1 -> 23.563372 | H15: =PI()*G15^2 -> 1744.3144 | I15: =K15/J15 -> 1239.616 | J15: 3267.1409 | K15: 4050000 | L15: =H15*I15 -> 2162280 | M15: =MIN(K15,L15) -> 2162280 | N15: . | O15: =P15/J15 -> 521.88291 | P15: 1705065 | Q15: =H15*O15 -> 910327.88 | R15: =MIN(Q15,P15) -> 910327.88
A16: Grand Rapids | B16: ='2010-10'!B16 -> 72.65 | C16: ='2010-10'!C16 -> 79.78 | D16: =C16*$A$1*1000 -> 39890 | E16: ='Interval Circuities'!D16 -> 1.2534629 | F16: =B16/E16 -> 57.959432 | G16: =F16*$A$1 -> 28.979716 | H16: =PI()*G16^2 -> 2638.3847 | I16: =K16/J16 -> 900.16543 | J16: 666.54415 | K16: 600000 | L16: =H16*I16 -> 2374982.7 | M16: =MIN(K16,L16) -> 600000 | N16: . | O16: =P16/J16 -> 799.60645 | P16: =347964+52598+97277+35134 -> 532973 | Q16: =H16*O16 -> 2109669.4 | R16: =MIN(Q16,P16) -> 532973
A17: Hampton Roads | B17: ='2010-10'!B17 -> 63.39375 | C17: ='2010-10'!C17 -> 72.08775 | D17: =C17*$A$1*1000 -> 36043.875 | E17: ='Interval Circuities'!D17 -> 1.3109661 | F17: =B17/E17 -> 48.356512 | G17: =F17*$A$1 -> 24.178256 | H17: =PI()*G17^2 -> 1836.5376 | I17: =K17/J17 -> 1132.3577 | J17: 1364.4099 | K17: 1545000 | L17: =H17*I17 -> 2079617.4 | M17: =MIN(K17,L17) -> 1545000 | N17: . | O17: =P17/J17 -> 466.71826 | P17: 636795 | Q17: =H17*O17 -> 857145.62 | R17: =MIN(Q17,P17) -> 636795
A18: Hartford | B18: ='2010-10'!B18 -> 65.96975 | C18: ='2010-10'!C18 -> 73.8185 | D18: =C18*$A$1*1000 -> 36909.25 | E18: ='Interval Circuities'!D18 -> 1.2482031 | F18: =B18/E18 -> 52.851775 | G18: =F18*$A$1 -> 26.425887 | H18: =PI()*G18^2 -> 2193.8606 | I18: =K18/J18 -> 736.26707 | J18: 1215.5915 | K18: 895000 | L18: =H18*I18 -> 1615267.3 | M18: =MIN(K18,L18) -> 895000 | N18: . | O18: =P18/J18 -> 466.09078 | P18: 566576 | Q18: =H18*O18 -> 1022538.2 | R18: =MIN(Q18,P18) -> 566576
A19: Honolulu | B19: ='2010-10'!B19 -> 61.7435 | C19: ='2010-10'!C19 -> 74.74425 | D19: =C19*$A$1*1000 -> 37372.125 | E19: ='Interval Circuities'!D19 -> 1.434582 | F19: =B19/E19 -> 43.039367 | G19: =F19*$A$1 -> 21.519684 | H19: =PI()*G19^2 -> 1454.8615 | I19: =K19/J19 -> 1766.1212 | J19: 399.17986 | K19: 705000 | L19: =H19*I19 -> 2569461.6 | M19: =MIN(K19,L19) -> 705000 | N19: . | O19: =P19/J19 -> 894.79465 | P19: 357184 | Q19: =H19*O19 -> 1301802.2 | R19: =MIN(Q19,P19) -> 357184
A20: Houston | B20: ='2010-10'!B20 -> 58.40275 | C20: ='2010-10'!C20 -> 69.59225 | D20: =C20*$A$1*1000 -> 34796.125 | E20: ='Interval Circuities'!D20 -> 1.3068172 | F20: =B20/E20 -> 44.690835 | G20: =F20*$A$1 -> 22.345418 | H20: =PI()*G20^2 -> 1568.6528 | I20: =K20/J20 -> 1137.2032 | J20: 3354.7213 | K20: 3815000 | L20: =H20*I20 -> 1783877 | M20: =MIN(K20,L20) -> 1783877 | N20: . | O20: =P20/J20 -> 675.48025 | P20: 2266048 | Q20: =H20*O20 -> 1059594 | R20: =MIN(Q20,P20) -> 1059594
A21: Indianapolis | B21: ='2010-10'!B21 -> 54.53875 | C21: ='2010-10'!C21 -> 64.44025 | D21: =C21*$A$1*1000 -> 32220.125 | E21: ='Interval Circuities'!D21 -> 1.2377454 | F21: =B21/E21 -> 44.062978 | G21: =F21*$A$1 -> 22.031489 | H21: =PI()*G21^2 -> 1524.8867 | I21: =K21/J21 -> 747.17665 | J21: 1432.0576 | K21: 1070000 | L21: =H21*I21 -> 1139359.7 | M21: =MIN(K21,L21) -> 1070000 | N21: . | O21: =P21/J21 -> 555.53771 | P21: 795562 | Q21: =H21*O21 -> 847132.04 | R21: =MIN(Q21,P21) -> 795562
A22: Inland Empire2 | B22: ='2010-10'!B22 -> 60.17375 | C22: ='2010-10'!C22 -> 67.82125 | D22: =C22*$A$1*1000 -> 33910.625 | E22: ='Interval Circuities'!D22 -> 1.3623371 | F22: =B22/E22 -> 44.169501 | G22: =F22*$A$1 -> 22.08475 | H22: =PI()*G22^2 -> 1532.2685 | I22: =K22/J22 -> 1786.307 | J22: 1136.4228 | K22: 2030000 | L22: =H22*I22 -> 2737101.9 | M22: =MIN(K22,L22) -> 2030000 | N22: . | O22: =P22/J22 -> 966.107 | P22: 1097906 | Q22: =H22*O22 -> 1480335.3 | R22: =MIN(Q22,P22) -> 1097906
A23: Jacksonville | B23: ='2010-10'!B23 -> 66.332 | C23: ='2010-10'!C23 -> 74.18075 | D23: =C23*$A$1*1000 -> 37090.375 | E23: ='Interval Circuities'!D23 -> 1.3385304 | F23: =B23/E23 -> 49.555842 | G23: =F23*$A$1 -> 24.777921 | H23: =PI()*G23^2 -> 1928.7662 | I23: =K23/J23 -> 978.15001 | J23: 1063.2316 | K23: 1040000 | L23: =H23*I23 -> 1886622.7 | M23: =MIN(K23,L23) -> 1040000 | N23: . | O23: =P23/J23 -> 508.16022 | P23: 540292 | Q23: =H23*O23 -> 980122.27 | R23: =MIN(Q23,P23) -> 540292
A24: Kansas City | B24: ='2010-10'!B24 -> 63.434 | C24: ='2010-10'!C24 -> 69.552 | D24: =C24*$A$1*1000 -> 34776 | E24: ='Interval Circuities'!D24 -> 1.2759958 | F24: =B24/E24 -> 49.713328 | G24: =F24*$A$1 -> 24.856664 | H24: =PI()*G24^2 -> 1941.0448 | I24: =K24/J24 -> 1007.5137 | J24: 1513.627 | K24: 1525000 | L24: =H24*I24 -> 1955629.2 | M24: =MIN(K24,L24) -> 1525000 | N24: . | O24: =P24/J24 -> 613.5045 | P24: 928617 | Q24: =H24*O24 -> 1190839.7 | R24: =MIN(Q24,P24) -> 928617
A25: Las Vegas | B25: ='2010-10'!B25 -> 59.52975 | C25: ='2010-10'!C25 -> 69.83375 | D25: =C25*$A$1*1000 -> 34916.875 | E25: ='Interval Circuities'!D25 -> 1.3201193 | F25: =B25/E25 -> 45.094221 | G25: =F25*$A$1 -> 22.547111 | H25: =PI()*G25^2 -> 1597.0984 | I25: =K25/J25 -> 1897.3715 | J25: 740.49811 | K25: 1405000 | L25: =H25*I25 -> 3030288.9 | M25: =MIN(K25,L25) -> 1405000 | N25: . | O25: =P25/J25 -> 1137.2034 | P25: 842097 | Q25: =H25*O25 -> 1816225.8 | R25: =MIN(Q25,P25) -> 842097
A26: Los Angeles2 | B26: ='2010-10'!B26 -> 52.92875 | C26: ='2010-10'!C26 -> 66.0905 | D26: =C26*$A$1*1000 -> 33045.25 | E26: ='Interval Circuities'!D26 -> 1.2573734 | F26: =B26/E26 -> 42.094697 | G26: =F26*$A$1 -> 21.047348 | H26: =PI()*G26^2 -> 1391.6969 | I26: =K26/J26 -> 2963.0108 | J26: 4319.9303 | K26: 12800000 | L26: =H26*I26 -> 4123612.8 | M26: =MIN(K26,L26) -> 4123612.8 | N26: . | O26: =P26/J26 -> 1240.2952 | P26: 5357989 | Q26: =H26*O26 -> 1726115 | R26: =MIN(Q26,P26) -> 1726115
A27: Louisville | B27: ='2010-10'!B27 -> 63.47425 | C27: ='2010-10'!C27 -> 71.28275 | D27: =C27*$A$1*1000 -> 35641.375 | E27: ='Interval Circuities'!D27 -> 1.3257299 | F27: =B27/E27 -> 47.87872 | G27: =F27*$A$1 -> 23.93936 | H27: =PI()*G27^2 -> 1800.4246 | I27: =K27/J27 -> 902.852 | J27: 1013.4551 | K27: 915000 | L27: =H27*I27 -> 1625517 | M27: =MIN(K27,L27) -> 915000 | N27: . | O27: =P27/J27 -> 548.67648 | P27: 556059 | Q27: =H27*O27 -> 987850.65 | R27: =MIN(Q27,P27) -> 556059
A28: Memphis | B28: ='2010-10'!B28 -> 67.41875 | C28: ='2010-10'!C28 -> 75.14675 | D28: =C28*$A$1*1000 -> 37573.375 | E28: ='Interval Circuities'!D28 -> 1.2910194 | F28: =B28/E28 -> 52.221328 | G28: =F28*$A$1 -> 26.110664 | H28: =PI()*G28^2 -> 2141.8335 | I28: =K28/J28 -> 999.49539 | J28: 1035.5225 | K28: 1035000 | L28: =H28*I28 -> 2140752.7 | M28: =MIN(K28,L28) -> 1035000 | N28: . | O28: =P28/J28 -> 536.1216 | P28: 555166 | Q28: =H28*O28 -> 1148283.2 | R28: =MIN(Q28,P28) -> 555166
... A32: New Orleans | B32: ='2010-10'!B32 -> 56.14875 | C32: ='2010-10'!C32 -> 67.137 | D32: =C32*$A$1*1000 -> 33568.5 | E32: ='Interval Circuities'!D32 -> 1.3489149 | F32: =B32/E32 -> 41.625124 | G32: =F32*$A$1 -> 20.812562 | H32: =PI()*G32^2 -> 1360.8209 | I32: =K32/J32 -> 2146.7911 | J32: 512.39266 | K32: 1100000 | L32: =H32*I32 -> 2921398.2 | M32: =MIN(K32,L32) -> 1100000 | N32: . | O32: =P32/J32 -> 898.57065 | P32: 460421 | Q32: =H32*O32 -> 1222793.7 | R32: =MIN(Q32,P32) -> 460421
A33: New York | B33: ='2010-10'!B33 -> 55.1425 | C33: ='2010-10'!C33 -> 67.66025 | D33: =C33*$A$1*1000 -> 33830.125 | E33: ='Interval Circuities'!D33 -> 1.2364277 | F33: =B33/E33 -> 44.598241 | G33: =F33*$A$1 -> 22.299121 | H33: =PI()*G33^2 -> 1562.1594 | I33: =K33/J33 -> 2098.8798 | J33: 8683.2033 | K33: 18225000 | L33: =H33*I33 -> 3278784.8 | M33: =MIN(K33,L33) -> 3278784.8 | N33: . | O33: =P33/J33 -> 941.20588 | P33: =7737401+435281 -> 8172682 | Q33: =H33*O33 -> 1470313.6 | R33: =MIN(Q33,P33) -> 1470313.6
A34: Oklahoma City | B34: ='2010-10'!B34 -> 69.02875 | C34: ='2010-10'!C34 -> 75.95175 | D34: =C34*$A$1*1000 -> 37975.875 | E34: ='Interval Circuities'!D34 -> 1.2782038 | F34: =B34/E34 -> 54.004496 | G34: =F34*$A$1 -> 27.002248 | H34: =PI()*G34^2 -> 2290.6024 | I34: =K34/J34 -> 1048.0447 | J34: 834.88805 | K34: 875000 | L34: =H34*I34 -> 2400653.8 | M34: =MIN(K34,L34) -> 875000 | N34: . | O34: =P34/J34 -> 575.97663 | P34: 480876 | Q34: =H34*O34 -> 1319333.5 | R34: =MIN(Q34,P34) -> 480876
A35: Orlando | B35: ='2010-10'!B35 -> 58.16125 | C35: ='2010-10'!C35 -> 69.069 | D35: =C35*$A$1*1000 -> 34534.5 | E35: ='Interval Circuities'!D35 -> 1.3529409 | F35: =B35/E35 -> 42.988758 | G35: =F35*$A$1 -> 21.494379 | H35: =PI()*G35^2 -> 1451.4419 | I35: =K35/J35 -> 1197.0074 | J35: 1173.7605 | K35: 1405000 | L35: =H35*I35 -> 1737386.8 | M35: =MIN(K35,L35) -> 1405000 | N35: . | O35: =P35/J35 -> 800.10022 | P35: 939126 | Q35: =H35*O35 -> 1161299 | R35: =MIN(Q35,P35) -> 939126
A36: Philadelphia | B36: ='2010-10'!B36 -> 59.77125 | C36: ='2010-10'!C36 -> 68.06275 | D36: =C36*$A$1*1000 -> 34031.375 | E36: ='Interval Circuities'!D36 -> 1.2012463 | F36: =B36/E36 -> 49.757699 | G36: =F36*$A$1 -> 24.878849 | H36: =PI()*G36^2 -> 1944.5112 | I36: =K36/J36 -> 1139.3098 | J36: 4660.7165 | K36: 5310000 | L36: =H36*I36 -> 2215400.7 | M36: =MIN(K36,L36) -> 2215400.7 | N36: . | O36: =P36/J36 -> 550.55204 | P36: 2565967 | Q36: =H36*O36 -> 1070554.6 | R36: =MIN(Q36,P36) -> 1070554.6
A37: Phoenix | B37: ='2010-10'!B37 -> 63.756 | C37: ='2010-10'!C37 -> 70.47775 | D37: =C37*$A$1*1000 -> 35238.875 | E37: ='Interval Circuities'!D37 -> 1.3052617 | F37: =B37/E37 -> 48.845377 | G37: =F37*$A$1 -> 24.422689 | H37: =PI()*G37^2 -> 1873.8586 | I37: =K37/J37 -> 1655.0542 | J37: 2069.4187 | K37: 3425000 | L37: =H37*I37 -> 3101337.5 | M37: =MIN(K37,L37) -> 3101337.5 | N37: . | O37: =P37/J37 -> 794.59561 | P37: 1644351 | Q37: =H37*O37 -> 1488959.8 | R37: =MIN(Q37,P37) -> 1488959.8
A38: Pittsburgh | B38: ='2010-10'!B38 -> 68.46525 | C38: ='2010-10'!C38 -> 76.83725 | D38: =C38*$A$1*1000 -> 38418.625 | E38: ='Interval Circuities'!D38 -> 1.3051407 | F38: =B38/E38 -> 52.458138 | G38: =F38*$A$1 -> 26.229069 | H38: =PI()*G38^2 -> 2161.3028 | I38: =K38/J38 -> 822.12385 | J38: 2207.6966 | K38: 1815000 | L38: =H38*I38 -> 1776858.6 | M38: =MIN(K38,L38) -> 1776858.6 | N38: . | O38: =P38/J38 -> 483.83732 | P38: 1068166 | Q38: =H38*O38 -> 1045719 | R38: =MIN(Q38,P38) -> 1045719
A39: Portland | B39: ='2010-10'!B39 -> 60.9385 | C39: ='2010-10'!C39 -> 71.44375 | D39: =C39*$A$1*1000 -> 35721.875 | E39: ='Interval Circuities'!D39 -> 1.4731281 | F39: =B39/E39 -> 41.366735 | G39: =F39*$A$1 -> 20.683367 | H39: =PI()*G39^2 -> 1343.9786 | I39: =K39/J39 -> 1466.3828 | J39: 1227.5103 | K39: 1800000 | L39: =H39*I39 -> 1970787.1 | M39: =MIN(K39,L39) -> 1800000 | N39: . | O39: =P39/J39 -> 771.73934 | P39: 947318 | Q39: =H39*O39 -> 1037201.2 | R39: =MIN(Q39,P39) -> 947318
A40: Providence | B40: ='2010-10'!B40 -> 61.54225 | C40: ='2010-10'!C40 -> 68.06275 | D40: =C40*$A$1*1000 -> 34031.375 | E40: ='Interval Circuities'!D40 -> 1.2492146 | F40: =B40/E40 -> 49.264756 | G40: =F40*$A$1 -> 24.632378 | H40: =PI()*G40^2 -> 1906.174 | I40: =K40/J40 -> 954.4609 | J40: 1304.4013 | K40: 1245000 | L40: =H40*I40 -> 1819368.6 | M40: =MIN(K40,L40) -> 1245000 | N40: . | O40: =P40/J40 -> 487.50566 | P40: 635903 | Q40: =H40*O40 -> 929270.64 | R40: =MIN(Q40,P40) -> 635903
A41: Raleigh | B41: ='2010-10'!B41 -> 67.57975 | C41: ='2010-10'!C41 -> 75.46875 | D41: =C41*$A$1*1000 -> 37734.375 | E41: ='Interval Circuities'!D41 -> 1.2442193 | F41: =B41/E41 -> 54.314983 | G41: =F41*$A$1 -> 27.157491 | H41: =PI()*G41^2 -> 2317.0168 | I41: =K41/J41 -> 1238.2324 | J41: 827.79291 | K41: 1025000 | L41: =H41*I41 -> 2869005.2 | M41: =MIN(K41,L41) -> 1025000 | N41: . | O41: =P41/J41 -> 839.88881 | P41: =438888+235541+20825 -> 695254 | Q41: =H41*O41 -> 1946036.4 | R41: =MIN(Q41,P41) -> 695254
A42: Rochester | B42: ='2010-10'!B42 -> 63.595 | C42: ='2010-10'!C42 -> 70.84 | D42: =C42*$A$1*1000 -> 35420 | E42: ='Interval Circuities'!D42 -> 1.2350172 | F42: =B42/E42 -> 51.493209 | G42: =F42*$A$1 -> 25.746605 | H42: =PI()*G42^2 -> 2082.523 | I42: =K42/J42 -> 974.56496 | J42: 764.44365 | K42: 745000 | L42: =H42*I42 -> 2029553.9 | M42: =MIN(K42,L42) -> 745000 | N42: . | O42: =P42/J42 -> 596.12634 | P42: =430223+17339+8143 -> 455705 | Q42: =H42*O42 -> 1241446.8 | R42: =MIN(Q42,P42) -> 455705
A43: Sacramento | B43: ='2010-10'!B43 -> 56.87325 | C43: ='2010-10'!C43 -> 65.688 | D43: =C43*$A$1*1000 -> 32844 | E43: ='Interval Circuities'!D43 -> 1.401442 | F43: =B43/E43 -> 40.581952 | G43: =F43*$A$1 -> 20.290976 | H43: =PI()*G43^2 -> 1293.4682 | I43: =K43/J43 -> 1946.0453 | J43: 955.78454 | K43: 1860000 | L43: =H43*I43 -> 2517147.6 | M43: =MIN(K43,L43) -> 1860000 | N43: . | O43: =P43/J43 -> 727.94439 | P43: 695758 | Q43: =H43*O43 -> 941572.9 | R43: =MIN(Q43,P43) -> 695758
A44: Salt Lake City | B44: ='2010-10'!B44 -> 78.085 | C44: ='2010-10'!C44 -> 86.65825 | D44: =C44*$A$1*1000 -> 43329.125 | E44: ='Interval Circuities'!D44 -> 1.3747356 | F44: =B44/E44 -> 56.800012 | G44: =F44*$A$1 -> 28.400006 | H44: =PI()*G44^2 -> 2533.884 | I44: =K44/J44 -> 1631.619 | J44: 597.56598 | K44: 975000 | L44: =H44*I44 -> 4134333.3 | M44: =MIN(K44,L44) -> 975000 | N44: . | O44: =P44/J44 -> 1202.6187 | P44: =563242+155402 -> 718644 | Q44: =H44*O44 -> 3047296.3 | R44: =MIN(Q44,P44) -> 718644
A45: San Antonio | B45: ='2010-10'!B45 -> 64.078 | C45: ='2010-10'!C45 -> 74.42225 | D45: =C45*$A$1*1000 -> 37211.125 | E45: ='Interval Circuities'!D45 -> 1.3398516 | F45: =B45/E45 -> 47.8247 | G45: =F45*$A$1 -> 23.91235 | H45: =PI()*G45^2 -> 1796.3642 | I45: =K45/J45 -> 1373.6608 | J45: 1055.5735 | K45: 1450000 | L45: =H45*I45 -> 2467595.1 | M45: =MIN(K45,L45) -> 1450000 | N45: . | O45: =P45/J45 -> 697.1253 | P45: 735867 | Q45: =H45*O45 -> 1252290.9 | R45: =MIN(Q45,P45) -> 735867
A46: San Diego | B46: ='2010-10'!B46 -> 60.49575 | C46: ='2010-10'!C46 -> 69.67275 | D46: =C46*$A$1*1000 -> 34836.375 | E46: ='Interval Circuities'!D46 -> 1.406258 | F46: =B46/E46 -> 43.018956 | G46: =F46*$A$1 -> 21.509478 | H46: =PI()*G46^2 -> 1453.4819 | I46: =K46/J46 -> 1455.9906 | J46: 2026.112 | K46: 2950000 | L46: =H46*I46 -> 2116255.9 | M46: =MIN(K46,L46) -> 2116255.9 | N46: . | O46: =P46/J46 -> 586.57319 | P46: 1188463 | Q46: =H46*O46 -> 852573.5 | R46: =MIN(Q46,P46) -> 852573.5
A47: San Francisco1 | B47: ='2010-10'!B47 -> 53.25075 | C47: ='2010-10'!C47 -> 64.11825 | D47: =C47*$A$1*1000 -> 32059.125 | E47: ='Interval Circuities'!D47 -> 1.4245037 | F47: =B47/E47 -> 37.381966 | G47: =F47*$A$1 -> 18.690983 | H47: =PI()*G47^2 -> 1097.5243 | I47: =K47/J47 -> 4044.2446 | J47: 1107.7471 | K47: 4480000 | L47: =H47*I47 -> 4438656.8 | M47: =MIN(K47,L47) -> 4438656.8 | N47: . | O47: =P47/J47 -> 1773.2505 | P47: 1964313 | Q47: =H47*O47 -> 1946185.5 | R47: =MIN(Q47,P47) -> 1946185.5
A48: San Jose1 | B48: ='2010-10'!B48 -> 63.71575 | C48: ='2010-10'!C48 -> 74.382 | D48: =C48*$A$1*1000 -> 37191 | E48: ='Interval Circuities'!D48 -> 1.3973659 | F48: =B48/E48 -> 45.597039 | G48: =F48*$A$1 -> 22.79852 | H48: =PI()*G48^2 -> 1632.9135 | I48: =K48/J48 -> 2530.8613 | J48: 673.68371 | K48: 1705000 | L48: =H48*I48 -> 4132677.4 | M48: =MIN(K48,L48) -> 1705000 | N48: . | O48: =P48/J48 -> 1384.3499 | P48: 932614 | Q48: =H48*O48 -> 2260523.6 | R48: =MIN(Q48,P48) -> 932614
A49: Seattle | B49: ='2010-10'!B49 -> 52.92875 | C49: ='2010-10'!C49 -> 63.23275 | D49: =C49*$A$1*1000 -> 31616.375 | E49: ='Interval Circuities'!D49 -> 1.4529282 | F49: =B49/E49 -> 36.42902 | G49: =F49*$A$1 -> 18.21451 | H49: =PI()*G49^2 -> 1042.2811 | I49: =K49/J49 -> 1255.1211 | J49: 2469.8811 | K49: 3100000 | L49: =H49*I49 -> 1308189 | M49: =MIN(K49,L49) -> 1308189 | N49: . | O49: =P49/J49 -> 637.55538 | P49: 1574686 | Q49: =H49*O49 -> 664511.92 | R49: =MIN(Q49,P49) -> 664511.92
A50: South Florida | B50: ='2010-10'!B50 -> 60.375 | C50: ='2010-10'!C50 -> 66.815 | D50: =C50*$A$1*1000 -> 33407.5 | E50: ='Interval Circuities'!D50 -> 1.2629261 | F50: =B50/E50 -> 47.805646 | G50: =F50*$A$1 -> 23.902823 | H50: =PI()*G50^2 -> 1794.9331 | I50: =K50/J50 -> 1874.9988 | J50: 2890.6685 | K50: 5420000 | L50: =H50*I50 -> 3365497.4 | M50: =MIN(K50,L50) -> 3365497.4 | N50: . | O50: =P50/J50 -> 693.05838 | P50: 2003402 | Q50: =H50*O50 -> 1243993.4 | R50: =MIN(Q50,P50) -> 1243993.4
A51: St. Louis | B51: ='2010-10'!B51 -> 59.77125 | C51: ='2010-10'!C51 -> 67.5395 | D51: =C51*$A$1*1000 -> 33769.75 | E51: ='Interval Circuities'!D51 -> 1.3725412 | F51: =B51/E51 -> 43.547872 | G51: =F51*$A$1 -> 21.773936 | H51: =PI()*G51^2 -> 1489.4426 | I51: =K51/J51 -> 1031.6845 | J51: 2146.9741 | K51: 2215000 | L51: =H51*I51 -> 1536634.9 | M51: =MIN(K51,L51) -> 1536634.9 | N51: . | O51: =P51/J51 -> 587.96843 | P51: 1262353 | Q51: =H51*O51 -> 875745.22 | R51: =MIN(Q51,P51) -> 875745.22
A52: Tampa Bay | B52: ='2010-10'!B52 -> 61.0995 | C52: ='2010-10'!C52 -> 68.38475 | D52: =C52*$A$1*1000 -> 34192.375 | E52: ='Interval Circuities'!D52 -> 1.2889751 | F52: =B52/E52 -> 47.401613 | G52: =F52*$A$1 -> 23.700806 | H52: =PI()*G52^2 -> 1764.7212 | I52: =K52/J52 -> 1116.5256 | J52: 2077.8744 | K52: 2320000 | L52: =H52*I52 -> 1970356.4 | M52: =MIN(K52,L52) -> 1970356.4 | N52: . | O52: =P52/J52 -> 483.81316 | P52: 1005303 | Q52: =H52*O52 -> 853795.36 | R52: =MIN(Q52,P52) -> 853795.36
A53: Washington2 | B53: ='2010-10'!B53 -> 57.0745 | C53: ='2010-10'!C53 -> 69.18975 | D53: =C53*$A$1*1000 -> 34594.875 | E53: ='Interval Circuities'!D53 -> 1.3128038 | F53: =B53/E53 -> 43.47527 | G53: =F53*$A$1 -> 21.737635 | H53: =PI()*G53^2 -> 1484.4803 | I53: =K53/J53 -> 1445.2558 | J53: 2996.0093 | K53: 4330000 | L53: =H53*I53 -> 2145453.9 | M53: =MIN(K53,L53) -> 2145453.9 | N53: . | O53: =P53/J53 -> 824.50344 | P53: 2470220 | Q53: =H53*O53 -> 1223959.1 | R53: =MIN(Q53,P53) -> 1223959.1

Sheet 2010-40
A1: =4/6 -> 0.66666667 | B1: Network Speed (congested) [km/h] | C1: Network Speed (freeflow) [km/h] | D1: 40 Minute Distance | E1: Circuity [ ] | F1: Average Airline Speed [km/h] | G1: Airline Radius [km] | H1: Area covered in $A$1$ hrs [km2] | I1: Urbanized area density [people/km2] | J1: Area [km2] | K1: Population | L1: Accessibility | M1: MinPA,P | N1: . | O1: Employment Density | P1: Employment | Q1: Employment Accessibility | R1: Min EA, E
A2: Area | B2: S_n | C2: S_f | E2: C3 | F2: S_a | G2: R_a | H2: A_X | I2: D_UA | J2: Area | K2: Pop | L2: A_P | M2: MinA_P | N2: . | O2: D_Emp | P2: Emp | Q2: A_E | R2: MinA_E
A3: Atlanta | B3: ='2010-10'!B3 -> 57.43675 | C3: ='2010-10'!C3 -> 68.14325 | D3: =C3*$A$1*1000 -> 45428.833 | E3: ='Interval Circuities'!E3 -> 1.24118 | F3: =B3/E3 -> 46.275922 | G3: =F3*$A$1 -> 30.850615 | H3: =PI()*G3^2 -> 2990.0436 | I3: =K3/J3 -> 873.48978 | J3: 5083.0589 | K3: 4440000 | L3: =H3*I3 -> 2611772.5 | M3: =MIN(K3,L3) -> 2611772.5 | N3: . | O3: =P3/J3 -> 436.36913 | P3: 2218090 | Q3: =H3*O3 -> 1304762.7 | R3: =MIN(Q3,P3) -> 1304762.7
A4: Austin | B4: ='2010-10'!B4 -> 62.91075 | C4: ='2010-10'!C4 -> 76.75675 | D4: =C4*$A$1*1000 -> 51171.167 | E4: ='Interval Circuities'!E4 -> 1.3069706 | F4: =B4/E4 -> 48.134785 | G4: =F4*$A$1 -> 32.089857 | H4: =PI()*G4^2 -> 3235.083 | I4: =K4/J4 -> 1256.1526 | J4: 823.94448 | K4: 1035000 | L4: =H4*I4 -> 4063757.9 | M4: =MIN(K4,L4) -> 1035000 | N4: . | O4: =P4/J4 -> 796.23932 | P4: 656057 | Q4: =H4*O4 -> 2575900.3 | R4: =MIN(Q4,P4) -> 656057
A5: Baltimore2 | B5: ='2010-10'!B5 -> 59.8115 | C5: ='2010-10'!C5 -> 68.62625 | D5: =C5*$A$1*1000 -> 45750.833 | E5: ='Interval Circuities'!E5 -> 1.2476796 | F5: =B5/E5 -> 47.938187 | G5: =F5*$A$1 -> 31.958791 | H5: =PI()*G5^2 -> 3208.7107 | I5: =K5/J5 -> 1312.0237 | J5: 1768.2607 | K5: 2320000 | L5: =H5*I5 -> 4209904.6 | M5: =MIN(K5,L5) -> 2320000 | N5: . | O5: =P5/J5 -> 634.47657 | P5: 1121920 | Q5: =H5*O5 -> 2035851.8 | R5: =MIN(Q5,P5) -> 1121920
A6: Boston | B6: ='2010-10'!B6 -> 53.613 | C6: ='2010-10'!C6 -> 62.8705 | D6: =C6*$A$1*1000 -> 41913.667 | E6: ='Interval Circuities'!E6 -> 1.2078231 | F6: =B6/E6 -> 44.388123 | G6: =F6*$A$1 -> 29.592082 | H6: =PI()*G6^2 -> 2751.0654 | I6: =K6/J6 -> 934.02366 | J6: 4496.6741 | K6: 4200000 | L6: =H6*I6 -> 2569560.1 | M6: =MIN(K6,L6) -> 2569560.1 | N6: . | O6: =P6/J6 -> 645.532 | P6: =2341938+286024+61431+22699+190655 -> 2902747 | Q6: =H6*O6 -> 1775900.7 | R6: =MIN(Q6,P6) -> 1775900.7
A7: Buffalo | B7: ='2010-10'!B7 -> 63.434 | C7: ='2010-10'!C7 -> 70.23625 | D7: =C7*$A$1*1000 -> 46824.167 | E7: ='Interval Circuities'!E7 -> 1.1895929 | F7: =B7/E7 -> 53.324124 | G7: =F7*$A$1 -> 35.549416 | H7: =PI()*G7^2 -> 3970.2223 | I7: =K7/J7 -> 1184.5434 | J7: 949.73302 | K7: 1125000 | L7: =H7*I7 -> 4702900.6 | M7: =MIN(K7,L7) -> 1125000 | N7: . | O7: =P7/J7 -> 494.17362 | P7: 469333 | Q7: =H7*O7 -> 1961979.1 | R7: =MIN(Q7,P7) -> 469333
A8: Charlotte | B8: ='2010-10'!B8 -> 61.2605 | C8: ='2010-10'!C8 -> 70.79975 | D8: =C8*$A$1*1000 -> 47199.833 | E8: ='Interval Circuities'!E8 -> 1.225998 | F8: =B8/E8 -> 49.967862 | G8: =F8*$A$1 -> 33.311908 | H8: =PI()*G8^2 -> 3486.1726 | I8: =K8/J8 -> 949.91538 | J8: 1126.4161 | K8: 1070000 | L8: =H8*I8 -> 3311568.9 | M8: =MIN(K8,L8) -> 1070000 | N8: . | O8: =P8/J8 -> 723.79202 | P8: 815291 | Q8: =H8*O8 -> 2523263.9 | R8: =MIN(Q8,P8) -> 815291
A9: Chicago | B9: ='2010-10'!B9 -> 49.266 | C9: ='2010-10'!C9 -> 60.49575 | D9: =C9*$A$1*1000 -> 40330.5 | E9: ='Interval Circuities'!E9 -> 1.2158976 | F9: =B9/E9 -> 40.518214 | G9: =F9*$A$1 -> 27.012142 | H9: =PI()*G9^2 -> 2292.2814 | I9: =K9/J9 -> 1535.0878 | J9: 5498.057 | K9: 8440000 | L9: =H9*I9 -> 3518853.2 | M9: =MIN(K9,L9) -> 3518853.2 | N9: . | O9: =P9/J9 -> 761.20455 | P9: 4185146 | Q9: =H9*O9 -> 1744895.1 | R9: =MIN(Q9,P9) -> 1744895.1
A10: Cincinnati | B10: ='2010-10'!B10 -> 66.8955 | C10: ='2010-10'!C10 -> 72.5305 | D10: =C10*$A$1*1000 -> 48353.667 | E10: ='Interval Circuities'!E10 -> 1.2806447 | F10: =B10/E10 -> 52.235799 | G10: =F10*$A$1 -> 34.823866 | H10: =PI()*G10^2 -> 3809.8145 | I10: =K10/J10 -> 959.84466 | J10: 1739.8649 | K10: 1670000 | L10: =H10*I10 -> 3656830.1 | M10: =MIN(K10,L10) -> 1670000 | N10: . | O10: =P10/J10 -> 544.46872 | P10: 947302 | Q10: =H10*O10 -> 2074324.8 | R10: =MIN(Q10,P10) -> 947302
A11: Cleveland | B11: ='2010-10'!B11 -> 66.332 | C11: ='2010-10'!C11 -> 73.0135 | D11: =C11*$A$1*1000 -> 48675.667 | E11: ='Interval Circuities'!E11 -> 1.1762375 | F11: =B11/E11 -> 56.393371 | G11: =F11*$A$1 -> 37.595581 | H11: =PI()*G11^2 -> 4440.414 | I11: =K11/J11 -> 1068.1935 | J11: 1675.7263 | K11: 1790000 | L11: =H11*I11 -> 4743221.5 | M11: =MIN(K11,L11) -> 1790000 | N11: . | O11: =P11/J11 -> 567.00129 | P11: 950139 | Q11: =H11*O11 -> 2517720.5 | R11: =MIN(Q11,P11) -> 950139
A12: Columbus | B12: ='2010-10'!B12 -> 73.1745 | C12: ='2010-10'!C12 -> 79.7755 | D12: =C12*$A$1*1000 -> 53183.667 | E12: ='Interval Circuities'!E12 -> 1.1959405 | F12: =B12/E12 -> 61.185737 | G12: =F12*$A$1 -> 40.790491 | H12: =PI()*G12^2 -> 5227.1835 | I12: =K12/J12 -> 1189.2536 | J12: 1030.0578 | K12: 1225000 | L12: =H12*I12 -> 6216446.8 | M12: =MIN(K12,L12) -> 1225000 | N12: . | O12: =P12/J12 -> 769.83056 | P12: 792970 | Q12: =H12*O12 -> 4024045.6 | R12: =MIN(Q12,P12) -> 792970
A13: Dallas-Fort Worth | B13: ='2010-10'!B13 -> 53.89475 | C13: ='2010-10'!C13 -> 63.39375 | D13: =C13*$A$1*1000 -> 42262.5 | E13: ='Interval Circuities'!E13 -> 1.2625861 | F13: =B13/E13 -> 42.686001 | G13: =F13*$A$1 -> 28.457334 | H13: =PI()*G13^2 -> 2544.1241 | I13: =K13/J13 -> 1219.7405 | J13: 3644.2179 | K13: 4445000 | L13: =H13*I13 -> 3103171.1 | M13: =MIN(K13,L13) -> 3103171.1 | N13: . | O13: =P13/J13 -> 729.77414 | P13: 2659456 | Q13: =H13*O13 -> 1856636 | R13: =MIN(Q13,P13) -> 1856636
A14: Denver | B14: ='2010-10'!B14 -> 54.78025 | C14: ='2010-10'!C14 -> 64.11825 | D14: =C14*$A$1*1000 -> 42745.5 | E14: ='Interval Circuities'!E14 -> 1.3585033 | F14: =B14/E14 -> 40.323973 | G14: =F14*$A$1 -> 26.882649 | H14: =PI()*G14^2 -> 2270.3562 | I14: =K14/J14 -> 1687.4293 | J14: 1291.906 | K14: 2180000 | L14: =H14*I14 -> 3831065.5 | M14: =MIN(K14,L14) -> 2180000 | N14: . | O14: =P14/J14 -> 885.41349 | P14: 1143871 | Q14: =H14*O14 -> 2010204 | R14: =MIN(Q14,P14) -> 1143871
A15: Detroit | B15: ='2010-10'!B15 -> 57.5575 | C15: ='2010-10'!C15 -> 65.1245 | D15: =C15*$A$1*1000 -> 43416.333 | E15: ='Interval Circuities'!E15 -> 1.2059624 | F15: =B15/E15 -> 47.727443 | G15: =F15*$A$1 -> 31.818295 | H15: =PI()*G15^2 -> 3180.5607 | I15: =K15/J15 -> 1239.616 | J15: 3267.1409 | K15: 4050000 | L15: =H15*I15 -> 3942673.9 | M15: =MIN(K15,L15) -> 3942673.9 | N15: . | O15: =P15/J15 -> 521.88291 | P15: 1705065 | Q15: =H15*O15 -> 1659880.3 | R15: =MIN(Q15,P15) -> 1659880.3
A16: Grand Rapids | B16: ='2010-10'!B16 -> 72.65 | C16: ='2010-10'!C16 -> 79.78 | D16: =C16*$A$1*1000 -> 53186.667 | E16: ='Interval Circuities'!E16 -> 1.2427824 | F16: =B16/E16 -> 58.457537 | G16: =F16*$A$1 -> 38.971691 | H16: =PI()*G16^2 -> 4771.428 | I16: =K16/J16 -> 900.16543 | J16: 666.54415 | K16: 600000 | L16: =H16*I16 -> 4295074.6 | M16: =MIN(K16,L16) -> 600000 | N16: . | O16: =P16/J16 -> 799.60645 | P16: =347964+52598+97277+35134 -> 532973 | Q16: =H16*O16 -> 3815264.6 | R16: =MIN(Q16,P16) -> 532973
A17: Hampton Roads | B17: ='2010-10'!B17 -> 63.39375 | C17: ='2010-10'!C17 -> 72.08775 | D17: =C17*$A$1*1000 -> 48058.5 | E17: ='Interval Circuities'!E17 -> 1.3015601 | F17: =B17/E17 -> 48.705971 | G17: =F17*$A$1 -> 32.470647 | H17: =PI()*G17^2 -> 3312.316 | I17: =K17/J17 -> 1132.3577 | J17: 1364.4099 | K17: 1545000 | L17: =H17*I17 -> 3750726.4 | M17: =MIN(K17,L17) -> 1545000 | N17: . | O17: =P17/J17 -> 466.71826 | P17: 636795 | Q17: =H17*O17 -> 1545918.3 | R17: =MIN(Q17,P17) -> 636795
A18: Hartford | B18: ='2010-10'!B18 -> 65.96975 | C18: ='2010-10'!C18 -> 73.8185 | D18: =C18*$A$1*1000 -> 49212.333 | E18: ='Interval Circuities'!E18 -> 1.2343533 | F18: =B18/E18 -> 53.444788 | G18: =F18*$A$1 -> 35.629859 | H18: =PI()*G18^2 -> 3988.2106 | I18: =K18/J18 -> 736.26707 | J18: 1215.5915 | K18: 895000 | L18: =H18*I18 -> 2936388.1 | M18: =MIN(K18,L18) -> 895000 | N18: . | O18: =P18/J18 -> 466.09078 | P18: 566576 | Q18: =H18*O18 -> 1858868.2 | R18: =MIN(Q18,P18) -> 566576
A19: Honolulu | B19: ='2010-10'!B19 -> 61.7435 | C19: ='2010-10'!C19 -> 74.74425 | D19: =C19*$A$1*1000 -> 49829.5 | E19: ='Interval Circuities'!E19 -> 1.4322617 | F19: =B19/E19 -> 43.109091 | G19: =F19*$A$1 -> 28.739394 | H19: =PI()*G19^2 -> 2594.8072 | I19: =K19/J19 -> 1766.1212 | J19: 399.17986 | K19: 705000 | L19: =H19*I19 -> 4582743.9 | M19: =MIN(K19,L19) -> 705000 | N19: . | O19: =P19/J19 -> 894.79465 | P19: 357184 | Q19: =H19*O19 -> 2321819.6 | R19: =MIN(Q19,P19) -> 357184
A20: Houston | B20: ='2010-10'!B20 -> 58.40275 | C20: ='2010-10'!C20 -> 69.59225 | D20: =C20*$A$1*1000 -> 46394.833 | E20: ='Interval Circuities'!E20 -> 1.2834405 | F20: =B20/E20 -> 45.504835 | G20: =F20*$A$1 -> 30.336557 | H20: =PI()*G20^2 -> 2891.2287 | I20: =K20/J20 -> 1137.2032 | J20: 3354.7213 | K20: 3815000 | L20: =H20*I20 -> 3287914.6 | M20: =MIN(K20,L20) -> 3287914.6 | N20: . | O20: =P20/J20 -> 675.48025 | P20: 2266048 | Q20: =H20*O20 -> 1952967.9 | R20: =MIN(Q20,P20) -> 1952967.9
A21: Indianapolis | B21: ='2010-10'!B21 -> 54.53875 | C21: ='2010-10'!C21 -> 64.44025 | D21: =C21*$A$1*1000 -> 42960.167 | E21: ='Interval Circuities'!E21 -> 1.2172145 | F21: =B21/E21 -> 44.806195 | G21: =F21*$A$1 -> 29.870796 | H21: =PI()*G21^2 -> 2803.1315 | I21: =K21/J21 -> 747.17665 | J21: 1432.0576 | K21: 1070000 | L21: =H21*I21 -> 2094434.4 | M21: =MIN(K21,L21) -> 1070000 | N21: . | O21: =P21/J21 -> 555.53771 | P21: 795562 | Q21: =H21*O21 -> 1557245.3 | R21: =MIN(Q21,P21) -> 795562
A22: Inland Empire2 | B22: ='2010-10'!B22 -> 60.17375 | C22: ='2010-10'!C22 -> 67.82125 | D22: =C22*$A$1*1000 -> 45214.167 | E22: ='Interval Circuities'!E22 -> 1.3598603 | F22: =B22/E22 -> 44.24995 | G22: =F22*$A$1 -> 29.499967 | H22: =PI()*G22^2 -> 2733.9649 | I22: =K22/J22 -> 1786.307 | J22: 1136.4228 | K22: 2030000 | L22: =H22*I22 -> 4883700.6 | M22: =MIN(K22,L22) -> 2030000 | N22: . | O22: =P22/J22 -> 966.107 | P22: 1097906 | Q22: =H22*O22 -> 2641302.6 | R22: =MIN(Q22,P22) -> 1097906
A23: Jacksonville | B23: ='2010-10'!B23 -> 66.332 | C23: ='2010-10'!C23 -> 74.18075 | D23: =C23*$A$1*1000 -> 49453.833 | E23: ='Interval Circuities'!E23 -> 1.3181635 | F23: =B23/E23 -> 50.321525 | G23: =F23*$A$1 -> 33.547683 | H23: =PI()*G23^2 -> 3535.6962 | I23: =K23/J23 -> 978.15001 | J23: 1063.2316 | K23: 1040000 | L23: =H23*I23 -> 3458441.3 | M23: =MIN(K23,L23) -> 1040000 | N23: . | O23: =P23/J23 -> 508.16022 | P23: 540292 | Q23: =H23*O23 -> 1796700.2 | R23: =MIN(Q23,P23) -> 540292
A24: Kansas City | B24: ='2010-10'!B24 -> 63.434 | C24: ='2010-10'!C24 -> 69.552 | D24: =C24*$A$1*1000 -> 46368 | E24: ='Interval Circuities'!E24 -> 1.2592054 | F24: =B24/E24 -> 50.376215 | G24: =F24*$A$1 -> 33.584143 | H24: =PI()*G24^2 -> 3543.3857 | I24: =K24/J24 -> 1007.5137 | J24: 1513.627 | K24: 1525000 | L24: =H24*I24 -> 3570009.6 | M24: =MIN(K24,L24) -> 1525000 | N24: . | O24: =P24/J24 -> 613.5045 | P24: 928617 | Q24: =H24*O24 -> 2173883 | R24: =MIN(Q24,P24) -> 928617
A25: Las Vegas | B25: ='2010-10'!B25 -> 59.52975 | C25: ='2010-10'!C25 -> 69.83375 | D25: =C25*$A$1*1000 -> 46555.833 | E25: ='Interval Circuities'!E25 -> 1.320079 | F25: =B25/E25 -> 45.095598 | G25: =F25*$A$1 -> 30.063732 | H25: =PI()*G25^2 -> 2839.4594 | I25: =K25/J25 -> 1897.3715 | J25: 740.49811 | K25: 1405000 | L25: =H25*I25 -> 5387509.2 | M25: =MIN(K25,L25) -> 1405000 | N25: . | O25: =P25/J25 -> 1137.2034 | P25: 842097 | Q25: =H25*O25 -> 3229042.9 | R25: =MIN(Q25,P25) -> 842097
A26: Los Angeles2 | B26: ='2010-10'!B26 -> 52.92875 | C26: ='2010-10'!C26 -> 66.0905 | D26: =C26*$A$1*1000 -> 44060.333 | E26: ='Interval Circuities'!E26 -> 1.2436425 | F26: =B26/E26 -> 42.559456 | G26: =F26*$A$1 -> 28.372971 | H26: =PI()*G26^2 -> 2529.0621 | I26: =K26/J26 -> 2963.0108 | J26: 4319.9303 | K26: 12800000 | L26: =H26*I26 -> 7493638.1 | M26: =MIN(K26,L26) -> 7493638.1 | N26: . | O26: =P26/J26 -> 1240.2952 | P26: 5357989 | Q26: =H26*O26 -> 3136783.6 | R26: =MIN(Q26,P26) -> 3136783.6
A27: Louisville | B27: ='2010-10'!B27 -> 63.47425 | C27: ='2010-10'!C27 -> 71.28275 | D27: =C27*$A$1*1000 -> 47521.833 | E27: ='Interval Circuities'!E27 -> 1.3143592 | F27: =B27/E27 -> 48.292927 | G27: =F27*$A$1 -> 32.195284 | H27: =PI()*G27^2 -> 3256.3749 | I27: =K27/J27 -> 902.852 | J27: 1013.4551 | K27: 915000 | L27: =H27*I27 -> 2940024.6 | M27: =MIN(K27,L27) -> 915000 | N27: . | O27: =P27/J27 -> 548.67648 | P27: 556059 | Q27: =H27*O27 -> 1786696.3 | R27: =MIN(Q27,P27) -> 556059
A28: Memphis | B28: ='2010-10'!B28 -> 67.41875 | C28: ='2010-10'!C28 -> 75.14675 | D28: =C28*$A$1*1000 -> 50097.833 | E28: ='Interval Circuities'!E28 -> 1.266988 | F28: =B28/E28 -> 53.211831 | G28: =F28*$A$1 -> 35.474554 | H28: =PI()*G28^2 -> 3953.5184 | I28: =K28/J28 -> 999.49539 | J28: 1035.5225 | K28: 1035000 | L28: =H28*I28 -> 3951523.4 | M28: =MIN(K28,L28) -> 1035000 | N28: . | O28: =P28/J28 -> 536.1216 | P28: 555166 | Q28: =H28*O28 -> 2119566.6 | R28: =MIN(Q28,P28) -> 555166
... A32: New Orleans | B32: ='2010-10'!B32 -> 56.14875 | C32: ='2010-10'!C32 -> 67.137 | D32: =C32*$A$1*1000 -> 44758 | E32: ='Interval Circuities'!E32 -> 1.3389834 | F32: =B32/E32 -> 41.933866 | G32: =F32*$A$1 -> 27.95591 | H32: =PI()*G32^2 -> 2455.2581 | I32: =K32/J32 -> 2146.7911 | J32: 512.39266 | K32: 1100000 | L32: =H32*I32 -> 5270926.3 | M32: =MIN(K32,L32) -> 1100000 | N32: . | O32: =P32/J32 -> 898.57065 | P32: 460421 | Q32: =H32*O32 -> 2206222.9 | R32: =MIN(Q32,P32) -> 460421
A33: New York | B33: ='2010-10'!B33 -> 55.1425 | C33: ='2010-10'!C33 -> 67.66025 | D33: =C33*$A$1*1000 -> 45106.833 | E33: ='Interval Circuities'!E33 -> 1.222552 | F33: =B33/E33 -> 45.104419 | G33: =F33*$A$1 -> 30.069613 | H33: =PI()*G33^2 -> 2840.5703 | I33: =K33/J33 -> 2098.8798 | J33: 8683.2033 | K33: 18225000 | L33: =H33*I33 -> 5962015.7 | M33: =MIN(K33,L33) -> 5962015.7 | N33: . | O33: =P33/J33 -> 941.20588 | P33: =7737401+435281 -> 8172682 | Q33: =H33*O33 -> 2673561.5 | R33: =MIN(Q33,P33) -> 2673561.5
A34: Oklahoma City | B34: ='2010-10'!B34 -> 69.02875 | C34: ='2010-10'!C34 -> 75.95175 | D34: =C34*$A$1*1000 -> 50634.5 | E34: ='Interval Circuities'!E34 -> 1.2586491 | F34: =B34/E34 -> 54.843524 | G34: =F34*$A$1 -> 36.56235 | H34: =PI()*G34^2 -> 4199.698 | I34: =K34/J34 -> 1048.0447 | J34: 834.88805 | K34: 875000 | L34: =H34*I34 -> 4401471.3 | M34: =MIN(K34,L34) -> 875000 | N34: . | O34: =P34/J34 -> 575.97663 | P34: 480876 | Q34: =H34*O34 -> 2418927.9 | R34: =MIN(Q34,P34) -> 480876
A35: Orlando | B35: ='2010-10'!B35 -> 58.16125 | C35: ='2010-10'!C35 -> 69.069 | D35: =C35*$A$1*1000 -> 46046 | E35: ='Interval Circuities'!E35 -> 1.3357223 | F35: =B35/E35 -> 43.542922 | G35: =F35*$A$1 -> 29.028614 | H35: =PI()*G35^2 -> 2647.2959 | I35: =K35/J35 -> 1197.0074 | J35: 1173.7605 | K35: 1405000 | L35: =H35*I35 -> 3168832.9 | M35: =MIN(K35,L35) -> 1405000 | N35: . | O35: =P35/J35 -> 800.10022 | P35: 939126 | Q35: =H35*O35 -> 2118102 | R35: =MIN(Q35,P35) -> 939126
A36: Philadelphia | B36: ='2010-10'!B36 -> 59.77125 | C36: ='2010-10'!C36 -> 68.06275 | D36: =C36*$A$1*1000 -> 45375.167 | E36: ='Interval Circuities'!E36 -> 1.185517 | F36: =B36/E36 -> 50.417879 | G36: =F36*$A$1 -> 33.611919 | H36: =PI()*G36^2 -> 3549.2492 | I36: =K36/J36 -> 1139.3098 | J36: 4660.7165 | K36: 5310000 | L36: =H36*I36 -> 4043694.4 | M36: =MIN(K36,L36) -> 4043694.4 | N36: . | O36: =P36/J36 -> 550.55204 | P36: 2565967 | Q36: =H36*O36 -> 1954046.4 | R36: =MIN(Q36,P36) -> 1954046.4
A37: Phoenix | B37: ='2010-10'!B37 -> 63.756 | C37: ='2010-10'!C37 -> 70.47775 | D37: =C37*$A$1*1000 -> 46985.167 | E37: ='Interval Circuities'!E37 -> 1.2881022 | F37: =B37/E37 -> 49.496071 | G37: =F37*$A$1 -> 32.997381 | H37: =PI()*G37^2 -> 3420.6514 | I37: =K37/J37 -> 1655.0542 | J37: 2069.4187 | K37: 3425000 | L37: =H37*I37 -> 5661363.3 | M37: =MIN(K37,L37) -> 3425000 | N37: . | O37: =P37/J37 -> 794.59561 | P37: 1644351 | Q37: =H37*O37 -> 2718034.6 | R37: =MIN(Q37,P37) -> 1644351
A38: Pittsburgh | B38: ='2010-10'!B38 -> 68.46525 | C38: ='2010-10'!C38 -> 76.83725 | D38: =C38*$A$1*1000 -> 51224.833 | E38: ='Interval Circuities'!E38 -> 1.2817944 | F38: =B38/E38 -> 53.413598 | G38: =F38*$A$1 -> 35.609065 | H38: =PI()*G38^2 -> 3983.5569 | I38: =K38/J38 -> 822.12385 | J38: 2207.6966 | K38: 1815000 | L38: =H38*I38 -> 3274977.1 | M38: =MIN(K38,L38) -> 1815000 | N38: . | O38: =P38/J38 -> 483.83732 | P38: 1068166 | Q38: =H38*O38 -> 1927393.5 | R38: =MIN(Q38,P38) -> 1068166
A39: Portland | B39: ='2010-10'!B39 -> 60.9385 | C39: ='2010-10'!C39 -> 71.44375 | D39: =C39*$A$1*1000 -> 47629.167 | E39: ='Interval Circuities'!E39 -> 1.45627 | F39: =B39/E39 -> 41.845606 | G39: =F39*$A$1 -> 27.897071 | H39: =PI()*G39^2 -> 2444.9337 | I39: =K39/J39 -> 1466.3828 | J39: 1227.5103 | K39: 1800000 | L39: =H39*I39 -> 3585208.7 | M39: =MIN(K39,L39) -> 1800000 | N39: . | O39: =P39/J39 -> 771.73934 | P39: 947318 | Q39: =H39*O39 -> 1886851.5 | R39: =MIN(Q39,P39) -> 947318
A40: Providence | B40: ='2010-10'!B40 -> 61.54225 | C40: ='2010-10'!C40 -> 68.06275 | D40: =C40*$A$1*1000 -> 45375.167 | E40: ='Interval Circuities'!E40 -> 1.2359886 | F40: =B40/E40 -> 49.791923 | G40: =F40*$A$1 -> 33.194615 | H40: =PI()*G40^2 -> 3461.6659 | I40: =K40/J40 -> 954.4609 | J40: 1304.4013 | K40: 1245000 | L40: =H40*I40 -> 3304024.8 | M40: =MIN(K40,L40) -> 1245000 | N40: . | O40: =P40/J40 -> 487.50566 | P40: 635903 | Q40: =H40*O40 -> 1687581.7 | R40: =MIN(Q40,P40) -> 635903
A41: Raleigh | B41: ='2010-10'!B41 -> 67.57975 | C41: ='2010-10'!C41 -> 75.46875 | D41: =C41*$A$1*1000 -> 50312.5 | E41: ='Interval Circuities'!E41 -> 1.2214655 | F41: =B41/E41 -> 55.326775 | G41: =F41*$A$1 -> 36.884517 | H41: =PI()*G41^2 -> 4274.035 | I41: =K41/J41 -> 1238.2324 | J41: 827.79291 | K41: 1025000 | L41: =H41*I41 -> 5292248.6 | M41: =MIN(K41,L41) -> 1025000 | N41: . | O41: =P41/J41 -> 839.88881 | P41: =438888+235541+20825 -> 695254 | Q41: =H41*O41 -> 3589714.2 | R41: =MIN(Q41,P41) -> 695254
A42: Rochester | B42: ='2010-10'!B42 -> 63.595 | C42: ='2010-10'!C42 -> 70.84 | D42: =C42*$A$1*1000 -> 47226.667 | E42: ='Interval Circuities'!E42 -> 1.2194278 | F42: =B42/E42 -> 52.151511 | G42: =F42*$A$1 -> 34.767674 | H42: =PI()*G42^2 -> 3797.5294 | I42: =K42/J42 -> 974.56496 | J42: 764.44365 | K42: 745000 | L42: =H42*I42 -> 3700939.1 | M42: =MIN(K42,L42) -> 745000 | N42: . | O42: =P42/J42 -> 596.12634 | P42: =430223+17339+8143 -> 455705 | Q42: =H42*O42 -> 2263807.3 | R42: =MIN(Q42,P42) -> 455705
A43: Sacramento | B43: ='2010-10'!B43 -> 56.87325 | C43: ='2010-10'!C43 -> 65.688 | D43: =C43*$A$1*1000 -> 43792 | E43: ='Interval Circuities'!E43 -> 1.4000561 | F43: =B43/E43 -> 40.622122 | G43: =F43*$A$1 -> 27.081414 | H43: =PI()*G43^2 -> 2304.0535 | I43: =K43/J43 -> 1946.0453 | J43: 955.78454 | K43: 1860000 | L43: =H43*I43 -> 4483792.4 | M43: =MIN(K43,L43) -> 1860000 | N43: . | O43: =P43/J43 -> 727.94439 | P43: 695758 | Q43: =H43*O43 -> 1677222.8 | R43: =MIN(Q43,P43) -> 695758
A44: Salt Lake City | B44: ='2010-10'!B44 -> 78.085 | C44: ='2010-10'!C44 -> 86.65825 | D44: =C44*$A$1*1000 -> 57772.167 | E44: ='Interval Circuities'!E44 -> 1.3815335 | F44: =B44/E44 -> 56.520528 | G44: =F44*$A$1 -> 37.680352 | H44: =PI()*G44^2 -> 4460.4613 | I44: =K44/J44 -> 1631.619 | J44: 597.56598 | K44: 975000 | L44: =H44*I44 -> 7277773.3 | M44: =MIN(K44,L44) -> 975000 | N44: . | O44: =P44/J44 -> 1202.6187 | P44: =563242+155402 -> 718644 | Q44: =H44*O44 -> 5364234 | R44: =MIN(Q44,P44) -> 718644
A45: San Antonio | B45: ='2010-10'!B45 -> 64.078 | C45: ='2010-10'!C45 -> 74.42225 | D45: =C45*$A$1*1000 -> 49614.833 | E45: ='Interval Circuities'!E45 -> 1.3117239 | F45: =B45/E45 -> 48.850219 | G45: =F45*$A$1 -> 32.566813 | H45: =PI()*G45^2 -> 3331.9646 | I45: =K45/J45 -> 1373.6608 | J45: 1055.5735 | K45: 1450000 | L45: =H45*I45 -> 4576989.3 | M45: =MIN(K45,L45) -> 1450000 | N45: . | O45: =P45/J45 -> 697.1253 | P45: 735867 | Q45: =H45*O45 -> 2322796.8 | R45: =MIN(Q45,P45) -> 735867
A46: San Diego | B46: ='2010-10'!B46 -> 60.49575 | C46: ='2010-10'!C46 -> 69.67275 | D46: =C46*$A$1*1000 -> 46448.5 | E46: ='Interval Circuities'!E46 -> 1.4002313 | F46: =B46/E46 -> 43.204111 | G46: =F46*$A$1 -> 28.80274 | H46: =PI()*G46^2 -> 2606.2585 | I46: =K46/J46 -> 1455.9906 | J46: 2026.112 | K46: 2950000 | L46: =H46*I46 -> 3794687.8 | M46: =MIN(K46,L46) -> 2950000 | N46: . | O46: =P46/J46 -> 586.57319 | P46: 1188463 | Q46: =H46*O46 -> 1528761.4 | R46: =MIN(Q46,P46) -> 1188463
A47: San Francisco1 | B47: ='2010-10'!B47 -> 53.25075 | C47: ='2010-10'!C47 -> 64.11825 | D47: =C47*$A$1*1000 -> 42745.5 | E47: ='Interval Circuities'!E47 -> 1.4139366 | F47: =B47/E47 -> 37.661343 | G47: =F47*$A$1 -> 25.107562 | H47: =PI()*G47^2 -> 1980.4276 | I47: =K47/J47 -> 4044.2446 | J47: 1107.7471 | K47: 4480000 | L47: =H47*I47 -> 8009333.5 | M47: =MIN(K47,L47) -> 4480000 | N47: . | O47: =P47/J47 -> 1773.2505 | P47: 1964313 | Q47: =H47*O47 -> 3511794.2 | R47: =MIN(Q47,P47) -> 1964313
A48: San Jose1 | B48: ='2010-10'!B48 -> 63.71575 | C48: ='2010-10'!C48 -> 74.382 | D48: =C48*$A$1*1000 -> 49588 | E48: ='Interval Circuities'!E48 -> 1.4014142 | F48: =B48/E48 -> 45.465322 | G48: =F48*$A$1 -> 30.310215 | H48: =PI()*G48^2 -> 2886.2099 | I48: =K48/J48 -> 2530.8613 | J48: 673.68371 | K48: 1705000 | L48: =H48*I48 -> 7304596.7 | M48: =MIN(K48,L48) -> 1705000 | N48: . | O48: =P48/J48 -> 1384.3499 | P48: 932614 | Q48: =H48*O48 -> 3995524.4 | R48: =MIN(Q48,P48) -> 932614
A49: Seattle | B49: ='2010-10'!B49 -> 52.92875 | C49: ='2010-10'!C49 -> 63.23275 | D49: =C49*$A$1*1000 -> 42155.167 | E49: ='Interval Circuities'!E49 -> 1.4364537 | F49: =B49/E49 -> 36.84682 | G49: =F49*$A$1 -> 24.564547 | H49: =PI()*G49^2 -> 1895.6902 | I49: =K49/J49 -> 1255.1211 | J49: 2469.8811 | K49: 3100000 | L49: =H49*I49 -> 2379320.9 | M49: =MIN(K49,L49) -> 2379320.9 | N49: . | O49: =P49/J49 -> 637.55538 | P49: 1574686 | Q49: =H49*O49 -> 1208607.5 | R49: =MIN(Q49,P49) -> 1208607.5
A50: South Florida | B50: ='2010-10'!B50 -> 60.375 | C50: ='2010-10'!C50 -> 66.815 | D50: =C50*$A$1*1000 -> 44543.333 | E50: ='Interval Circuities'!E50 -> 1.249454 | F50: =B50/E50 -> 48.321107 | G50: =F50*$A$1 -> 32.214071 | H50: =PI()*G50^2 -> 3260.1764 | I50: =K50/J50 -> 1874.9988 | J50: 2890.6685 | K50: 5420000 | L50: =H50*I50 -> 6112827 | M50: =MIN(K50,L50) -> 5420000 | N50: . | O50: =P50/J50 -> 693.05838 | P50: 2003402 | Q50: =H50*O50 -> 2259492.6 | R50: =MIN(Q50,P50) -> 2003402
A51: St. Louis | B51: ='2010-10'!B51 -> 59.77125 | C51: ='2010-10'!C51 -> 67.5395 | D51: =C51*$A$1*1000 -> 45026.333 | E51: ='Interval Circuities'!E51 -> 1.3484888 | F51: =B51/E51 -> 44.324616 | G51: =F51*$A$1 -> 29.549744 | H51: =PI()*G51^2 -> 2743.1991 | I51: =K51/J51 -> 1031.6845 | J51: 2146.9741 | K51: 2215000 | L51: =H51*I51 -> 2830116.1 | M51: =MIN(K51,L51) -> 2215000 | N51: . | O51: =P51/J51 -> 587.96843 | P51: 1262353 | Q51: =H51*O51 -> 1612914.5 | R51: =MIN(Q51,P51) -> 1262353
A52: Tampa Bay | B52: ='2010-10'!B52 -> 61.0995 | C52: ='2010-10'!C52 -> 68.38475 | D52: =C52*$A$1*1000 -> 45589.833 | E52: ='Interval Circuities'!E52 -> 1.2770055 | F52: =B52/E52 -> 47.845918 | G52: =F52*$A$1 -> 31.897279 | H52: =PI()*G52^2 -> 3196.3707 | I52: =K52/J52 -> 1116.5256 | J52: 2077.8744 | K52: 2320000 | L52: =H52*I52 -> 3568829.7 | M52: =MIN(K52,L52) -> 2320000 | N52: . | O52: =P52/J52 -> 483.81316 | P52: 1005303 | Q52: =H52*O52 -> 1546446.2 | R52: =MIN(Q52,P52) -> 1005303
A53: Washington2 | B53: ='2010-10'!B53 -> 57.0745 | C53: ='2010-10'!C53 -> 69.18975 | D53: =C53*$A$1*1000 -> 46126.5 | E53: ='Interval Circuities'!E53 -> 1.2903553 | F53: =B53/E53 -> 44.231616 | G53: =F53*$A$1 -> 29.487744 | H53: =PI()*G53^2 -> 2731.6998 | I53: =K53/J53 -> 1445.2558 | J53: 2996.0093 | K53: 4330000 | L53: =H53*I53 -> 3948005.1 | M53: =MIN(K53,L53) -> 3948005.1 | N53: . | O53: =P53/J53 -> 824.50344 | P53: 2470220 | Q53: =H53*O53 -> 2252295.9 | R53: =MIN(Q53,P53) -> 2252295.9

Sheet 2010-50
A1: =5/6 -> 0.83333333 | B1: Network Speed (congested) [km/h] | C1: Network Speed (freeflow) [km/h] | D1: 50 Minute Distance | E1: Circuity [ ] | F1: Average Airline Speed [km/h] | G1: Airline Radius [km] | H1: Area covered in $A$1$ hrs [km2] | I1: Urbanized area density [people/km2] | J1: Area [km2] | K1: Population | L1: Accessibility | M1: MinPA,P | N1: . | O1: Employment Density | P1: Employment | Q1: Employment Accessibility | R1: Min EA, E
A2: Area | B2: S_n | C2: S_f | E2: C3 | F2: S_a | G2: R_a | H2: A_X | I2: D_UA | J2: Area | K2: Pop | L2: A_P | M2: MinA_P | N2: . | O2: D_Emp | P2: Emp | Q2: A_E | R2: MinA_E
A3: Atlanta | B3: ='2010-10'!B3 -> 57.43675 | C3: ='2010-10'!C3 -> 68.14325 | D3: =C3*$A$1*1000 -> 56786.042 | E3: ='Interval Circuities'!F3 -> 1.2210427 | F3: =B3/E3 -> 47.039102 | G3: =F3*$A$1 -> 39.199252 | H3: =PI()*G3^2 -> 4827.3127 | I3: =K3/J3 -> 873.48978 | J3: 5083.0589 | K3: 4440000 | L3: =H3*I3 -> 4216608.3 | M3: =MIN(K3,L3) -> 4216608.3 | N3: . | O3: =P3/J3 -> 436.36913 | P3: 2218090 | Q3: =H3*O3 -> 2106490.2 | R3: =MIN(Q3,P3) -> 2106490.2
A4: Austin | B4: ='2010-10'!B4 -> 62.91075 | C4: ='2010-10'!C4 -> 76.75675 | D4: =C4*$A$1*1000 -> 63963.958 | E4: ='Interval Circuities'!F4 -> 1.2879993 | F4: =B4/E4 -> 48.843777 | G4: =F4*$A$1 -> 40.703148 | H4: =PI()*G4^2 -> 5204.8218 | I4: =K4/J4 -> 1256.1526 | J4: 823.94448 | K4: 1035000 | L4: =H4*I4 -> 6538050.4 | M4: =MIN(K4,L4) -> 1035000 | N4: . | O4: =P4/J4 -> 796.23932 | P4: 656057 | Q4: =H4*O4 -> 4144283.8 | R4: =MIN(Q4,P4) -> 656057
A5: Baltimore2 | B5: ='2010-10'!B5 -> 59.8115 | C5: ='2010-10'!C5 -> 68.62625 | D5: =C5*$A$1*1000 -> 57188.542 | E5: ='Interval Circuities'!F5 -> 1.2338764 | F5: =B5/E5 -> 48.474468 | G5: =F5*$A$1 -> 40.39539 | H5: =PI()*G5^2 -> 5126.4117 | I5: =K5/J5 -> 1312.0237 | J5: 1768.2607 | K5: 2320000 | L5: =H5*I5 -> 6725973.8 | M5: =MIN(K5,L5) -> 2320000 | N5: . | O5: =P5/J5 -> 634.47657 | P5: 1121920 | Q5: =H5*O5 -> 3252588.1 | R5: =MIN(Q5,P5) -> 1121920
A6: Boston | B6: ='2010-10'!B6 -> 53.613 | C6: ='2010-10'!C6 -> 62.8705 | D6: =C6*$A$1*1000 -> 52392.083 | E6: ='Interval Circuities'!F6 -> 1.1956866 | F6: =B6/E6 -> 44.838672 | G6: =F6*$A$1 -> 37.36556 | H6: =PI()*G6^2 -> 4386.2448 | I6: =K6/J6 -> 934.02366 | J6: 4496.6741 | K6: 4200000 | L6: =H6*I6 -> 4096856.5 | M6: =MIN(K6,L6) -> 4096856.5 | N6: . | O6: =P6/J6 -> 645.532 | P6: =2341938+286024+61431+22699+190655 -> 2902747 | Q6: =H6*O6 -> 2831461.4 | R6: =MIN(Q6,P6) -> 2831461.4
A7: Buffalo | B7: ='2010-10'!B7 -> 63.434 | C7: ='2010-10'!C7 -> 70.23625 | D7: =C7*$A$1*1000 -> 58530.208 | E7: ='Interval Circuities'!F7 -> 1.1803914 | F7: =B7/E7 -> 53.739802 | G7: =F7*$A$1 -> 44.783169 | H7: =PI()*G7^2 -> 6300.5652 | I7: =K7/J7 -> 1184.5434 | J7: 949.73302 | K7: 1125000 | L7: =H7*I7 -> 7463293.1 | M7: =MIN(K7,L7) -> 1125000 | N7: . | O7: =P7/J7 -> 494.17362 | P7: 469333 | Q7: =H7*O7 -> 3113573.1 | R7: =MIN(Q7,P7) -> 469333
A8: Charlotte | B8: ='2010-10'!B8 -> 61.2605 | C8: ='2010-10'!C8 -> 70.79975 | D8: =C8*$A$1*1000 -> 58999.792 | E8: ='Interval Circuities'!F8 -> 1.2193397 | F8: =B8/E8 -> 50.240715 | G8: =F8*$A$1 -> 41.867262 | H8: =PI()*G8^2 -> 5506.7961 | I8: =K8/J8 -> 949.91538 | J8: 1126.4161 | K8: 1070000 | L8: =H8*I8 -> 5230990.3 | M8: =MIN(K8,L8) -> 1070000 | N8: . | O8: =P8/J8 -> 723.79202 | P8: 815291 | Q8: =H8*O8 -> 3985775.1 | R8: =MIN(Q8,P8) -> 815291
A9: Chicago | B9: ='2010-10'!B9 -> 49.266 | C9: ='2010-10'!C9 -> 60.49575 | D9: =C9*$A$1*1000 -> 50413.125 | E9: ='Interval Circuities'!F9 -> 1.201806 | F9: =B9/E9 -> 40.993304 | G9: =F9*$A$1 -> 34.161087 | H9: =PI()*G9^2 -> 3666.1753 | I9: =K9/J9 -> 1535.0878 | J9: 5498.057 | K9: 8440000 | L9: =H9*I9 -> 5627900.9 | M9: =MIN(K9,L9) -> 5627900.9 | N9: . | O9: =P9/J9 -> 761.20455 | P9: 4185146 | Q9: =H9*O9 -> 2790709.4 | R9: =MIN(Q9,P9) -> 2790709.4
A10: Cincinnati | B10: ='2010-10'!B10 -> 66.8955 | C10: ='2010-10'!C10 -> 72.5305 | D10: =C10*$A$1*1000 -> 60442.083 | E10: ='Interval Circuities'!F10 -> 1.271905 | F10: =B10/E10 -> 52.594732 | G10: =F10*$A$1 -> 43.828943 | H10: =PI()*G10^2 -> 6034.9249 | I10: =K10/J10 -> 959.84466 | J10: 1739.8649 | K10: 1670000 | L10: =H10*I10 -> 5792590.5 | M10: =MIN(K10,L10) -> 1670000 | N10: . | O10: =P10/J10 -> 544.46872 | P10: 947302 | Q10: =H10*O10 -> 3285827.9 | R10: =MIN(Q10,P10) -> 947302
A11: Cleveland | B11: ='2010-10'!B11 -> 66.332 | C11: ='2010-10'!C11 -> 73.0135 | D11: =C11*$A$1*1000 -> 60844.583 | E11: ='Interval Circuities'!F11 -> 1.165785 | F11: =B11/E11 -> 56.898998 | G11: =F11*$A$1 -> 47.415831 | H11: =PI()*G11^2 -> 7063.1204 | I11: =K11/J11 -> 1068.1935 | J11: 1675.7263 | K11: 1790000 | L11: =H11*I11 -> 7544779.4 | M11: =MIN(K11,L11) -> 1790000 | N11: . | O11: =P11/J11 -> 567.00129 | P11: 950139 | Q11: =H11*O11 -> 4004798.4 | R11: =MIN(Q11,P11) -> 950139
A12: Columbus | B12: ='2010-10'!B12 -> 73.1745 | C12: ='2010-10'!C12 -> 79.7755 | D12: =C12*$A$1*1000 -> 66479.583 | E12: ='Interval Circuities'!F12 -> 1.1849892 | F12: =B12/E12 -> 61.751196 | G12: =F12*$A$1 -> 51.45933 | H12: =PI()*G12^2 -> 8319.1342 | I12: =K12/J12 -> 1189.2536 | J12: 1030.0578 | K12: 1225000 | L12: =H12*I12 -> 9893560.4 | M12: =MIN(K12,L12) -> 1225000 | N12: . | O12: =P12/J12 -> 769.83056 | P12: 792970 | Q12: =H12*O12 -> 6404323.7 | R12: =MIN(Q12,P12) -> 792970
A13: Dallas-Fort Worth | B13: ='2010-10'!B13 -> 53.89475 | C13: ='2010-10'!C13 -> 63.39375 | D13: =C13*$A$1*1000 -> 52828.125 | E13: ='Interval Circuities'!F13 -> 1.2464303 | F13: =B13/E13 -> 43.239283 | G13: =F13*$A$1 -> 36.032735 | H13: =PI()*G13^2 -> 4078.912 | I13: =K13/J13 -> 1219.7405 | J13: 3644.2179 | K13: 4445000 | L13: =H13*I13 -> 4975214 | M13: =MIN(K13,L13) -> 4445000 | N13: . | O13: =P13/J13 -> 729.77414 | P13: 2659456 | Q13: =H13*O13 -> 2976684.5 | R13: =MIN(Q13,P13) -> 2659456
A14: Denver | B14: ='2010-10'!B14 -> 54.78025 | C14: ='2010-10'!C14 -> 64.11825 | D14: =C14*$A$1*1000 -> 53431.875 | E14: ='Interval Circuities'!F14 -> 1.3458448 | F14: =B14/E14 -> 40.703244 | G14: =F14*$A$1 -> 33.91937 | H14: =PI()*G14^2 -> 3614.4766 | I14: =K14/J14 -> 1687.4293 | J14: 1291.906 | K14: 2180000 | L14: =H14*I14 -> 6099173.7 | M14: =MIN(K14,L14) -> 2180000 | N14: . | O14: =P14/J14 -> 885.41349 | P14: 1143871 | Q14: =H14*O14 -> 3200306.4 | R14: =MIN(Q14,P14) -> 1143871
A15: Detroit | B15: ='2010-10'!B15 -> 57.5575 | C15: ='2010-10'!C15 -> 65.1245 | D15: =C15*$A$1*1000 -> 54270.417 | E15: ='Interval Circuities'!F15 -> 1.1960713 | F15: =B15/E15 -> 48.122132 | G15: =F15*$A$1 -> 40.101777 | H15: =PI()*G15^2 -> 5052.1601 | I15: =K15/J15 -> 1239.616 | J15: 3267.1409 | K15: 4050000 | L15: =H15*I15 -> 6262738.4 | M15: =MIN(K15,L15) -> 4050000 | N15: . | O15: =P15/J15 -> 521.88291 | P15: 1705065 | Q15: =H15*O15 -> 2636636.1 | R15: =MIN(Q15,P15) -> 1705065
A16: Grand Rapids | B16: ='2010-10'!B16 -> 72.65 | C16: ='2010-10'!C16 -> 79.78 | D16: =C16*$A$1*1000 -> 66483.333 | E16: ='Interval Circuities'!F16 -> 1.2372128 | F16: =B16/E16 -> 58.720699 | G16: =F16*$A$1 -> 48.933916 | H16: =PI()*G16^2 -> 7522.632 | I16: =K16/J16 -> 900.16543 | J16: 666.54415 | K16: 600000 | L16: =H16*I16 -> 6771613.3 | M16: =MIN(K16,L16) -> 600000 | N16: . | O16: =P16/J16 -> 799.60645 | P16: =347964+52598+97277+35134 -> 532973 | Q16: =H16*O16 -> 6015145.1 | R16: =MIN(Q16,P16) -> 532973
A17: Hampton Roads | B17: ='2010-10'!B17 -> 63.39375 | C17: ='2010-10'!C17 -> 72.08775 | D17: =C17*$A$1*1000 -> 60073.125 | E17: ='Interval Circuities'!F17 -> 1.3069174 | F17: =B17/E17 -> 48.506319 | G17: =F17*$A$1 -> 40.421933 | H17: =PI()*G17^2 -> 5133.1507 | I17: =K17/J17 -> 1132.3577 | J17: 1364.4099 | K17: 1545000 | L17: =H17*I17 -> 5812562.6 | M17: =MIN(K17,L17) -> 1545000 | N17: . | O17: =P17/J17 -> 466.71826 | P17: 636795 | Q17: =H17*O17 -> 2395735.2 | R17: =MIN(Q17,P17) -> 636795
A18: Hartford | B18: ='2010-10'!B18 -> 65.96975 | C18: ='2010-10'!C18 -> 73.8185 | D18: =C18*$A$1*1000 -> 61515.417 | E18: ='Interval Circuities'!F18 -> 1.2269265 | F18: =B18/E18 -> 53.768297 | G18: =F18*$A$1 -> 44.806914 | H18: =PI()*G18^2 -> 6307.2484 | I18: =K18/J18 -> 736.26707 | J18: 1215.5915 | K18: 895000 | L18: =H18*I18 -> 4643819.3 | M18: =MIN(K18,L18) -> 895000 | N18: . | O18: =P18/J18 -> 466.09078 | P18: 566576 | Q18: =H18*O18 -> 2939750.3 | R18: =MIN(Q18,P18) -> 566576
A19: Honolulu | B19: ='2010-10'!B19 -> 61.7435 | C19: ='2010-10'!C19 -> 74.74425 | D19: =C19*$A$1*1000 -> 62286.875 | E19: ='Interval Circuities'!F19 -> 1.4435399 | F19: =B19/E19 -> 42.772284 | G19: =F19*$A$1 -> 35.64357 | H19: =PI()*G19^2 -> 3991.2806 | I19: =K19/J19 -> 1766.1212 | J19: 399.17986 | K19: 705000 | L19: =H19*I19 -> 7049085.1 | M19: =MIN(K19,L19) -> 705000 | N19: . | O19: =P19/J19 -> 894.79465 | P19: 357184 | Q19: =H19*O19 -> 3571376.5 | R19: =MIN(Q19,P19) -> 357184
A20: Houston | B20: ='2010-10'!B20 -> 58.40275 | C20: ='2010-10'!C20 -> 69.59225 | D20: =C20*$A$1*1000 -> 57993.542 | E20: ='Interval Circuities'!F20 -> 1.265461 | F20: =B20/E20 -> 46.151363 | G20: =F20*$A$1 -> 38.459469 | H20: =PI()*G20^2 -> 4646.8263 | I20: =K20/J20 -> 1137.2032 | J20: 3354.7213 | K20: 3815000 | L20: =H20*I20 -> 5284385.9 | M20: =MIN(K20,L20) -> 3815000 | N20: . | O20: =P20/J20 -> 675.48025 | P20: 2266048 | Q20: =H20*O20 -> 3138839.4 | R20: =MIN(Q20,P20) -> 2266048
A21: Indianapolis | B21: ='2010-10'!B21 -> 54.53875 | C21: ='2010-10'!C21 -> 64.44025 | D21: =C21*$A$1*1000 -> 53700.208 | E21: ='Interval Circuities'!F21 -> 1.2032298 | F21: =B21/E21 -> 45.326962 | G21: =F21*$A$1 -> 37.772469 | H21: =PI()*G21^2 -> 4482.2968 | I21: =K21/J21 -> 747.17665 | J21: 1432.0576 | K21: 1070000 | L21: =H21*I21 -> 3349067.5 | M21: =MIN(K21,L21) -> 1070000 | N21: . | O21: =P21/J21 -> 555.53771 | P21: 795562 | Q21: =H21*O21 -> 2490084.9 | R21: =MIN(Q21,P21) -> 795562
A22: Inland Empire2 | B22: ='2010-10'!B22 -> 60.17375 | C22: ='2010-10'!C22 -> 67.82125 | D22: =C22*$A$1*1000 -> 56517.708 | E22: ='Interval Circuities'!F22 -> 1.3524308 | F22: =B22/E22 -> 44.493035 | G22: =F22*$A$1 -> 37.07753 | H22: =PI()*G22^2 -> 4318.8831 | I22: =K22/J22 -> 1786.307 | J22: 1136.4228 | K22: 2030000 | L22: =H22*I22 -> 7714851.3 | M22: =MIN(K22,L22) -> 2030000 | N22: . | O22: =P22/J22 -> 966.107 | P22: 1097906 | Q22: =H22*O22 -> 4172503.2 | R22: =MIN(Q22,P22) -> 1097906
A23: Jacksonville | B23: ='2010-10'!B23 -> 66.332 | C23: ='2010-10'!C23 -> 74.18075 | D23: =C23*$A$1*1000 -> 61817.292 | E23: ='Interval Circuities'!F23 -> 1.3025038 | F23: =B23/E23 -> 50.92653 | G23: =F23*$A$1 -> 42.438775 | H23: =PI()*G23^2 -> 5658.1642 | I23: =K23/J23 -> 978.15001 | J23: 1063.2316 | K23: 1040000 | L23: =H23*I23 -> 5534533.4 | M23: =MIN(K23,L23) -> 1040000 | N23: . | O23: =P23/J23 -> 508.16022 | P23: 540292 | Q23: =H23*O23 -> 2875254 | R23: =MIN(Q23,P23) -> 540292
A24: Kansas City | B24: ='2010-10'!B24 -> 63.434 | C24: ='2010-10'!C24 -> 69.552 | D24: =C24*$A$1*1000 -> 57960 | E24: ='Interval Circuities'!F24 -> 1.2489205 | F24: =B24/E24 -> 50.791064 | G24: =F24*$A$1 -> 42.325887 | H24: =PI()*G24^2 -> 5628.1025 | I24: =K24/J24 -> 1007.5137 | J24: 1513.627 | K24: 1525000 | L24: =H24*I24 -> 5670390.5 | M24: =MIN(K24,L24) -> 1525000 | N24: . | O24: =P24/J24 -> 613.5045 | P24: 928617 | Q24: =H24*O24 -> 3452866.2 | R24: =MIN(Q24,P24) -> 928617
A25: Las Vegas | B25: ='2010-10'!B25 -> 59.52975 | C25: ='2010-10'!C25 -> 69.83375 | D25: =C25*$A$1*1000 -> 58194.792 | E25: ='Interval Circuities'!F25 -> 1.3166391 | F25: =B25/E25 -> 45.213415 | G25: =F25*$A$1 -> 37.677845 | H25: =PI()*G25^2 -> 4459.8679 | I25: =K25/J25 -> 1897.3715 | J25: 740.49811 | K25: 1405000 | L25: =H25*I25 -> 8462026.1 | M25: =MIN(K25,L25) -> 1405000 | N25: . | O25: =P25/J25 -> 1137.2034 | P25: 842097 | Q25: =H25*O25 -> 5071777.1 | R25: =MIN(Q25,P25) -> 842097
A26: Los Angeles2 | B26: ='2010-10'!B26 -> 52.92875 | C26: ='2010-10'!C26 -> 66.0905 | D26: =C26*$A$1*1000 -> 55075.417 | E26: ='Interval Circuities'!F26 -> 1.2373046 | F26: =B26/E26 -> 42.777463 | G26: =F26*$A$1 -> 35.647886 | H26: =PI()*G26^2 -> 3992.2472 | I26: =K26/J26 -> 2963.0108 | J26: 4319.9303 | K26: 12800000 | L26: =H26*I26 -> 11829071 | M26: =MIN(K26,L26) -> 11829071 | N26: . | O26: =P26/J26 -> 1240.2952 | P26: 5357989 | Q26: =H26*O26 -> 4951565.2 | R26: =MIN(Q26,P26) -> 4951565.2
A27: Louisville | B27: ='2010-10'!B27 -> 63.47425 | C27: ='2010-10'!C27 -> 71.28275 | D27: =C27*$A$1*1000 -> 59402.292 | E27: ='Interval Circuities'!F27 -> 1.3072061 | F27: =B27/E27 -> 48.557185 | G27: =F27*$A$1 -> 40.464321 | H27: =PI()*G27^2 -> 5143.9222 | I27: =K27/J27 -> 902.852 | J27: 1013.4551 | K27: 915000 | L27: =H27*I27 -> 4644200.4 | M27: =MIN(K27,L27) -> 915000 | N27: . | O27: =P27/J27 -> 548.67648 | P27: 556059 | Q27: =H27*O27 -> 2822349.1 | R27: =MIN(Q27,P27) -> 556059
A28: Memphis | B28: ='2010-10'!B28 -> 67.41875 | C28: ='2010-10'!C28 -> 75.14675 | D28: =C28*$A$1*1000 -> 62622.292 | E28: ='Interval Circuities'!F28 -> 1.2518208 | F28: =B28/E28 -> 53.85655 | G28: =F28*$A$1 -> 44.880458 | H28: =PI()*G28^2 -> 6327.9704 | I28: =K28/J28 -> 999.49539 | J28: 1035.5225 | K28: 1035000 | L28: =H28*I28 -> 6324777.2 | M28: =MIN(K28,L28) -> 1035000 | N28: . | O28: =P28/J28 -> 536.1216 | P28: 555166 | Q28: =H28*O28 -> 3392561.6 | R28: =MIN(Q28,P28) -> 555166
... A32: New Orleans | B32: ='2010-10'!B32 -> 56.14875 | C32: ='2010-10'!C32 -> 67.137 | D32: =C32*$A$1*1000 -> 55947.5 | E32: ='Interval Circuities'!F32 -> 1.3343558 | F32: =B32/E32 -> 42.079295 | G32: =F32*$A$1 -> 35.066079 | H32: =PI()*G32^2 -> 3862.9962 | I32: =K32/J32 -> 2146.7911 | J32: 512.39266 | K32: 1100000 | L32: =H32*I32 -> 8293045.9 | M32: =MIN(K32,L32) -> 1100000 | N32: . | O32: =P32/J32 -> 898.57065 | P32: 460421 | Q32: =H32*O32 -> 3471175 | R32: =MIN(Q32,P32) -> 460421
A33: New York | B33: ='2010-10'!B33 -> 55.1425 | C33: ='2010-10'!C33 -> 67.66025 | D33: =C33*$A$1*1000 -> 56383.542 | E33: ='Interval Circuities'!F33 -> 1.2136941 | F33: =B33/E33 -> 45.433606 | G33: =F33*$A$1 -> 37.861338 | H33: =PI()*G33^2 -> 4503.4131 | I33: =K33/J33 -> 2098.8798 | J33: 8683.2033 | K33: 18225000 | L33: =H33*I33 -> 9452122.9 | M33: =MIN(K33,L33) -> 9452122.9 | N33: . | O33: =P33/J33 -> 941.20588 | P33: =7737401+435281 -> 8172682 | Q33: =H33*O33 -> 4238638.9 | R33: =MIN(Q33,P33) -> 4238638.9
A34: Oklahoma City | B34: ='2010-10'!B34 -> 69.02875 | C34: ='2010-10'!C34 -> 75.95175 | D34: =C34*$A$1*1000 -> 63293.125 | E34: ='Interval Circuities'!F34 -> 1.2438475 | F34: =B34/E34 -> 55.496151 | G34: =F34*$A$1 -> 46.246793 | H34: =PI()*G34^2 -> 6719.131 | I34: =K34/J34 -> 1048.0447 | J34: 834.88805 | K34: 875000 | L34: =H34*I34 -> 7041949.8 | M34: =MIN(K34,L34) -> 875000 | N34: . | O34: =P34/J34 -> 575.97663 | P34: 480876 | Q34: =H34*O34 -> 3870062.4 | R34: =MIN(Q34,P34) -> 480876
A35: Orlando | B35: ='2010-10'!B35 -> 58.16125 | C35: ='2010-10'!C35 -> 69.069 | D35: =C35*$A$1*1000 -> 57557.5 | E35: ='Interval Circuities'!F35 -> 1.3227647 | F35: =B35/E35 -> 43.969459 | G35: =F35*$A$1 -> 36.641216 | H35: =PI()*G35^2 -> 4217.8354 | I35: =K35/J35 -> 1197.0074 | J35: 1173.7605 | K35: 1405000 | L35: =H35*I35 -> 5048780.4 | M35: =MIN(K35,L35) -> 1405000 | N35: . | O35: =P35/J35 -> 800.10022 | P35: 939126 | Q35: =H35*O35 -> 3374691 | R35: =MIN(Q35,P35) -> 939126
A36: Philadelphia | B36: ='2010-10'!B36 -> 59.77125 | C36: ='2010-10'!C36 -> 68.06275 | D36: =C36*$A$1*1000 -> 56718.958 | E36: ='Interval Circuities'!F36 -> 1.1733077 | F36: =B36/E36 -> 50.942519 | G36: =F36*$A$1 -> 42.452099 | H36: =PI()*G36^2 -> 5661.7176 | I36: =K36/J36 -> 1139.3098 | J36: 4660.7165 | K36: 5310000 | L36: =H36*I36 -> 6450450.3 | M36: =MIN(K36,L36) -> 5310000 | N36: . | O36: =P36/J36 -> 550.55204 | P36: 2565967 | Q36: =H36*O36 -> 3117070.2 | R36: =MIN(Q36,P36) -> 2565967
A37: Phoenix | B37: ='2010-10'!B37 -> 63.756 | C37: ='2010-10'!C37 -> 70.47775 | D37: =C37*$A$1*1000 -> 58731.458 | E37: ='Interval Circuities'!F37 -> 1.280285 | F37: =B37/E37 -> 49.798285 | G37: =F37*$A$1 -> 41.498571 | H37: =PI()*G37^2 -> 5410.2354 | I37: =K37/J37 -> 1655.0542 | J37: 2069.4187 | K37: 3425000 | L37: =H37*I37 -> 8954232.6 | M37: =MIN(K37,L37) -> 3425000 | N37: . | O37: =P37/J37 -> 794.59561 | P37: 1644351 | Q37: =H37*O37 -> 4298949.3 | R37: =MIN(Q37,P37) -> 1644351
A38: Pittsburgh | B38: ='2010-10'!B38 -> 68.46525 | C38: ='2010-10'!C38 -> 76.83725 | D38: =C38*$A$1*1000 -> 64031.042 | E38: ='Interval Circuities'!F38 -> 1.2648154 | F38: =B38/E38 -> 54.130627 | G38: =F38*$A$1 -> 45.108856 | H38: =PI()*G38^2 -> 6392.5407 | I38: =K38/J38 -> 822.12385 | J38: 2207.6966 | K38: 1815000 | L38: =H38*I38 -> 5255460.1 | M38: =MIN(K38,L38) -> 1815000 | N38: . | O38: =P38/J38 -> 483.83732 | P38: 1068166 | Q38: =H38*O38 -> 3092949.8 | R38: =MIN(Q38,P38) -> 1068166
A39: Portland | B39: ='2010-10'!B39 -> 60.9385 | C39: ='2010-10'!C39 -> 71.44375 | D39: =C39*$A$1*1000 -> 59536.458 | E39: ='Interval Circuities'!F39 -> 1.4407047 | F39: =B39/E39 -> 42.297704 | G39: =F39*$A$1 -> 35.248087 | H39: =PI()*G39^2 -> 3903.2014 | I39: =K39/J39 -> 1466.3828 | J39: 1227.5103 | K39: 1800000 | L39: =H39*I39 -> 5723587.4 | M39: =MIN(K39,L39) -> 1800000 | N39: . | O39: =P39/J39 -> 771.73934 | P39: 947318 | Q39: =H39*O39 -> 3012254.1 | R39: =MIN(Q39,P39) -> 947318
A40: Providence | B40: ='2010-10'!B40 -> 61.54225 | C40: ='2010-10'!C40 -> 68.06275 | D40: =C40*$A$1*1000 -> 56718.958 | E40: ='Interval Circuities'!F40 -> 1.2335825 | F40: =B40/E40 -> 49.889041 | G40: =F40*$A$1 -> 41.574201 | H40: =PI()*G40^2 -> 5429.9734 | I40: =K40/J40 -> 954.4609 | J40: 1304.4013 | K40: 1245000 | L40: =H40*I40 -> 5182697.3 | M40: =MIN(K40,L40) -> 1245000 | N40: . | O40: =P40/J40 -> 487.50566 | P40: 635903 | Q40: =H40*O40 -> 2647142.8 | R40: =MIN(Q40,P40) -> 635903
A41: Raleigh | B41: ='2010-10'!B41 -> 67.57975 | C41: ='2010-10'!C41 -> 75.46875 | D41: =C41*$A$1*1000 -> 62890.625 | E41: ='Interval Circuities'!F41 -> 1.2052875 | F41: =B41/E41 -> 56.069404 | G41: =F41*$A$1 -> 46.724504 | H41: =PI()*G41^2 -> 6858.6599 | I41: =K41/J41 -> 1238.2324 | J41: 827.79291 | K41: 1025000 | L41: =H41*I41 -> 8492614.9 | M41: =MIN(K41,L41) -> 1025000 | N41: . | O41: =P41/J41 -> 839.88881 | P41: =438888+235541+20825 -> 695254 | Q41: =H41*O41 -> 5760511.7 | R41: =MIN(Q41,P41) -> 695254
A42: Rochester | B42: ='2010-10'!B42 -> 63.595 | C42: ='2010-10'!C42 -> 70.84 | D42: =C42*$A$1*1000 -> 59033.333 | E42: ='Interval Circuities'!F42 -> 1.2093921 | F42: =B42/E42 -> 52.584268 | G42: =F42*$A$1 -> 43.820223 | H42: =PI()*G42^2 -> 6032.5239 | I42: =K42/J42 -> 974.56496 | J42: 764.44365 | K42: 745000 | L42: =H42*I42 -> 5879086.4 | M42: =MIN(K42,L42) -> 745000 | N42: . | O42: =P42/J42 -> 596.12634 | P42: =430223+17339+8143 -> 455705 | Q42: =H42*O42 -> 3596146.4 | R42: =MIN(Q42,P42) -> 455705
A43: Sacramento | B43: ='2010-10'!B43 -> 56.87325 | C43: ='2010-10'!C43 -> 65.688 | D43: =C43*$A$1*1000 -> 54740 | E43: ='Interval Circuities'!F43 -> 1.396792 | F43: =B43/E43 -> 40.717049 | G43: =F43*$A$1 -> 33.930874 | H43: =PI()*G43^2 -> 3616.9289 | I43: =K43/J43 -> 1946.0453 | J43: 955.78454 | K43: 1860000 | L43: =H43*I43 -> 7038707.3 | M43: =MIN(K43,L43) -> 1860000 | N43: . | O43: =P43/J43 -> 727.94439 | P43: 695758 | Q43: =H43*O43 -> 2632923.1 | R43: =MIN(Q43,P43) -> 695758
A44: Salt Lake City | B44: ='2010-10'!B44 -> 78.085 | C44: ='2010-10'!C44 -> 86.65825 | D44: =C44*$A$1*1000 -> 72215.208 | E44: ='Interval Circuities'!F44 -> 1.3850097 | F44: =B44/E44 -> 56.378666 | G44: =F44*$A$1 -> 46.982222 | H44: =PI()*G44^2 -> 6934.529 | I44: =K44/J44 -> 1631.619 | J44: 597.56598 | K44: 975000 | L44: =H44*I44 -> 11314509 | M44: =MIN(K44,L44) -> 975000 | N44: . | O44: =P44/J44 -> 1202.6187 | P44: =563242+155402 -> 718644 | Q44: =H44*O44 -> 8339594 | R44: =MIN(Q44,P44) -> 718644
A45: San Antonio | B45: ='2010-10'!B45 -> 64.078 | C45: ='2010-10'!C45 -> 74.42225 | D45: =C45*$A$1*1000 -> 62018.542 | E45: ='Interval Circuities'!F45 -> 1.2913154 | F45: =B45/E45 -> 49.62227 | G45: =F45*$A$1 -> 41.351892 | H45: =PI()*G45^2 -> 5372.0574 | I45: =K45/J45 -> 1373.6608 | J45: 1055.5735 | K45: 1450000 | L45: =H45*I45 -> 7379384.9 | M45: =MIN(K45,L45) -> 1450000 | N45: . | O45: =P45/J45 -> 697.1253 | P45: 735867 | Q45: =H45*O45 -> 3744997.1 | R45: =MIN(Q45,P45) -> 735867
A46: San Diego | B46: ='2010-10'!B46 -> 60.49575 | C46: ='2010-10'!C46 -> 69.67275 | D46: =C46*$A$1*1000 -> 58060.625 | E46: ='Interval Circuities'!F46 -> 1.3933131 | F46: =B46/E46 -> 43.418632 | G46: =F46*$A$1 -> 36.182193 | H46: =PI()*G46^2 -> 4112.8195 | I46: =K46/J46 -> 1455.9906 | J46: 2026.112 | K46: 2950000 | L46: =H46*I46 -> 5988226.4 | M46: =MIN(K46,L46) -> 2950000 | N46: . | O46: =P46/J46 -> 586.57319 | P46: 1188463 | Q46: =H46*O46 -> 2412469.7 | R46: =MIN(Q46,P46) -> 1188463
A47: San Francisco1 | B47: ='2010-10'!B47 -> 53.25075 | C47: ='2010-10'!C47 -> 64.11825 | D47: =C47*$A$1*1000 -> 53431.875 | E47: ='Interval Circuities'!F47 -> 1.4012673 | F47: =B47/E47 -> 38.00185 | G47: =F47*$A$1 -> 31.668208 | H47: =PI()*G47^2 -> 3150.626 | I47: =K47/J47 -> 4044.2446 | J47: 1107.7471 | K47: 4480000 | L47: =H47*I47 -> 12741902 | M47: =MIN(K47,L47) -> 4480000 | N47: . | O47: =P47/J47 -> 1773.2505 | P47: 1964313 | Q47: =H47*O47 -> 5586849 | R47: =MIN(Q47,P47) -> 1964313
A48: San Jose1 | B48: ='2010-10'!B48 -> 63.71575 | C48: ='2010-10'!C48 -> 74.382 | D48: =C48*$A$1*1000 -> 61985 | E48: ='Interval Circuities'!F48 -> 1.4030035 | F48: =B48/E48 -> 45.413821 | G48: =F48*$A$1 -> 37.844851 | H48: =PI()*G48^2 -> 4499.4919 | I48: =K48/J48 -> 2530.8613 | J48: 673.68371 | K48: 1705000 | L48: =H48*I48 -> 11387590 | M48: =MIN(K48,L48) -> 1705000 | N48: . | O48: =P48/J48 -> 1384.3499 | P48: 932614 | Q48: =H48*O48 -> 6228871.3 | R48: =MIN(Q48,P48) -> 932614
A49: Seattle | B49: ='2010-10'!B49 -> 52.92875 | C49: ='2010-10'!C49 -> 63.23275 | D49: =C49*$A$1*1000 -> 52693.958 | E49: ='Interval Circuities'!F49 -> 1.4185699 | F49: =B49/E49 -> 37.311345 | G49: =F49*$A$1 -> 31.092788 | H49: =PI()*G49^2 -> 3037.1706 | I49: =K49/J49 -> 1255.1211 | J49: 2469.8811 | K49: 3100000 | L49: =H49*I49 -> 3812017 | M49: =MIN(K49,L49) -> 3100000 | N49: . | O49: =P49/J49 -> 637.55538 | P49: 1574686 | Q49: =H49*O49 -> 1936364.5 | R49: =MIN(Q49,P49) -> 1574686
A50: South Florida | B50: ='2010-10'!B50 -> 60.375 | C50: ='2010-10'!C50 -> 66.815 | D50: =C50*$A$1*1000 -> 55679.167 | E50: ='Interval Circuities'!F50 -> 1.2404319 | F50: =B50/E50 -> 48.672564 | G50: =F50*$A$1 -> 40.56047 | H50: =PI()*G50^2 -> 5168.3966 | I50: =K50/J50 -> 1874.9988 | J50: 2890.6685 | K50: 5420000 | L50: =H50*I50 -> 9690737.7 | M50: =MIN(K50,L50) -> 5420000 | N50: . | O50: =P50/J50 -> 693.05838 | P50: 2003402 | Q50: =H50*O50 -> 3582000.6 | R50: =MIN(Q50,P50) -> 2003402
A51: St. Louis | B51: ='2010-10'!B51 -> 59.77125 | C51: ='2010-10'!C51 -> 67.5395 | D51: =C51*$A$1*1000 -> 56282.917 | E51: ='Interval Circuities'!F51 -> 1.3285646 | F51: =B51/E51 -> 44.989345 | G51: =F51*$A$1 -> 37.49112 | H51: =PI()*G51^2 -> 4415.7727 | I51: =K51/J51 -> 1031.6845 | J51: 2146.9741 | K51: 2215000 | L51: =H51*I51 -> 4555684.5 | M51: =MIN(K51,L51) -> 2215000 | N51: . | O51: =P51/J51 -> 587.96843 | P51: 1262353 | Q51: =H51*O51 -> 2596335 | R51: =MIN(Q51,P51) -> 1262353
A52: Tampa Bay | B52: ='2010-10'!B52 -> 61.0995 | C52: ='2010-10'!C52 -> 68.38475 | D52: =C52*$A$1*1000 -> 56987.292 | E52: ='Interval Circuities'!F52 -> 1.2704281 | F52: =B52/E52 -> 48.093633 | G52: =F52*$A$1 -> 40.078027 | H52: =PI()*G52^2 -> 5046.1777 | I52: =K52/J52 -> 1116.5256 | J52: 2077.8744 | K52: 2320000 | L52: =H52*I52 -> 5634186.6 | M52: =MIN(K52,L52) -> 2320000 | N52: . | O52: =P52/J52 -> 483.81316 | P52: 1005303 | Q52: =H52*O52 -> 2441407.2 | R52: =MIN(Q52,P52) -> 1005303
A53: Washington2 | B53: ='2010-10'!B53 -> 57.0745 | C53: ='2010-10'!C53 -> 69.18975 | D53: =C53*$A$1*1000 -> 57658.125 | E53: ='Interval Circuities'!F53 -> 1.2769937 | F53: =B53/E53 -> 44.694426 | G53: =F53*$A$1 -> 37.245355 | H53: =PI()*G53^2 -> 4358.0691 | I53: =K53/J53 -> 1445.2558 | J53: 2996.0093 | K53: 4330000 | L53: =H53*I53 -> 6298524.9 | M53: =MIN(K53,L53) -> 4330000 | N53: . | O53: =P53/J53 -> 824.50344 | P53: 2470220 | Q53: =H53*O53 -> 3593243 | R53: =MIN(Q53,P53) -> 2470220

Sheet 2010-60
A1: =6/6 -> 1 | B1: Network Speed (congested) [km/h] | C1: Network Speed (freeflow) [km/h] | D1: 60 Minute Distance | E1: Circuity [ ] | F1: Average Airline Speed [km/h] | G1: Airline Radius [km] | H1: Area covered in $A$1$ hrs [km2] | I1: Urbanized area density [people/km2] | J1: Area [km2] | K1: Population | L1: Accessibility | M1: MinPA,P | N1: . | O1: Employment Density | P1: Employment | Q1: Employment Accessibility | R1: Min EA, E
A2: Area | B2: S_n | C2: S_f | E2: C3 | F2: S_a | G2: R_a | H2: A_X | I2: D_UA | J2: Area | K2: Pop | L2: A_P | M2: MinA_P | N2: . | O2: D_Emp | P2: Emp | Q2: A_E | R2: MinA_E
A3: Atlanta | B3: ='2010-10'!B3 -> 57.43675 | C3: ='2010-10'!C3 -> 68.14325 | D3: =C3*$A$1*1000 -> 68143.25 | E3: ='Interval Circuities'!G3 -> 1.2084406 | F3: =B3/E3 -> 47.529644 | G3: =F3*$A$1 -> 47.529644 | H3: =PI()*G3^2 -> 7097.0684 | I3: =K3/J3 -> 873.48978 | J3: 5083.0589 | K3: 4440000 | L3: =H3*I3 -> 6199216.7 | M3: =MIN(K3,L3) -> 4440000 | N3: . | O3: =P3/J3 -> 436.36913 | P3: 2218090 | Q3: =H3*O3 -> 3096941.6 | R3: =MIN(Q3,P3) -> 2218090
A4: Austin | B4: ='2010-10'!B4 -> 62.91075 | C4: ='2010-10'!C4 -> 76.75675 | D4: =C4*$A$1*1000 -> 76756.75 | E4: ='Interval Circuities'!G4 -> 1.2747372 | F4: =B4/E4 -> 49.351937 | G4: =F4*$A$1 -> 49.351937 | H4: =PI()*G4^2 -> 7651.7062 | I4: =K4/J4 -> 1256.1526 | J4: 823.94448 | K4: 1035000 | L4: =H4*I4 -> 9611710.6 | M4: =MIN(K4,L4) -> 1035000 | N4: . | O4: =P4/J4 -> 796.23932 | P4: 656057 | Q4: =H4*O4 -> 6092589.4 | R4: =MIN(Q4,P4) -> 656057
A5: Baltimore2 | B5: ='2010-10'!B5 -> 59.8115 | C5: ='2010-10'!C5 -> 68.62625 | D5: =C5*$A$1*1000 -> 68626.25 | E5: ='Interval Circuities'!G5 -> 1.2261164 | F5: =B5/E5 -> 48.781259 | G5: =F5*$A$1 -> 48.781259 | H5: =PI()*G5^2 -> 7475.7692 | I5: =K5/J5 -> 1312.0237 | J5: 1768.2607 | K5: 2320000 | L5: =H5*I5 -> 9808386.5 | M5: =MIN(K5,L5) -> 2320000 | N5: . | O5: =P5/J5 -> 634.47657 | P5: 1121920 | Q5: =H5*O5 -> 4743200.4 | R5: =MIN(Q5,P5) -> 1121920
A6: Boston | B6: ='2010-10'!B6 -> 53.613 | C6: ='2010-10'!C6 -> 62.8705 | D6: =C6*$A$1*1000 -> 62870.5 | E6: ='Interval Circuities'!G6 -> 1.1905718 | F6: =B6/E6 -> 45.031305 | G6: =F6*$A$1 -> 45.031305 | H6: =PI()*G6^2 -> 6370.5794 | I6: =K6/J6 -> 934.02366 | J6: 4496.6741 | K6: 4200000 | L6: =H6*I6 -> 5950271.9 | M6: =MIN(K6,L6) -> 4200000 | N6: . | O6: =P6/J6 -> 645.532 | P6: =2341938+286024+61431+22699+190655 -> 2902747 | Q6: =H6*O6 -> 4112412.9 | R6: =MIN(Q6,P6) -> 2902747
A7: Buffalo | B7: ='2010-10'!B7 -> 63.434 | C7: ='2010-10'!C7 -> 70.23625 | D7: =C7*$A$1*1000 -> 70236.25 | E7: ='Interval Circuities'!G7 -> 1.173459 | F7: =B7/E7 -> 54.05728 | G7: =F7*$A$1 -> 54.05728 | H7: =PI()*G7^2 -> 9180.3291 | I7: =K7/J7 -> 1184.5434 | J7: 949.73302 | K7: 1125000 | L7: =H7*I7 -> 10874498 | M7: =MIN(K7,L7) -> 1125000 | N7: . | O7: =P7/J7 -> 494.17362 | P7: 469333 | Q7: =H7*O7 -> 4536676.4 | R7: =MIN(Q7,P7) -> 469333
A8: Charlotte | B8: ='2010-10'!B8 -> 61.2605 | C8: ='2010-10'!C8 -> 70.79975 | D8: =C8*$A$1*1000 -> 70799.75 | E8: ='Interval Circuities'!G8 -> 1.2204535 | F8: =B8/E8 -> 50.194864 | G8: =F8*$A$1 -> 50.194864 | H8: =PI()*G8^2 -> 7915.3193 | I8: =K8/J8 -> 949.91538 | J8: 1126.4161 | K8: 1070000 | L8: =H8*I8 -> 7518883.5 | M8: =MIN(K8,L8) -> 1070000 | N8: . | O8: =P8/J8 -> 723.79202 | P8: 815291 | Q8: =H8*O8 -> 5729044.9 | R8: =MIN(Q8,P8) -> 815291
A9: Chicago | B9: ='2010-10'!B9 -> 49.266 | C9: ='2010-10'!C9 -> 60.49575 | D9: =C9*$A$1*1000 -> 60495.75 | E9: ='Interval Circuities'!G9 -> 1.1904326 | F9: =B9/E9 -> 41.384955 | G9: =F9*$A$1 -> 41.384955 | H9: =PI()*G9^2 -> 5380.6513 | I9: =K9/J9 -> 1535.0878 | J9: 5498.057 | K9: 8440000 | L9: =H9*I9 -> 8259771.9 | M9: =MIN(K9,L9) -> 8259771.9 | N9: . | O9: =P9/J9 -> 761.20455 | P9: 4185146 | Q9: =H9*O9 -> 4095776.2 | R9: =MIN(Q9,P9) -> 4095776.2
A10: Cincinnati | B10: ='2010-10'!B10 -> 66.8955 | C10: ='2010-10'!C10 -> 72.5305 | D10: =C10*$A$1*1000 -> 72530.5 | E10: ='Interval Circuities'!G10 -> 1.2662935 | F10: =B10/E10 -> 52.827801 | G10: =F10*$A$1 -> 52.827801 | H10: =PI()*G10^2 -> 8767.4831 | I10: =K10/J10 -> 959.84466 | J10: 1739.8649 | K10: 1670000 | L10: =H10*I10 -> 8415421.9 | M10: =MIN(K10,L10) -> 1670000 | N10: . | O10: =P10/J10 -> 544.46872 | P10: 947302 | Q10: =H10*O10 -> 4773620.4 | R10: =MIN(Q10,P10) -> 947302
A11: Cleveland | B11: ='2010-10'!B11 -> 66.332 | C11: ='2010-10'!C11 -> 73.0135 | D11: =C11*$A$1*1000 -> 73013.5 | E11: ='Interval Circuities'!G11 -> 1.1590297 | F11: =B11/E11 -> 57.230632 | G11: =F11*$A$1 -> 57.230632 | H11: =PI()*G11^2 -> 10289.8 | I11: =K11/J11 -> 1068.1935 | J11: 1675.7263 | K11: 1790000 | L11: =H11*I11 -> 10991498 | M11: =MIN(K11,L11) -> 1790000 | N11: . | O11: =P11/J11 -> 567.00129 | P11: 950139 | Q11: =H11*O11 -> 5834330.1 | R11: =MIN(Q11,P11) -> 950139
A12: Columbus | B12: ='2010-10'!B12 -> 73.1745 | C12: ='2010-10'!C12 -> 79.7755 | D12: =C12*$A$1*1000 -> 79775.5 | E12: ='Interval Circuities'!G12 -> 1.1775894 | F12: =B12/E12 -> 62.139229 | G12: =F12*$A$1 -> 62.139229 | H12: =PI()*G12^2 -> 12130.581 | I12: =K12/J12 -> 1189.2536 | J12: 1030.0578 | K12: 1225000 | L12: =H12*I12 -> 14426337 | M12: =MIN(K12,L12) -> 1225000 | N12: . | O12: =P12/J12 -> 769.83056 | P12: 792970 | Q12: =H12*O12 -> 9338491.9 | R12: =MIN(Q12,P12) -> 792970
A13: Dallas-Fort Worth | B13: ='2010-10'!B13 -> 53.89475 | C13: ='2010-10'!C13 -> 63.39375 | D13: =C13*$A$1*1000 -> 63393.75 | E13: ='Interval Circuities'!G13 -> 1.2313593 | F13: =B13/E13 -> 43.768499 | G13: =F13*$A$1 -> 43.768499 | H13: =PI()*G13^2 -> 6018.291 | I13: =K13/J13 -> 1219.7405 | J13: 3644.2179 | K13: 4445000 | L13: =H13*I13 -> 7340753 | M13: =MIN(K13,L13) -> 4445000 | N13: . | O13: =P13/J13 -> 729.77414 | P13: 2659456 | Q13: =H13*O13 -> 4391993.1 | R13: =MIN(Q13,P13) -> 2659456
A14: Denver | B14: ='2010-10'!B14 -> 54.78025 | C14: ='2010-10'!C14 -> 64.11825 | D14: =C14*$A$1*1000 -> 64118.25 | E14: ='Interval Circuities'!G14 -> 1.3385278 | F14: =B14/E14 -> 40.925748 | G14: =F14*$A$1 -> 40.925748 | H14: =PI()*G14^2 -> 5261.9065 | I14: =K14/J14 -> 1687.4293 | J14: 1291.906 | K14: 2180000 | L14: =H14*I14 -> 8879095.1 | M14: =MIN(K14,L14) -> 2180000 | N14: . | O14: =P14/J14 -> 885.41349 | P14: 1143871 | Q14: =H14*O14 -> 4658963 | R14: =MIN(Q14,P14) -> 1143871
A15: Detroit | B15: ='2010-10'!B15 -> 57.5575 | C15: ='2010-10'!C15 -> 65.1245 | D15: =C15*$A$1*1000 -> 65124.5 | E15: ='Interval Circuities'!G15 -> 1.1893966 | F15: =B15/E15 -> 48.392183 | G15: =F15*$A$1 -> 48.392183 | H15: =PI()*G15^2 -> 7356.9924 | I15: =K15/J15 -> 1239.616 | J15: 3267.1409 | K15: 4050000 | L15: =H15*I15 -> 9119845.3 | M15: =MIN(K15,L15) -> 4050000 | N15: . | O15: =P15/J15 -> 521.88291 | P15: 1705065 | Q15: =H15*O15 -> 3839488.6 | R15: =MIN(Q15,P15) -> 1705065
A16: Grand Rapids | B16: ='2010-10'!B16 -> 72.65 | C16: ='2010-10'!C16 -> 79.78 | D16: =C16*$A$1*1000 -> 79780 | E16: ='Interval Circuities'!G16 -> 1.2335422 | F16: =B16/E16 -> 58.895432 | G16: =F16*$A$1 -> 58.895432 | H16: =PI()*G16^2 -> 10897.154 | I16: =K16/J16 -> 900.16543 | J16: 666.54415 | K16: 600000 | L16: =H16*I16 -> 9809241.5 | M16: =MIN(K16,L16) -> 600000 | N16: . | O16: =P16/J16 -> 799.60645 | P16: =347964+52598+97277+35134 -> 532973 | Q16: =H16*O16 -> 8713434.8 | R16: =MIN(Q16,P16) -> 532973
A17: Hampton Roads | B17: ='2010-10'!B17 -> 63.39375 | C17: ='2010-10'!C17 -> 72.08775 | D17: =C17*$A$1*1000 -> 72087.75 | E17: ='Interval Circuities'!G17 -> 1.3154823 | F17: =B17/E17 -> 48.190499 | G17: =F17*$A$1 -> 48.190499 | H17: =PI()*G17^2 -> 7295.7967 | I17: =K17/J17 -> 1132.3577 | J17: 1364.4099 | K17: 1545000 | L17: =H17*I17 -> 8261451.4 | M17: =MIN(K17,L17) -> 1545000 | N17: . | O17: =P17/J17 -> 466.71826 | P17: 636795 | Q17: =H17*O17 -> 3405081.5 | R17: =MIN(Q17,P17) -> 636795
A18: Hartford | B18: ='2010-10'!B18 -> 65.96975 | C18: ='2010-10'!C18 -> 73.8185 | D18: =C18*$A$1*1000 -> 73818.5 | E18: ='Interval Circuities'!G18 -> 1.2229076 | F18: =B18/E18 -> 53.945001 | G18: =F18*$A$1 -> 53.945001 | H18: =PI()*G18^2 -> 9142.233 | I18: =K18/J18 -> 736.26707 | J18: 1215.5915 | K18: 895000 | L18: =H18*I18 -> 6731125.1 | M18: =MIN(K18,L18) -> 895000 | N18: . | O18: =P18/J18 -> 466.09078 | P18: 566576 | Q18: =H18*O18 -> 4261110.5 | R18: =MIN(Q18,P18) -> 566576
A19: Honolulu | B19: ='2010-10'!B19 -> 61.7435 | C19: ='2010-10'!C19 -> 74.74425 | D19: =C19*$A$1*1000 -> 74744.25 | E19: ='Interval Circuities'!G19 -> 1.4453004 | F19: =B19/E19 -> 42.720184 | G19: =F19*$A$1 -> 42.720184 | H19: =PI()*G19^2 -> 5733.4509 | I19: =K19/J19 -> 1766.1212 | J19: 399.17986 | K19: 705000 | L19: =H19*I19 -> 10125969 | M19: =MIN(K19,L19) -> 705000 | N19: . | O19: =P19/J19 -> 894.79465 | P19: 357184 | Q19: =H19*O19 -> 5130261.2 | R19: =MIN(Q19,P19) -> 357184
A20: Houston | B20: ='2010-10'!B20 -> 58.40275 | C20: ='2010-10'!C20 -> 69.59225 | D20: =C20*$A$1*1000 -> 69592.25 | E20: ='Interval Circuities'!G20 -> 1.2531682 | F20: =B20/E20 -> 46.604079 | G20: =F20*$A$1 -> 46.604079 | H20: =PI()*G20^2 -> 6823.3514 | I20: =K20/J20 -> 1137.2032 | J20: 3354.7213 | K20: 3815000 | L20: =H20*I20 -> 7759537.4 | M20: =MIN(K20,L20) -> 3815000 | N20: . | O20: =P20/J20 -> 675.48025 | P20: 2266048 | Q20: =H20*O20 -> 4609039.1 | R20: =MIN(Q20,P20) -> 2266048
A21: Indianapolis | B21: ='2010-10'!B21 -> 54.53875 | C21: ='2010-10'!C21 -> 64.44025 | D21: =C21*$A$1*1000 -> 64440.25 | E21: ='Interval Circuities'!G21 -> 1.1942371 | F21: =B21/E21 -> 45.668278 | G21: =F21*$A$1 -> 45.668278 | H21: =PI()*G21^2 -> 6552.0793 | I21: =K21/J21 -> 747.17665 | J21: 1432.0576 | K21: 1070000 | L21: =H21*I21 -> 4895560.6 | M21: =MIN(K21,L21) -> 1070000 | N21: . | O21: =P21/J21 -> 555.53771 | P21: 795562 | Q21: =H21*O21 -> 3639927.1 | R21: =MIN(Q21,P21) -> 795562
A22: Inland Empire2 | B22: ='2010-10'!B22 -> 60.17375 | C22: ='2010-10'!C22 -> 67.82125 | D22: =C22*$A$1*1000 -> 67821.25 | E22: ='Interval Circuities'!G22 -> 1.345839 | F22: =B22/E22 -> 44.710956 | G22: =F22*$A$1 -> 44.710956 | H22: =PI()*G22^2 -> 6280.2624 | I22: =K22/J22 -> 1786.307 | J22: 1136.4228 | K22: 2030000 | L22: =H22*I22 -> 11218477 | M22: =MIN(K22,L22) -> 2030000 | N22: . | O22: =P22/J22 -> 966.107 | P22: 1097906 | Q22: =H22*O22 -> 6067405.4 | R22: =MIN(Q22,P22) -> 1097906
A23: Jacksonville | B23: ='2010-10'!B23 -> 66.332 | C23: ='2010-10'!C23 -> 74.18075 | D23: =C23*$A$1*1000 -> 74180.75 | E23: ='Interval Circuities'!G23 -> 1.2915527 | F23: =B23/E23 -> 51.358337 | G23: =F23*$A$1 -> 51.358337 | H23: =PI()*G23^2 -> 8286.5123 | I23: =K23/J23 -> 978.15001 | J23: 1063.2316 | K23: 1040000 | L23: =H23*I23 -> 8105452.1 | M23: =MIN(K23,L23) -> 1040000 | N23: . | O23: =P23/J23 -> 508.16022 | P23: 540292 | Q23: =H23*O23 -> 4210875.9 | R23: =MIN(Q23,P23) -> 540292
A24: Kansas City | B24: ='2010-10'!B24 -> 63.434 | C24: ='2010-10'!C24 -> 69.552 | D24: =C24*$A$1*1000 -> 69552 | E24: ='Interval Circuities'!G24 -> 1.2416589 | F24: =B24/E24 -> 51.088104 | G24: =F24*$A$1 -> 51.088104 | H24: =PI()*G24^2 -> 8199.5391 | I24: =K24/J24 -> 1007.5137 | J24: 1513.627 | K24: 1525000 | L24: =H24*I24 -> 8261148.1 | M24: =MIN(K24,L24) -> 1525000 | N24: . | O24: =P24/J24 -> 613.5045 | P24: 928617 | Q24: =H24*O24 -> 5030454.1 | R24: =MIN(Q24,P24) -> 928617
A25: Las Vegas | B25: ='2010-10'!B25 -> 59.52975 | C25: ='2010-10'!C25 -> 69.83375 | D25: =C25*$A$1*1000 -> 69833.75 | E25: ='Interval Circuities'!G25 -> 1.313429 | F25: =B25/E25 -> 45.323919 | G25: =F25*$A$1 -> 45.323919 | H25: =PI()*G25^2 -> 6453.6408 | I25: =K25/J25 -> 1897.3715 | J25: 740.49811 | K25: 1405000 | L25: =H25*I25 -> 12244954 | M25: =MIN(K25,L25) -> 1405000 | N25: . | O25: =P25/J25 -> 1137.2034 | P25: 842097 | Q25: =H25*O25 -> 7339102.5 | R25: =MIN(Q25,P25) -> 842097
A26: Los Angeles2 | B26: ='2010-10'!B26 -> 52.92875 | C26: ='2010-10'!C26 -> 66.0905 | D26: =C26*$A$1*1000 -> 66090.5 | E26: ='Interval Circuities'!G26 -> 1.2348192 | F26: =B26/E26 -> 42.863561 | G26: =F26*$A$1 -> 42.863561 | H26: =PI()*G26^2 -> 5772.0007 | I26: =K26/J26 -> 2963.0108 | J26: 4319.9303 | K26: 12800000 | L26: =H26*I26 -> 17102500 | M26: =MIN(K26,L26) -> 12800000 | N26: . | O26: =P26/J26 -> 1240.2952 | P26: 5357989 | Q26: =H26*O26 -> 7158985 | R26: =MIN(Q26,P26) -> 5357989
A27: Louisville | B27: ='2010-10'!B27 -> 63.47425 | C27: ='2010-10'!C27 -> 71.28275 | D27: =C27*$A$1*1000 -> 71282.75 | E27: ='Interval Circuities'!G27 -> 1.3030928 | F27: =B27/E27 -> 48.71046 | G27: =F27*$A$1 -> 48.71046 | H27: =PI()*G27^2 -> 7454.0848 | I27: =K27/J27 -> 902.852 | J27: 1013.4551 | K27: 915000 | L27: =H27*I27 -> 6729935.4 | M27: =MIN(K27,L27) -> 915000 | N27: . | O27: =P27/J27 -> 548.67648 | P27: 556059 | Q27: =H27*O27 -> 4089881 | R27: =MIN(Q27,P27) -> 556059
A28: Memphis | B28: ='2010-10'!B28 -> 67.41875 | C28: ='2010-10'!C28 -> 75.14675 | D28: =C28*$A$1*1000 -> 75146.75 | E28: ='Interval Circuities'!G28 -> 1.2434386 | F28: =B28/E28 -> 54.219607 | G28: =F28*$A$1 -> 54.219607 | H28: =PI()*G28^2 -> 9235.5466 | I28: =K28/J28 -> 999.49539 | J28: 1035.5225 | K28: 1035000 | L28: =H28*I28 -> 9230886.3 | M28: =MIN(K28,L28) -> 1035000 | N28: . | O28: =P28/J28 -> 536.1216 | P28: 555166 | Q28: =H28*O28 -> 4951376.1 | R28: =MIN(Q28,P28) -> 555166
... A32: New Orleans | B32: ='2010-10'!B32 -> 56.14875 | C32: ='2010-10'!C32 -> 67.137 | D32: =C32*$A$1*1000 -> 67137 | E32: ='Interval Circuities'!G32 -> 1.3385224 | F32: =B32/E32 -> 41.948308 | G32: =F32*$A$1 -> 41.948308 | H32: =PI()*G32^2 -> 5528.1365 | I32: =K32/J32 -> 2146.7911 | J32: 512.39266 | K32: 1100000 | L32: =H32*I32 -> 11867754 | M32: =MIN(K32,L32) -> 1100000 | N32: . | O32: =P32/J32 -> 898.57065 | P32: 460421 | Q32: =H32*O32 -> 4967421.2 | R32: =MIN(Q32,P32) -> 460421
A33: New York | B33: ='2010-10'!B33 -> 55.1425 | C33: ='2010-10'!C33 -> 67.66025 | D33: =C33*$A$1*1000 -> 67660.25 | E33: ='Interval Circuities'!G33 -> 1.2083967 | F33: =B33/E33 -> 45.632781 | G33: =F33*$A$1 -> 45.632781 | H33: =PI()*G33^2 -> 6541.8977 | I33: =K33/J33 -> 2098.8798 | J33: 8683.2033 | K33: 18225000 | L33: =H33*I33 -> 13730657 | M33: =MIN(K33,L33) -> 13730657 | N33: . | O33: =P33/J33 -> 941.20588 | P33: =7737401+435281 -> 8172682 | Q33: =H33*O33 -> 6157272.6 | R33: =MIN(Q33,P33) -> 6157272.6
A34: Oklahoma City | B34: ='2010-10'!B34 -> 69.02875 | C34: ='2010-10'!C34 -> 75.95175 | D34: =C34*$A$1*1000 -> 75951.75 | E34: ='Interval Circuities'!G34 -> 1.2344876 | F34: =B34/E34 -> 55.916926 | G34: =F34*$A$1 -> 55.916926 | H34: =PI()*G34^2 -> 9822.8259 | I34: =K34/J34 -> 1048.0447 | J34: 834.88805 | K34: 875000 | L34: =H34*I34 -> 10294761 | M34: =MIN(K34,L34) -> 875000 | N34: . | O34: =P34/J34 -> 575.97663 | P34: 480876 | Q34: =H34*O34 -> 5657718.1 | R34: =MIN(Q34,P34) -> 480876
A35: Orlando | B35: ='2010-10'!B35 -> 58.16125 | C35: ='2010-10'!C35 -> 69.069 | D35: =C35*$A$1*1000 -> 69069 | E35: ='Interval Circuities'!G35 -> 1.3109961 | F35: =B35/E35 -> 44.364166 | G35: =F35*$A$1 -> 44.364166 | H35: =PI()*G35^2 -> 6183.2174 | I35: =K35/J35 -> 1197.0074 | J35: 1173.7605 | K35: 1405000 | L35: =H35*I35 -> 7401357.3 | M35: =MIN(K35,L35) -> 1405000 | N35: . | O35: =P35/J35 -> 800.10022 | P35: 939126 | Q35: =H35*O35 -> 4947193.6 | R35: =MIN(Q35,P35) -> 939126
A36: Philadelphia | B36: ='2010-10'!B36 -> 59.77125 | C36: ='2010-10'!C36 -> 68.06275 | D36: =C36*$A$1*1000 -> 68062.75 | E36: ='Interval Circuities'!G36 -> 1.1653283 | F36: =B36/E36 -> 51.291339 | G36: =F36*$A$1 -> 51.291339 | H36: =PI()*G36^2 -> 8264.9065 | I36: =K36/J36 -> 1139.3098 | J36: 4660.7165 | K36: 5310000 | L36: =H36*I36 -> 9416289 | M36: =MIN(K36,L36) -> 5310000 | N36: . | O36: =P36/J36 -> 550.55204 | P36: 2565967 | Q36: =H36*O36 -> 4550261.2 | R36: =MIN(Q36,P36) -> 2565967
A37: Phoenix | B37: ='2010-10'!B37 -> 63.756 | C37: ='2010-10'!C37 -> 70.47775 | D37: =C37*$A$1*1000 -> 70477.75 | E37: ='Interval Circuities'!G37 -> 1.2712116 | F37: =B37/E37 -> 50.153727 | G37: =F37*$A$1 -> 50.153727 | H37: =PI()*G37^2 -> 7902.3507 | I37: =K37/J37 -> 1655.0542 | J37: 2069.4187 | K37: 3425000 | L37: =H37*I37 -> 13078819 | M37: =MIN(K37,L37) -> 3425000 | N37: . | O37: =P37/J37 -> 794.59561 | P37: 1644351 | Q37: =H37*O37 -> 6279173.2 | R37: =MIN(Q37,P37) -> 1644351
A38: Pittsburgh | B38: ='2010-10'!B38 -> 68.46525 | C38: ='2010-10'!C38 -> 76.83725 | D38: =C38*$A$1*1000 -> 76837.25 | E38: ='Interval Circuities'!G38 -> 1.2535936 | F38: =B38/E38 -> 54.615187 | G38: =F38*$A$1 -> 54.615187 | H38: =PI()*G38^2 -> 9370.8012 | I38: =K38/J38 -> 822.12385 | J38: 2207.6966 | K38: 1815000 | L38: =H38*I38 -> 7703959.1 | M38: =MIN(K38,L38) -> 1815000 | N38: . | O38: =P38/J38 -> 483.83732 | P38: 1068166 | Q38: =H38*O38 -> 4533943.4 | R38: =MIN(Q38,P38) -> 1068166
A39: Portland | B39: ='2010-10'!B39 -> 60.9385 | C39: ='2010-10'!C39 -> 71.44375 | D39: =C39*$A$1*1000 -> 71443.75 | E39: ='Interval Circuities'!G39 -> 1.4297791 | F39: =B39/E39 -> 42.62092 | G39: =F39*$A$1 -> 42.62092 | H39: =PI()*G39^2 -> 5706.8375 | I39: =K39/J39 -> 1466.3828 | J39: 1227.5103 | K39: 1800000 | L39: =H39*I39 -> 8368408.3 | M39: =MIN(K39,L39) -> 1800000 | N39: . | O39: =P39/J39 -> 771.73934 | P39: 947318 | Q39: =H39*O39 -> 4404191 | R39: =MIN(Q39,P39) -> 947318
A40: Providence | B40: ='2010-10'!B40 -> 61.54225 | C40: ='2010-10'!C40 -> 68.06275 | D40: =C40*$A$1*1000 -> 68062.75 | E40: ='Interval Circuities'!G40 -> 1.2346714 | F40: =B40/E40 -> 49.845045 | G40: =F40*$A$1 -> 49.845045 | H40: =PI()*G40^2 -> 7805.3766 | I40: =K40/J40 -> 954.4609 | J40: 1304.4013 | K40: 1245000 | L40: =H40*I40 -> 7449926.7 | M40: =MIN(K40,L40) -> 1245000 | N40: . | O40: =P40/J40 -> 487.50566 | P40: 635903 | Q40: =H40*O40 -> 3805165.3 | R40: =MIN(Q40,P40) -> 635903
A41: Raleigh | B41: ='2010-10'!B41 -> 67.57975 | C41: ='2010-10'!C41 -> 75.46875 | D41: =C41*$A$1*1000 -> 75468.75 | E41: ='Interval Circuities'!G41 -> 1.195355 | F41: =B41/E41 -> 56.535297 | G41: =F41*$A$1 -> 56.535297 | H41: =PI()*G41^2 -> 10041.283 | I41: =K41/J41 -> 1238.2324 | J41: 827.79291 | K41: 1025000 | L41: =H41*I41 -> 12433443 | M41: =MIN(K41,L41) -> 1025000 | N41: . | O41: =P41/J41 -> 839.88881 | P41: =438888+235541+20825 -> 695254 | Q41: =H41*O41 -> 8433561.6 | R41: =MIN(Q41,P41) -> 695254
A42: Rochester | B42: ='2010-10'!B42 -> 63.595 | C42: ='2010-10'!C42 -> 70.84 | D42: =C42*$A$1*1000 -> 70840 | E42: ='Interval Circuities'!G42 -> 1.2027779 | F42: =B42/E42 -> 52.873435 | G42: =F42*$A$1 -> 52.873435 | H42: =PI()*G42^2 -> 8782.6368 | I42: =K42/J42 -> 974.56496 | J42: 764.44365 | K42: 745000 | L42: =H42*I42 -> 8559250.1 | M42: =MIN(K42,L42) -> 745000 | N42: . | O42: =P42/J42 -> 596.12634 | P42: =430223+17339+8143 -> 455705 | Q42: =H42*O42 -> 5235561.1 | R42: =MIN(Q42,P42) -> 455705
A43: Sacramento | B43: ='2010-10'!B43 -> 56.87325 | C43: ='2010-10'!C43 -> 65.688 | D43: =C43*$A$1*1000 -> 65688 | E43: ='Interval Circuities'!G43 -> 1.3967267 | F43: =B43/E43 -> 40.718953 | G43: =F43*$A$1 -> 40.718953 | H43: =PI()*G43^2 -> 5208.8646 | I43: =K43/J43 -> 1946.0453 | J43: 955.78454 | K43: 1860000 | L43: =H43*I43 -> 10136686 | M43: =MIN(K43,L43) -> 1860000 | N43: . | O43: =P43/J43 -> 727.94439 | P43: 695758 | Q43: =H43*O43 -> 3791763.8 | R43: =MIN(Q43,P43) -> 695758
A44: Salt Lake City | B44: ='2010-10'!B44 -> 78.085 | C44: ='2010-10'!C44 -> 86.65825 | D44: =C44*$A$1*1000 -> 86658.25 | E44: ='Interval Circuities'!G44 -> 1.3899926 | F44: =B44/E44 -> 56.17656 | G44: =F44*$A$1 -> 56.17656 | H44: =PI()*G44^2 -> 9914.2565 | I44: =K44/J44 -> 1631.619 | J44: 597.56598 | K44: 975000 | L44: =H44*I44 -> 16176289 | M44: =MIN(K44,L44) -> 975000 | N44: . | O44: =P44/J44 -> 1202.6187 | P44: =563242+155402 -> 718644 | Q44: =H44*O44 -> 11923070 | R44: =MIN(Q44,P44) -> 718644
A45: San Antonio | B45: ='2010-10'!B45 -> 64.078 | C45: ='2010-10'!C45 -> 74.42225 | D45: =C45*$A$1*1000 -> 74422.25 | E45: ='Interval Circuities'!G45 -> 1.2757966 | F45: =B45/E45 -> 50.225875 | G45: =F45*$A$1 -> 50.225875 | H45: =PI()*G45^2 -> 7925.1027 | I45: =K45/J45 -> 1373.6608 | J45: 1055.5735 | K45: 1450000 | L45: =H45*I45 -> 10886403 | M45: =MIN(K45,L45) -> 1450000 | N45: . | O45: =P45/J45 -> 697.1253 | P45: 735867 | Q45: =H45*O45 -> 5524789.6 | R45: =MIN(Q45,P45) -> 735867
A46: San Diego | B46: ='2010-10'!B46 -> 60.49575 | C46: ='2010-10'!C46 -> 69.67275 | D46: =C46*$A$1*1000 -> 69672.75 | E46: ='Interval Circuities'!G46 -> 1.3922799 | F46: =B46/E46 -> 43.450854 | G46: =F46*$A$1 -> 43.450854 | H46: =PI()*G46^2 -> 5931.2537 | I46: =K46/J46 -> 1455.9906 | J46: 2026.112 | K46: 2950000 | L46: =H46*I46 -> 8635849.4 | M46: =MIN(K46,L46) -> 2950000 | N46: . | O46: =P46/J46 -> 586.57319 | P46: 1188463 | Q46: =H46*O46 -> 3479114.4 | R46: =MIN(Q46,P46) -> 1188463
A47: San Francisco1 | B47: ='2010-10'!B47 -> 53.25075 | C47: ='2010-10'!C47 -> 64.11825 | D47: =C47*$A$1*1000 -> 64118.25 | E47: ='Interval Circuities'!G47 -> 1.3884703 | F47: =B47/E47 -> 38.352097 | G47: =F47*$A$1 -> 38.352097 | H47: =PI()*G47^2 -> 4620.9164 | I47: =K47/J47 -> 4044.2446 | J47: 1107.7471 | K47: 4480000 | L47: =H47*I47 -> 18688116 | M47: =MIN(K47,L47) -> 4480000 | N47: . | O47: =P47/J47 -> 1773.2505 | P47: 1964313 | Q47: =H47*O47 -> 8194042.3 | R47: =MIN(Q47,P47) -> 1964313
A48: San Jose1 | B48: ='2010-10'!B48 -> 63.71575 | C48: ='2010-10'!C48 -> 74.382 | D48: =C48*$A$1*1000 -> 74382 | E48: ='Interval Circuities'!G48 -> 1.4006797 | F48: =B48/E48 -> 45.489164 | G48: =F48*$A$1 -> 45.489164 | H48: =PI()*G48^2 -> 6500.7848 | I48: =K48/J48 -> 2530.8613 | J48: 673.68371 | K48: 1705000 | L48: =H48*I48 -> 16452584 | M48: =MIN(K48,L48) -> 1705000 | N48: . | O48: =P48/J48 -> 1384.3499 | P48: 932614 | Q48: =H48*O48 -> 8999361 | R48: =MIN(Q48,P48) -> 932614
A49: Seattle | B49: ='2010-10'!B49 -> 52.92875 | C49: ='2010-10'!C49 -> 63.23275 | D49: =C49*$A$1*1000 -> 63232.75 | E49: ='Interval Circuities'!G49 -> 1.4052978 | F49: =B49/E49 -> 37.663726 | G49: =F49*$A$1 -> 37.663726 | H49: =PI()*G49^2 -> 4456.526 | I49: =K49/J49 -> 1255.1211 | J49: 2469.8811 | K49: 3100000 | L49: =H49*I49 -> 5593479.9 | M49: =MIN(K49,L49) -> 3100000 | N49: . | O49: =P49/J49 -> 637.55538 | P49: 1574686 | Q49: =H49*O49 -> 2841282.1 | R49: =MIN(Q49,P49) -> 1574686
A50: South Florida | B50: ='2010-10'!B50 -> 60.375 | C50: ='2010-10'!C50 -> 66.815 | D50: =C50*$A$1*1000 -> 66815 | E50: ='Interval Circuities'!G50 -> 1.2361289 | F50: =B50/E50 -> 48.841995 | G50: =F50*$A$1 -> 48.841995 | H50: =PI()*G50^2 -> 7494.3965 | I50: =K50/J50 -> 1874.9988 | J50: 2890.6685 | K50: 5420000 | L50: =H50*I50 -> 14051985 | M50: =MIN(K50,L50) -> 5420000 | N50: . | O50: =P50/J50 -> 693.05838 | P50: 2003402 | Q50: =H50*O50 -> 5194054.3 | R50: =MIN(Q50,P50) -> 2003402
A51: St. Louis | B51: ='2010-10'!B51 -> 59.77125 | C51: ='2010-10'!C51 -> 67.5395 | D51: =C51*$A$1*1000 -> 67539.5 | E51: ='Interval Circuities'!G51 -> 1.313395 | F51: =B51/E51 -> 45.508968 | G51: =F51*$A$1 -> 45.508968 | H51: =PI()*G51^2 -> 6506.4462 | I51: =K51/J51 -> 1031.6845 | J51: 2146.9741 | K51: 2215000 | L51: =H51*I51 -> 6712600 | M51: =MIN(K51,L51) -> 2215000 | N51: . | O51: =P51/J51 -> 587.96843 | P51: 1262353 | Q51: =H51*O51 -> 3825585 | R51: =MIN(Q51,P51) -> 1262353
A52: Tampa Bay | B52: ='2010-10'!B52 -> 61.0995 | C52: ='2010-10'!C52 -> 68.38475 | D52: =C52*$A$1*1000 -> 68384.75 | E52: ='Interval Circuities'!G52 -> 1.264855 | F52: =B52/E52 -> 48.305539 | G52: =F52*$A$1 -> 48.305539 | H52: =PI()*G52^2 -> 7330.6711 | I52: =K52/J52 -> 1116.5256 | J52: 2077.8744 | K52: 2320000 | L52: =H52*I52 -> 8184881.9 | M52: =MIN(K52,L52) -> 2320000 | N52: . | O52: =P52/J52 -> 483.81316 | P52: 1005303 | Q52: =H52*O52 -> 3546675.2 | R52: =MIN(Q52,P52) -> 1005303
A53: Washington2 | B53: ='2010-10'!B53 -> 57.0745 | C53: ='2010-10'!C53 -> 69.18975 | D53: =C53*$A$1*1000 -> 69189.75 | E53: ='Interval Circuities'!G53 -> 1.2719084 | F53: =B53/E53 -> 44.873121 | G53: =F53*$A$1 -> 44.873121 | H53: =PI()*G53^2 -> 6325.9016 | I53: =K53/J53 -> 1445.2558 | J53: 2996.0093 | K53: 4330000 | L53: =H53*I53 -> 9142546.2 | M53: =MIN(K53,L53) -> 4330000 | N53: . | O53: =P53/J53 -> 824.50344 | P53: 2470220 | Q53: =H53*O53 -> 5215727.6 | R53: =MIN(Q53,P53) -> 2470220

Sheet 2010-70
A1: =7/6 -> 1.1666667 | B1: Network Speed (congested) [km/h] | C1: Network Speed (freeflow) [km/h] | D1: 70 Minute Distance | E1: Circuity [ ] | F1: Average Airline Speed [km/h] | G1: Airline Radius [km] | H1: Area covered in $A$1$ hrs [km2] | I1: Urbanized area density [people/km2] | J1: Area [km2] | K1: Population | L1: Accessibility | M1: MinPA,P | N1: . | O1: Employment Density | P1: Employment | Q1: Employment Accessibility | R1: Min EA, E
A2: Area | B2: S_n | C2: S_f | E2: C3 | F2: S_a | G2: R_a | H2: A_X | I2: D_UA | J2: Area | K2: Pop | L2: A_P | M2: MinA_P | N2: . | O2: D_Emp | P2: Emp | Q2: A_E | R2: MinA_E
A3: Atlanta | B3: ='2010-10'!B3 -> 57.43675 | C3: ='2010-10'!C3 -> 68.14325 | D3: =C3*$A$1*1000 -> 79500.458 | E3: ='Interval Circuities'!H3 -> 1.1994894 | F3: =B3/E3 -> 47.884333 | G3: =F3*$A$1 -> 55.865055 | H3: =PI()*G3^2 -> 9804.6102 | I3: =K3/J3 -> 873.48978 | J3: 5083.0589 | K3: 4440000 | L3: =H3*I3 -> 8564226.8 | M3: =MIN(K3,L3) -> 4440000 | N3: . | O3: =P3/J3 -> 436.36913 | P3: 2218090 | Q3: =H3*O3 -> 4278429.2 | R3: =MIN(Q3,P3) -> 2218090
A4: Austin | B4: ='2010-10'!B4 -> 62.91075 | C4: ='2010-10'!C4 -> 76.75675 | D4: =C4*$A$1*1000 -> 89549.542 | E4: ='Interval Circuities'!H4 -> 1.2686559 | F4: =B4/E4 -> 49.588506 | G4: =F4*$A$1 -> 57.853257 | H4: =PI()*G4^2 -> 10514.909 | I4: =K4/J4 -> 1256.1526 | J4: 823.94448 | K4: 1035000 | L4: =H4*I4 -> 13208330 | M4: =MIN(K4,L4) -> 1035000 | N4: . | O4: =P4/J4 -> 796.23932 | P4: 656057 | Q4: =H4*O4 -> 8372383.8 | R4: =MIN(Q4,P4) -> 656057
A5: Baltimore2 | B5: ='2010-10'!B5 -> 59.8115 | C5: ='2010-10'!C5 -> 68.62625 | D5: =C5*$A$1*1000 -> 80063.958 | E5: ='Interval Circuities'!H5 -> 1.2246097 | F5: =B5/E5 -> 48.841275 | G5: =F5*$A$1 -> 56.981487 | H5: =PI()*G5^2 -> 10200.405 | I5: =K5/J5 -> 1312.0237 | J5: 1768.2607 | K5: 2320000 | L5: =H5*I5 -> 13383174 | M5: =MIN(K5,L5) -> 2320000 | N5: . | O5: =P5/J5 -> 634.47657 | P5: 1121920 | Q5: =H5*O5 -> 6471918.2 | R5: =MIN(Q5,P5) -> 1121920
A6: Boston | B6: ='2010-10'!B6 -> 53.613 | C6: ='2010-10'!C6 -> 62.8705 | D6: =C6*$A$1*1000 -> 73348.917 | E6: ='Interval Circuities'!H6 -> 1.1860015 | F6: =B6/E6 -> 45.204835 | G6: =F6*$A$1 -> 52.738974 | H6: =PI()*G6^2 -> 8738.0237 | I6: =K6/J6 -> 934.02366 | J6: 4496.6741 | K6: 4200000 | L6: =H6*I6 -> 8161520.9 | M6: =MIN(K6,L6) -> 4200000 | N6: . | O6: =P6/J6 -> 645.532 | P6: =2341938+286024+61431+22699+190655 -> 2902747 | Q6: =H6*O6 -> 5640673.9 | R6: =MIN(Q6,P6) -> 2902747
A7: Buffalo | B7: ='2010-10'!B7 -> 63.434 | C7: ='2010-10'!C7 -> 70.23625 | D7: =C7*$A$1*1000 -> 81942.292 | E7: ='Interval Circuities'!H7 -> 1.168929 | F7: =B7/E7 -> 54.266769 | G7: =F7*$A$1 -> 63.311231 | H7: =PI()*G7^2 -> 12592.483 | I7: =K7/J7 -> 1184.5434 | J7: 949.73302 | K7: 1125000 | L7: =H7*I7 -> 14916343 | M7: =MIN(K7,L7) -> 1125000 | N7: . | O7: =P7/J7 -> 494.17362 | P7: 469333 | Q7: =H7*O7 -> 6222873 | R7: =MIN(Q7,P7) -> 469333
A8: Charlotte | B8: ='2010-10'!B8 -> 61.2605 | C8: ='2010-10'!C8 -> 70.79975 | D8: =C8*$A$1*1000 -> 82599.708 | E8: ='Interval Circuities'!H8 -> 1.218991 | F8: =B8/E8 -> 50.255088 | G8: =F8*$A$1 -> 58.630936 | H8: =PI()*G8^2 -> 10799.497 | I8: =K8/J8 -> 949.91538 | J8: 1126.4161 | K8: 1070000 | L8: =H8*I8 -> 10258608 | M8: =MIN(K8,L8) -> 1070000 | N8: . | O8: =P8/J8 -> 723.79202 | P8: 815291 | Q8: =H8*O8 -> 7816589.7 | R8: =MIN(Q8,P8) -> 815291
