Workbook
Name Beta: 'Summary-2010'!$B$55
Name Beta1990: 'Summary-1990'!$B$55

Sheet 1990
B1: Network Speed (congested) [km/h] | C1: Network Speed (freeflow) [km/h] | D1: Circuity [ ] | E1: Average Airline Speed [km/h] | F1: Airline Radius [km] | G1: Area covered in 30 mins [km2] | H1: Urbanized area density [people/km2] | I1: Urbanized Area [km2] | J1: Population | K1: Accessibility | L1: MinPA,P | M1: . | N1: Employment Density | O1: Employment | P1: Employment Accessibility | Q1: Min EA, E
A2: Area | B2: S_n | D2: C1 | E2: S_a | F2: R_a | G2: A_30 | H2: D_UA | L2: =MIN(J2,K2) -> 0 | M2: .
A3: Atlanta | B3: 60.375468 | C3: 63.997996 | D3: 1.2804196 | E3: =B3/D3 -> 47.152878 | F3: =E3*0.5 -> 23.576439 | G3: =PI()*F3^2 -> 1746.2495 | H3: =J3/I3 -> 964.67391 | I3: 2944 | J3: 2840000 | K3: =G3*H3 -> 1684561.3 | L3: =MIN(J3,K3) -> 1684561.3 | M3: . | N3: =O3/I3 -> 503.32235 | O3: 1481781 | P3: =G3*N3 -> 878926.38 | Q3: =MIN(P3,O3) -> 878926.38
A4: Austin* | B4: 63.478689 | C4: 67.922197 | D4: 1.3588387 | E4: =B4/D4 -> 46.715398 | F4: =E4*0.5 -> 23.357699 | G4: =PI()*F4^2 -> 1713.9968 | H4: =J4/I4 -> 932.86219 | I4: 707.5 | J4: 660000 | K4: =G4*H4 -> 1598922.8 | L4: =MIN(J4,K4) -> 660000 | M4: . | N4: =O4/I4 -> 571.04735 | O4: 404016 | P4: =G4*N4 -> 978773.3 | Q4: =MIN(P4,O4) -> 404016
A5: Baltimore | B5: 60.37745 | C5: 64.603872 | D5: 1.252585 | E5: =B5/D5 -> 48.202277 | F5: =E5*0.5 -> 24.101139 | G5: =PI()*F5^2 -> 1824.8408 | H5: =J5/I5 -> 1296.8394 | I5: 1534.5 | J5: 1990000 | K5: =G5*H5 -> 2366525.4 | L5: =MIN(J5,K5) -> 1990000 | M5: . | N5: =O5/I5 -> 776.6784 | O5: 1191813 | P5: =G5*N5 -> 1417314.5 | Q5: =MIN(P5,O5) -> 1191813
A6: Boston | B6: 61.541691 | C6: 67.69586 | D6: 1.2423921 | E6: =B6/D6 -> 49.534838 | F6: =E6*0.5 -> 24.767419 | G6: =PI()*F6^2 -> 1927.1316 | H6: =J6/I6 -> 1563.9893 | I6: 2308.2 | J6: 3610000 | K6: =G6*H6 -> 3014013.1 | L6: =MIN(J6,K6) -> 3014013.1 | M6: . | N6: =O6/I6 -> 927.87323 | O6: 2141717 | P6: =G6*N6 -> 1788133.8 | Q6: =MIN(P6,O6) -> 1788133.8
A7: Buffalo | B7: 73.276598 | C7: 76.207662 | D7: 1.2197721 | E7: =B7/D7 -> 60.074008 | F7: =E7*0.5 -> 30.037004 | G7: =PI()*F7^2 -> 2834.4127 | H7: =J7/I7 -> 1440.1623 | I7: 739.5 | J7: 1065000 | K7: =G7*H7 -> 4082014.3 | L7: =MIN(J7,K7) -> 1065000 | M7: . | N7: =O7/I7 -> 718.21771 | O7: 531122 | P7: =G7*N7 -> 2035725.4 | Q7: =MIN(P7,O7) -> 531122
A8: Charlotte | B8: 66.908177 | C8: 71.591749 | D8: 1.2963499 | E8: =B8/D8 -> 51.612743 | F8: =E8*0.5 -> 25.806372 | G8: =PI()*F8^2 -> 2092.2027 | H8: =J8/I8 -> 862.48203 | I8: 626.1 | J8: 540000 | K8: =G8*H8 -> 1804487.3 | L8: =MIN(J8,K8) -> 540000 | M8: . | N8: =O8/I8 -> 966.06932 | O8: 604856 | P8: =G8*N8 -> 2021212.9 | Q8: =MIN(P8,O8) -> 604856
A9: Chicago | B9: 59.830535 | C9: 64.616977 | D9: 1.2306496 | E9: =B9/D9 -> 48.617034 | F9: =E9*0.5 -> 24.308517 | G9: =PI()*F9^2 -> 1856.3797 | H9: =J9/I9 -> 1830.0112 | I9: 4103.8 | J9: 7510000 | K9: =G9*H9 -> 3397195.6 | L9: =MIN(J9,K9) -> 3397195.6 | M9: . | N9: =O9/I9 -> 936.04391 | O9: 3841337 | P9: =G9*N9 -> 1737652.9 | Q9: =MIN(P9,O9) -> 1737652.9
A10: Cincinnati | B10: 67.518821 | C10: 74.270703 | D10: 1.3292592 | E10: =B10/D10 -> 50.794323 | F10: =E10*0.5 -> 25.397161 | G10: =PI()*F10^2 -> 2026.3769 | H10: =J10/I10 -> 860.24751 | I10: 1325.2 | J10: 1140000 | K10: =G10*H10 -> 1743185.7 | L10: =MIN(J10,K10) -> 1140000 | M10: . | N10: =O10/I10 -> 613.31573 | O10: 812766 | P10: =G10*N10 -> 1242808.8 | Q10: =MIN(P10,O10) -> 812766
A11: Cleveland | B11: 70.270148 | C11: 77.297163 | D11: 1.2049847 | E11: =B11/D11 -> 58.316215 | F11: =E11*0.5 -> 29.158108 | G11: =PI()*F11^2 -> 2670.9671 | H11: =J11/I11 -> 1068.6096 | I11: 1647 | J11: 1760000 | K11: =G11*H11 -> 2854221.1 | L11: =MIN(J11,K11) -> 1760000 | M11: . | N11: =O11/I11 -> 754.15847 | O11: 1242099 | P11: =G11*N11 -> 2014332.5 | Q11: =MIN(P11,O11) -> 1242099
A12: Columbus | B12: 67.725933 | C12: 77.207564 | D12: 1.2627799 | E12: =B12/D12 -> 53.632411 | F12: =E12*0.5 -> 26.816206 | G12: =PI()*F12^2 -> 2259.1472 | H12: =J12/I12 -> 973.91694 | I12: 893.3 | J12: 870000 | K12: =G12*H12 -> 2200221.7 | L12: =MIN(J12,K12) -> 870000 | M12: . | N12: =O12/I12 -> 758.8257 | O12: 677859 | P12: =G12*N12 -> 1714299 | Q12: =MIN(P12,O12) -> 677859
A13: Dallas-Fort Worth | B13: 66.031469 | C13: 76.596505 | D13: 1.3065071 | E13: =B13/D13 -> 50.540461 | F13: =E13*0.5 -> 25.27023 | G13: =PI()*F13^2 -> 2006.1725 | H13: =J13/I13 -> 869.56522 | I13: 3737.5 | J13: 3250000 | K13: =G13*H13 -> 1744497.8 | L13: =MIN(J13,K13) -> 1744497.8 | M13: . | N13: =O13/I13 -> 528.85779 | O13: 1976606 | P13: =G13*N13 -> 1060980 | Q13: =MIN(P13,O13) -> 1060980
A14: Denver | B14: 65.002141 | C14: 76.052505 | D14: 1.3654163 | E14: =B14/D14 -> 47.606098 | F14: =E14*0.5 -> 23.803049 | G14: =PI()*F14^2 -> 1779.9797 | H14: =J14/I14 -> 1329.5187 | I14: 1188.4 | J14: 1580000 | K14: =G14*H14 -> 2366516.3 | L14: =MIN(J14,K14) -> 1580000 | M14: . | N14: =O14/I14 -> 811.94211 | O14: 964912 | P14: =G14*N14 -> 1445240.5 | Q14: =MIN(P14,O14) -> 964912
A15: Detroit | B15: 59.740127 | C15: 69.895948 | D15: 1.2288146 | E15: =B15/D15 -> 48.616062 | F15: =E15*0.5 -> 24.308031 | G15: =PI()*F15^2 -> 1856.3055 | H15: =J15/I15 -> 1369.2488 | I15: 2899.4 | J15: 3970000 | K15: =G15*H15 -> 2541744.1 | L15: =MIN(J15,K15) -> 2541744.1 | M15: . | N15: =O15/I15 -> 717.34842 | O15: 2079880 | P15: =G15*N15 -> 1331617.8 | Q15: =MIN(P15,O15) -> 1331617.8
A16: Grand Rapids*2 | B16: 70.939381 | C16: 83.70847 | D16: 1.2825248 | E16: =B16/D16 -> 55.312286 | F16: =E16*0.5 -> 27.656143 | G16: =PI()*F16^2 -> 2402.8856 | H16: =J16/I16 -> 1190.5898 | I16: 578.2 | J16: 688399 | K16: =G16*H16 -> 2860851 | L16: =MIN(J16,K16) -> 688399 | M16: . | N16: =O16/I16 -> 693.86026 | O16: =337335+63855 -> 401190 | P16: =G16*N16 -> 1667266.8 | Q16: =MIN(P16,O16) -> 401190
A17: Virginia Beach | B17: 64.898649 | C17: 85.666217 | D17: 1.3571401 | E17: =B17/D17 -> 47.820155 | F17: =E17*0.5 -> 23.910078 | G17: =PI()*F17^2 -> 1796.0228 | H17: =J17/I17 -> 770.84182 | I17: 1718.9 | J17: 1325000 | K17: =G17*H17 -> 1384449.5 | L17: =MIN(J17,K17) -> 1325000 | M17: . | N17: =O17/I17 -> 406.65484 | O17: 698999 | P17: =G17*N17 -> 730361.36 | Q17: =MIN(P17,O17) -> 698999
A18: Hartford | B18: 70.550118 | C18: 84.660141 | D18: 1.3223702 | E18: =B18/D18 -> 53.351261 | F18: =E18*0.5 -> 26.675631 | G18: =PI()*F18^2 -> 2235.5236 | H18: =J18/I18 -> 1320.2112 | I18: 624.9 | J18: 825000 | K18: =G18*H18 -> 2951363.4 | L18: =MIN(J18,K18) -> 825000 | M18: . | N18: =O18/I18 -> 899.29429 | O18: 561969 | P18: =G18*N18 -> 2010393.6 | Q18: =MIN(P18,O18) -> 561969
A19: Honolulu*2 | B19: 61.851771 | C19: 73.603607 | D19: 1.3847021 | E19: =B19/D19 -> 44.667925 | F19: =E19*0.5 -> 22.333962 | G19: =PI()*F19^2 -> 1567.0449 | H19: =J19/I19 -> 2328.0373 | I19: 359.2 | J19: 836231 | K19: =G19*H19 -> 3648138.9 | L19: =MIN(J19,K19) -> 836231 | M19: . | N19: =O19/I19 -> 1218.0345 | O19: 437518 | P19: =G19*N19 -> 1908714.7 | Q19: =MIN(P19,O19) -> 437518
A20: Houston | B20: 61.86593 | C20: 73.620457 | D20: 1.3197846 | E20: =B20/D20 -> 46.875778 | F20: =E20*0.5 -> 23.437889 | G20: =PI()*F20^2 -> 1725.7856 | H20: =J20/I20 -> 951.03794 | I20: 3049.3 | J20: 2900000 | K20: =G20*H20 -> 1641287.6 | L20: =MIN(J20,K20) -> 1641287.6 | M20: . | N20: =O20/I20 -> 577.11475 | O20: 1759796 | P20: =G20*N20 -> 995976.35 | Q20: =MIN(P20,O20) -> 995976.35
A21: Indianapolis | B21: 66.181817 | C21: 78.094544 | D21: 1.2722485 | E21: =B21/D21 -> 52.019567 | F21: =E21*0.5 -> 26.009784 | G21: =PI()*F21^2 -> 2125.3152 | H21: =J21/I21 -> 778.16206 | I21: 1214.4 | J21: 945000 | K21: =G21*H21 -> 1653839.6 | L21: =MIN(J21,K21) -> 945000 | M21: . | N21: =O21/I21 -> 514.63356 | O21: 624971 | P21: =G21*N21 -> 1093758.5 | Q21: =MIN(P21,O21) -> 624971
A22: Inland Empire** | B22: 65.102211 | C22: 72.914476 | D22: 1.3359338 | E22: =B22/D22 -> 48.731614 | F22: =E22*0.5 -> 24.365807 | G22: =PI()*F22^2 -> 1865.1401 | H22: =J22/I22 -> 1078.382 | I22: 1191.6 | J22: 1285000 | K22: =G22*H22 -> 2011333.6 | L22: =MIN(J22,K22) -> 1285000 | M22: . | N22: =O22/I22 -> 643.63293 | O22: 766953 | P22: =G22*N22 -> 1200465.6 | Q22: =MIN(P22,O22) -> 766953
A23: Jacksonville* | B23: 55.540281 | C23: 57.20649 | D23: 1.3671479 | E23: =B23/D23 -> 40.624926 | F23: =E23*0.5 -> 20.312463 | G23: =PI()*F23^2 -> 1296.209 | H23: =J23/I23 -> 547.57016 | I23: 1314.9 | J23: 720000 | K23: =G23*H23 -> 709765.38 | L23: =MIN(J23,K23) -> 709765.38 | M23: . | N23: =O23/I23 -> 337.57852 | O23: 443882 | P23: =G23*N23 -> 437572.33 | Q23: =MIN(P23,O23) -> 437572.33
A24: Kansas City | B24: 63.219918 | C24: 65.116516 | D24: 1.2881189 | E24: =B24/D24 -> 49.079255 | F24: =E24*0.5 -> 24.539628 | G24: =PI()*F24^2 -> 1891.8461 | H24: =J24/I24 -> 587.90735 | I24: 1973.1 | J24: 1160000 | K24: =G24*H24 -> 1112230.2 | L24: =MIN(J24,K24) -> 1112230.2 | M24: . | N24: =O24/I24 -> 390.91227 | O24: 771309 | P24: =G24*N24 -> 739545.86 | Q24: =MIN(P24,O24) -> 739545.86
A25: Las Vegas* | B25: 58.291698 | C25: 60.040449 | D25: 1.3334071 | E25: =B25/D25 -> 43.716355 | F25: =E25*0.5 -> 21.858178 | G25: =PI()*F25^2 -> 1500.9899 | H25: =J25/I25 -> 1175.4828 | I25: 595.5 | J25: 700000 | K25: =G25*H25 -> 1764387.8 | L25: =MIN(J25,K25) -> 700000 | M25: . | N25: =O25/I25 -> 623.22082 | O25: 371128 | P25: =G25*N25 -> 935448.18 | Q25: =MIN(P25,O25) -> 371128
A26: Los Angeles | B26: 48.116228 | C26: 49.559715 | D26: 1.2467602 | E26: =B26/D26 -> 38.59301 | F26: =E26*0.5 -> 19.296505 | G26: =PI()*F26^2 -> 1169.7881 | H26: =J26/I26 -> 2243.0421 | I26: 5091.3 | J26: 11420000 | K26: =G26*H26 -> 2623883.9 | L26: =MIN(J26,K26) -> 2623883.9 | M26: . | N26: =O26/I26 -> 1337.3879 | O26: 6809043 | P26: =G26*N26 -> 1564460.4 | Q26: =MIN(P26,O26) -> 1564460.4
A27: Louisville* | B27: 62.487213 | C27: 64.986701 | D27: 1.3589322 | E27: =B27/D27 -> 45.982583 | F27: =E27*0.5 -> 22.991292 | G27: =PI()*F27^2 -> 1660.6443 | H27: =J27/I27 -> 1106.8598 | I27: 731.8 | J27: 810000 | K27: =G27*H27 -> 1838100.4 | L27: =MIN(J27,K27) -> 810000 | M27: . | N27: =O27/I27 -> 610.65318 | O27: 446876 | P27: =G27*N27 -> 1014077.7 | Q27: =MIN(P27,O27) -> 446876
A28: Memphis* | B28: 65.308032 | C28: 67.920353 | D28: 1.331226 | E28: =B28/D28 -> 49.058562 | F28: =E28*0.5 -> 24.529281 | G28: =PI()*F28^2 -> 1890.2511 | H28: =J28/I28 -> 973.62165 | I28: 883.3 | J28: 860000 | K28: =G28*H28 -> 1840389.4 | L28: =MIN(J28,K28) -> 860000 | M28: . | N28: =O28/I28 -> 507.45726 | O28: 448237 | P28: =G28*N28 -> 959221.65 | Q28: =MIN(P28,O28) -> 448237
... A53: Washington | B53: 57.166397 | C53: 76.031308 | D53: 1.3152548 | E53: =B53/D53 -> 43.464123 | F53: =E53*0.5 -> 21.732062 | G53: =PI()*F53^2 -> 1483.7193 | H53: =J53/I53 -> 1267.0645 | I53: 2446.6 | J53: 3100000 | K53: =G53*H53 -> 1879968 | L53: =MIN(J53,K53) -> 1879968 | M53: . | N53: =O53/I53 -> 905.07235 | O53: 2214350 | P53: =G53*N53 -> 1342873.3 | Q53: =MIN(P53,O53) -> 1342873.3
A55: Notes:
A56: 1 Circuity is from a sample of OD points with network distance matched to average commute distance
A57: 2 Population from 1990 Census
A58: * Circuity is based on either 1995 or 2001 commute distance; 1990 commute distance not available
A59: ** Uses 1995 Employment
A60: Data Sources:
A61: Network Speed (congested), Network Speed (freeflow), Population: TTI complete data 1982-2007 (calculated from 1990 values only)
A62: Circuity: Networks are Census Tiger 2008 county-level shapefiles merged together, commute distances are from 1990 NPTS
A63: Urbanized Area: Census 1990 Population and Housing Unit Counts (census.gov)
A64: Employment: Census 1990, sum of responses to question P050. Travel Time to Work: Workers 16 years and over (American FactFinder)

Sheet 1995
B1: Network Speed (congested) [km/h] | C1: Network Speed (freeflow) [km/h] | D1: Circuity [ ] | E1: Average Airline Speed [km/h] | F1: Airline Radius [km] | G1: Area covered in 30 mins [km2] | H1: Urbanized area density [people/km2] | I1: Area [km2] | J1: Population | K1: Accessibility | L1: MinPA,P | M1: . | N1: Employment Density | O1: Employment | P1: Employment Accessibility | Q1: Min EA, E
A2: Area | B2: S_n | D2: C1 | E2: S_a | F2: R_a | G2: A_30 | H2: D_UA | L2: =MIN(J2,K2) -> 0 | M2: .
A3: Atlanta | B3: 57.036474 | C3: 70.725228 | D3: 1.2545032 | E3: =B3/D3 -> 45.465387 | F3: =E3*0.5 -> 22.732694 | G3: =PI()*F3^2 -> 1623.4977 | H3: =J3/I3 -> 1103.9402 | I3: 2944 | J3: 3250000 | K3: =G3*H3 -> 1792244.4 | L3: =MIN(J3,K3) -> 1792244.4 | M3: . | N3: =O3/I3 -> 643.62636 | O3: 1894836 | P3: =G3*N3 -> 1044925.9 | Q3: =MIN(P3,O3) -> 1044925.9
A4: Austin* | B4: 62.912833 | C4: 73.608014 | D4: 1.3588387 | E4: =B4/D4 -> 46.298972 | F4: =E4*0.5 -> 23.149486 | G4: =PI()*F4^2 -> 1683.5754 | H4: =J4/I4 -> 1074.2049 | I4: 707.5 | J4: 760000 | K4: =G4*H4 -> 1808505 | L4: =MIN(J4,K4) -> 760000 | M4: . | N4: =O4/I4 -> 678.06502 | O4: 479731 | P4: =G4*N4 -> 1141573.6 | Q4: =MIN(P4,O4) -> 479731
A5: Baltimore | B5: 60.832586 | C5: 72.390778 | D5: 1.252585 | E5: =B5/D5 -> 48.565634 | F5: =E5*0.5 -> 24.282817 | G5: =PI()*F5^2 -> 1852.4565 | H5: =J5/I5 -> 1394.5911 | I5: 1534.5 | J5: 2140000 | K5: =G5*H5 -> 2583419.3 | L5: =MIN(J5,K5) -> 2140000 | M5: . | N5: =O5/I5 -> 646.30108 | O5: 991749 | P5: =G5*N5 -> 1197244.6 | Q5: =MIN(P5,O5) -> 991749
A6: Boston | B6: 59.830799 | C6: 71.198651 | D6: 1.2257226 | E6: =B6/D6 -> 48.812674 | F6: =E6*0.5 -> 24.406337 | G6: =PI()*F6^2 -> 1871.3502 | H6: =J6/I6 -> 1594.3159 | I6: 2308.2 | J6: 3680000 | K6: =G6*H6 -> 2983523.4 | L6: =MIN(J6,K6) -> 2983523.4 | M6: . | N6: =O6/I6 -> 1247.0938 | O6: 2878542 | P6: =G6*N6 -> 2333749.3 | Q6: =MIN(P6,O6) -> 2333749.3
A7: Buffalo | B7: 66.3074 | C7: 68.959696 | D7: 1.2376013 | E7: =B7/D7 -> 53.57735 | F7: =E7*0.5 -> 26.788675 | G7: =PI()*F7^2 -> 2254.5109 | H7: =J7/I7 -> 1446.9236 | I7: 739.5 | J7: 1070000 | K7: =G7*H7 -> 3262105 | L7: =MIN(J7,K7) -> 1070000 | M7: . | N7: =O7/I7 -> 630.65585 | O7: 466370 | P7: =G7*N7 -> 1421820.5 | Q7: =MIN(P7,O7) -> 466370
A8: Charlotte | B8: 61.905551 | C8: 69.953273 | D8: 1.2806694 | E8: =B8/D8 -> 48.338432 | F8: =E8*0.5 -> 24.169216 | G8: =PI()*F8^2 -> 1835.1645 | H8: =J8/I8 -> 1054.1447 | I8: 626.1 | J8: 660000 | K8: =G8*H8 -> 1934528.9 | L8: =MIN(J8,K8) -> 660000 | M8: . | N8: =O8/I8 -> 1161.0174 | O8: 726913 | P8: =G8*N8 -> 2130657.9 | Q8: =MIN(P8,O8) -> 726913
A9: Chicago | B9: 54.90711 | C9: 71.379243 | D9: 1.2306496 | E9: =B9/D9 -> 44.616363 | F9: =E9*0.5 -> 22.308182 | G9: =PI()*F9^2 -> 1563.4292 | H9: =J9/I9 -> 1887.2752 | I9: 4103.8 | J9: 7745000 | K9: =G9*H9 -> 2950621.2 | L9: =MIN(J9,K9) -> 2950621.2 | M9: . | N9: =O9/I9 -> 977.85272 | O9: =3741075+224929+46908 -> 4012912 | P9: =G9*N9 -> 1528803.5 | Q9: =MIN(P9,O9) -> 1528803.5
A10: Cincinnati | B10: 64.694239 | C10: 75.045318 | D10: 1.3292592 | E10: =B10/D10 -> 48.669394 | F10: =E10*0.5 -> 24.334697 | G10: =PI()*F10^2 -> 1860.3804 | H10: =J10/I10 -> 980.984 | I10: 1325.2 | J10: 1300000 | K10: =G10*H10 -> 1825003.4 | L10: =MIN(J10,K10) -> 1300000 | M10: . | N10: =O10/I10 -> 673.15801 | O10: =789795+102274 -> 892069 | P10: =G10*N10 -> 1252330 | Q10: =MIN(P10,O10) -> 892069
A11: Cleveland | B11: 68.272477 | C11: 75.78245 | D11: 1.2227035 | E11: =B11/D11 -> 55.837312 | F11: =E11*0.5 -> 27.918656 | G11: =PI()*F11^2 -> 2448.7187 | H11: =J11/I11 -> 1074.6812 | I11: 1647 | J11: 1770000 | K11: =G11*H11 -> 2631592 | L11: =MIN(J11,K11) -> 1770000 | M11: . | N11: =O11/I11 -> 633.32848 | O11: 1043092 | P11: =G11*N11 -> 1550843.3 | Q11: =MIN(P11,O11) -> 1043092
A12: Columbus | B12: 64.21199 | C12: 73.843788 | D12: 1.2387292 | E12: =B12/D12 -> 51.836988 | F12: =E12*0.5 -> 25.918494 | G12: =PI()*F12^2 -> 2110.4224 | H12: =J12/I12 -> 1130.6392 | I12: 893.3 | J12: 1010000 | K12: =G12*H12 -> 2386126.3 | L12: =MIN(J12,K12) -> 1010000 | M12: . | N12: =O12/I12 -> 810.5295 | O12: 724046 | P12: =G12*N12 -> 1710559.6 | Q12: =MIN(P12,O12) -> 724046
A13: Dallas-Fort Worth | B13: 62.831555 | C13: 72.884604 | D13: 1.2669463 | E13: =B13/D13 -> 49.592911 | F13: =E13*0.5 -> 24.796456 | G13: =PI()*F13^2 -> 1931.6529 | H13: =J13/I13 -> 936.45485 | I13: 3737.5 | J13: 3500000 | K13: =G13*H13 -> 1808905.7 | L13: =MIN(J13,K13) -> 1808905.7 | M13: . | N13: =O13/I13 -> 638.19746 | O13: =1747902+637361 -> 2385263 | P13: =G13*N13 -> 1232776 | Q13: =MIN(P13,O13) -> 1232776
A14: Denver | B14: 57.288368 | C14: 69.891808 | D14: 1.3381636 | E14: =B14/D14 -> 42.811183 | F14: =E14*0.5 -> 21.405592 | G14: =PI()*F14^2 -> 1439.4757 | H14: =J14/I14 -> 1455.7388 | I14: 1188.4 | J14: 1730000 | K14: =G14*H14 -> 2095500.6 | L14: =MIN(J14,K14) -> 1730000 | M14: . | N14: =O14/I14 -> 816.15113 | O14: 969914 | P14: =G14*N14 -> 1174829.7 | Q14: =MIN(P14,O14) -> 969914
A15: Detroit | B15: 53.475546 | C15: 67.379188 | D15: 1.239001 | E15: =B15/D15 -> 43.160214 | F15: =E15*0.5 -> 21.580107 | G15: =PI()*F15^2 -> 1463.0429 | H15: =J15/I15 -> 1384.7693 | I15: 2899.4 | J15: 4015000 | K15: =G15*H15 -> 2025976.8 | L15: =MIN(J15,K15) -> 2025976.8 | M15: . | N15: =O15/I15 -> 664.662 | O15: 1927121 | P15: =G15*N15 -> 972429 | Q15: =MIN(P15,O15) -> 972429
A16: Grand Rapids* | B16: 60.555305 | C16: 66.005283 | D16: 1.2825248 | E16: =B16/D16 -> 47.215698 | F16: =E16*0.5 -> 23.607849 | G16: =PI()*F16^2 -> 1750.9055 | H16: =J16/I16 -> 830.16257 | I16: 578.2 | J16: 480000 | K16: =G16*H16 -> 1453536.2 | L16: =MIN(J16,K16) -> 480000 | M16: . | N16: =O16/I16 -> 892.0339 | O16: 515774 | P16: =G16*N16 -> 1561867 | Q16: =MIN(P16,O16) -> 515774
A17: Virginia Beach | B17: 59.158545 | C17: 68.032326 | D17: 1.3437943 | E17: =B17/D17 -> 44.023514 | F17: =E17*0.5 -> 22.011757 | G17: =PI()*F17^2 -> 1522.1564 | H17: =J17/I17 -> 823.20088 | I17: 1718.9 | J17: 1415000 | K17: =G17*H17 -> 1253040.5 | L17: =MIN(J17,K17) -> 1253040.5 | M17: . | N17: =O17/I17 -> 318.17034 | O17: 546903 | P17: =G17*N17 -> 484305.03 | Q17: =MIN(P17,O17) -> 484305.03
A18: Hartford | B18: 70.476777 | C18: 76.11492 | D18: 1.3223702 | E18: =B18/D18 -> 53.2958 | F18: =E18*0.5 -> 26.6479 | G18: =PI()*F18^2 -> 2230.8782 | H18: =J18/I18 -> 1344.2151 | I18: 624.9 | J18: 840000 | K18: =G18*H18 -> 2998780.1 | L18: =MIN(J18,K18) -> 840000 | M18: . | N18: =O18/I18 -> 872.53321 | O18: 545246 | P18: =G18*N18 -> 1946515.3 | Q18: =MIN(P18,O18) -> 545246
A19: Honolulu* | B19: 62.589105 | C19: 75.732818 | D19: 1.3847021 | E19: =B19/D19 -> 45.200411 | F19: =E19*0.5 -> 22.600205 | G19: =PI()*F19^2 -> 1604.629 | H19: =J19/I19 -> 1948.7751 | I19: 359.2 | J19: 700000 | K19: =G19*H19 -> 3127061 | L19: =MIN(J19,K19) -> 700000 | M19: . | N19: =O19/I19 -> 861.60078 | O19: 309487 | P19: =G19*N19 -> 1382549.6 | Q19: =MIN(P19,O19) -> 309487
A20: Houston | B20: 61.72194 | C20: 73.449109 | D20: 1.3274916 | E20: =B20/D20 -> 46.495165 | F20: =E20*0.5 -> 23.247582 | G20: =PI()*F20^2 -> 1697.874 | H20: =J20/I20 -> 996.95012 | I20: 3049.3 | J20: 3040000 | K20: =G20*H20 -> 1692695.7 | L20: =MIN(J20,K20) -> 1692695.7 | M20: . | N20: =O20/I20 -> 577.52173 | O20: 1761037 | P20: =G20*N20 -> 980559.14 | Q20: =MIN(P20,O20) -> 980559.14
A21: Indianapolis | B21: 56.481833 | C21: 70.037473 | D21: 1.2722485 | E21: =B21/D21 -> 44.395284 | F21: =E21*0.5 -> 22.197642 | G21: =PI()*F21^2 -> 1547.9736 | H21: =J21/I21 -> 811.10013 | I21: 1214.4 | J21: 985000 | K21: =G21*H21 -> 1255561.6 | L21: =MIN(J21,K21) -> 985000 | M21: . | N21: =O21/I21 -> 628.12912 | O21: 762800 | P21: =G21*N21 -> 972327.29 | Q21: =MIN(P21,O21) -> 762800
A22: Inland Empire | B22: 63.440181 | C22: 74.225012 | D22: 1.3453292 | E22: =B22/D22 -> 47.15588 | F22: =E22*0.5 -> 23.57794 | G22: =PI()*F22^2 -> 1746.4718 | H22: =J22/I22 -> 1191.6751 | I22: 1191.6 | J22: 1420000 | K22: =G22*H22 -> 2081226.9 | L22: =MIN(J22,K22) -> 1420000 | M22: . | N22: =O22/I22 -> 643.63293 | O22: 766953 | P22: =G22*N22 -> 1124086.8 | Q22: =MIN(P22,O22) -> 766953
A23: Jacksonville* | B23: 57.215795 | C23: 68.658954 | D23: 1.3671479 | E23: =B23/D23 -> 41.85048 | F23: =E23*0.5 -> 20.92524 | G23: =PI()*F23^2 -> 1375.5955 | H23: =J23/I23 -> 612.21386 | I23: 1314.9 | J23: 805000 | K23: =G23*H23 -> 842158.66 | L23: =MIN(J23,K23) -> 805000 | M23: . | N23: =O23/I23 -> 349.42505 | O23: 459459 | P23: =G23*N23 -> 480667.55 | Q23: =MIN(P23,O23) -> 459459
A24: Kansas City | B24: 68.436669 | C24: 73.227236 | D24: 1.282665 | E24: =B24/D24 -> 53.355062 | F24: =E24*0.5 -> 26.677531 | G24: =PI()*F24^2 -> 2235.8421 | H24: =J24/I24 -> 674.06619 | I24: 1973.1 | J24: 1330000 | K24: =G24*H24 -> 1507105.6 | L24: =MIN(J24,K24) -> 1330000 | M24: . | N24: =O24/I24 -> 418.47397 | O24: 825691 | P24: =G24*N24 -> 935641.74 | Q24: =MIN(P24,O24) -> 825691
A25: Las Vegas | B25: 52.889872 | C25: 65.583442 | D25: 1.3334071 | E25: =B25/D25 -> 39.66521 | F25: =E25*0.5 -> 19.832605 | G25: =PI()*F25^2 -> 1235.6896 | H25: =J25/I25 -> 1595.2981 | I25: 595.5 | J25: 950000 | K25: =G25*H25 -> 1971293.3 | L25: =MIN(J25,K25) -> 950000 | M25: . | N25: =O25/I25 -> 983.45256 | O25: 585646 | P25: =G25*N25 -> 1215242.1 | Q25: =MIN(P25,O25) -> 585646
A26: Los Angeles | B26: 50.562417 | C26: 71.798632 | D26: 1.2409046 | E26: =B26/D26 -> 40.746416 | F26: =E26*0.5 -> 20.373208 | G26: =PI()*F26^2 -> 1303.9734 | H26: =J26/I26 -> 2374.6391 | I26: 5091.3 | J26: 12090000 | K26: =G26*H26 -> 3096466.1 | L26: =MIN(J26,K26) -> 3096466.1 | M26: . | N26: =O26/I26 -> 975.70581 | O26: =3693537+1274074 -> 4967611 | P26: =G26*N26 -> 1272294.4 | Q26: =MIN(P26,O26) -> 1272294.4
A27: Louisville* | B27: 61.310499 | C27: 71.120178 | D27: 1.3589322 | E27: =B27/D27 -> 45.116672 | F27: =E27*0.5 -> 22.558336 | G27: =PI()*F27^2 -> 1598.689 | H27: =J27/I27 -> 1127.3572 | I27: 731.8 | J27: 825000 | K27: =G27*H27 -> 1802293.6 | L27: =MIN(J27,K27) -> 825000 | M27: . | N27: =O27/I27 -> 674.68844 | O27: 493737 | P27: =G27*N27 -> 1078617 | Q27: =MIN(P27,O27) -> 493737
A28: Memphis | B28: 58.655633 | C28: 65.107753 | D28: 1.331226 | E28: =B28/D28 -> 44.061364 | F28: =E28*0.5 -> 22.030682 | G28: =PI()*F28^2 -> 1524.775 | H28: =J28/I28 -> 1052.8699 | I28: 883.3 | J28: 930000 | K28: =G28*H28 -> 1605389.7 | L28: =MIN(J28,K28) -> 930000 | M28: . | N28: =O28/I28 -> 578.7275 | O28: 511190 | P28: =G28*N28 -> 882429.21 | Q28: =MIN(P28,O28) -> 511190
A29: Milwaukee | B29: 59.418221 | C29: 67.14259 | D29: 1.2176021 | E29: =B29/D29 -> 48.799376 | F29: =E29*0.5 -> 24.399688 | G29: =PI()*F29^2 -> 1870.3308 | H29: =J29/I29 -> 942.68477 | I29: 1326 | J29: 1250000 | K29: =G29*H29 -> 1763132.3 | L29: =MIN(J29,K29) -> 1250000 | M29: . | N29: =O29/I29 -> 580.19759 | O29: 769342 | P29: =G29*N29 -> 1085161.4 | Q29: =MIN(P29,O29) -> 769342
A30: Minneapolis-St.Paul | B30: 61.666325 | C30: 72.1496 | D30: 1.2383391 | E30: =B30/D30 -> 49.797608 | F30: =E30*0.5 -> 24.898804 | G30: =PI()*F30^2 -> 1947.6317 | H30: =J30/I30 -> 806.36374 | I30: 2753.1 | J30: 2220000 | K30: =G30*H30 -> 1570499.6 | L30: =MIN(J30,K30) -> 1570499.6 | M30: . | N30: =O30/I30 -> 558.99059 | O30: 1538957 | P30: =G30*N30 -> 1088707.8 | Q30: =MIN(P30,O30) -> 1088707.8
A31: Nashville | B31: 63.173996 | C31: 71.386616 | D31: 1.3533327 | E31: =B31/D31 -> 46.680315 | F31: =E31*0.5 -> 23.340157 | G31: =PI()*F31^2 -> 1711.4233 | H31: =J31/I31 -> 511.10046 | I31: 1252.2 | J31: 640000 | K31: =G31*H31 -> 874709.22 | L31: =MIN(J31,K31) -> 640000 | M31: . | N31: =O31/I31 -> 488.76777 | O31: 612035 | P31: =G31*N31 -> 836488.53 | Q31: =MIN(P31,O31) -> 612035
A32: New Orleans | B32: 58.965102 | C32: 67.809867 | D32: 1.3763526 | E32: =B32/D32 -> 42.841567 | F32: =E32*0.5 -> 21.420784 | G32: =PI()*F32^2 -> 1441.5197 | H32: =J32/I32 -> 1551.1079 | I32: 699.5 | J32: 1085000 | K32: =G32*H32 -> 2235952.6 | L32: =MIN(J32,K32) -> 1085000 | M32: . | N32: =O32/I32 -> 763.52538 | O32: 534086 | P32: =G32*N32 -> 1100636.9 | Q32: =MIN(P32,O32) -> 534086
A33: New York | B33: 58.662283 | C33: 72.154609 | D33: 1.2603547 | E33: =B33/D33 -> 46.544265 | F33: =E33*0.5 -> 23.272132 | G33: =PI()*F33^2 -> 1701.4619 | H33: =J33/I33 -> 2117.6348 | I33: 7683.1 | J33: 16270000 | K33: =G33*H33 -> 3603074.9 | L33: =MIN(J33,K33) -> 3603074.9 | M33: . | N33: =O33/I33 -> 958.84916 | O33: =3557965+617736+210152+305726+1019809+895963+759583 -> 7366934 | P33: =G33*N33 -> 1631445.3 | Q33: =MIN(P33,O33) -> 1631445.3
A34: Oklahoma City | B34: 65.428156 | C34: 70.008126 | D34: 1.2964578 | E34: =B34/D34 -> 50.466863 | F34: =E34*0.5 -> 25.233431 | G34: =PI()*F34^2 -> 2000.3339 | H34: =J34/I34 -> 447.68101 | I34: 1675.3 | J34: 750000 | K34: =G34*H34 -> 895511.51 | L34: =MIN(J34,K34) -> 750000 | M34: . | N34: =O34/I34 -> 254.5365 | O34: 426425 | P34: =G34*N34 -> 509157.99 | Q34: =MIN(P34,O34) -> 426425
A35: Orlando | B35: 51.610671 | C35: 65.029445 | D35: 1.3247336 | E35: =B35/D35 -> 38.959283 | F35: =E35*0.5 -> 19.479641 | G35: =PI()*F35^2 -> 1192.0975 | H35: =J35/I35 -> 1012.6211 | I35: 1022.1 | J35: 1035000 | K35: =G35*H35 -> 1207143.1 | L35: =MIN(J35,K35) -> 1035000 | M35: . | N35: =O35/I35 -> 729.77693 | O35: 745905 | P35: =G35*N35 -> 869965.28 | Q35: =MIN(P35,O35) -> 745905
A36: Philadelphia | B36: 57.527408 | C36: 67.307067 | D36: 1.2151793 | E36: =B36/D36 -> 47.340674 | F36: =E36*0.5 -> 23.670337 | G36: =PI()*F36^2 -> 1760.1868 | H36: =J36/I36 -> 1548.768 | I36: 3015.3 | J36: 4670000 | K36: =G36*H36 -> 2726120.9 | L36: =MIN(J36,K36) -> 2726120.9 | M36: . | N36: =O36/I36 -> 794.65194 | O36: =2112593+283521 -> 2396114 | P36: =G36*N36 -> 1398735.9 | Q36: =MIN(P36,O36) -> 1398735.9
A37: Phoenix | B37: 55.217531 | C37: 64.604512 | D37: 1.3855039 | E37: =B37/D37 -> 39.853755 | F37: =E37*0.5 -> 19.926878 | G37: =PI()*F37^2 -> 1247.465 | H37: =J37/I37 -> 1156.6114 | I37: 1919.4 | J37: 2220000 | K37: =G37*H37 -> 1442832.3 | L37: =MIN(J37,K37) -> 1442832.3 | M37: . | N37: =O37/I37 -> 663.90487 | O37: 1274299 | P37: =G37*N37 -> 828198.1 | Q37: =MIN(P37,O37) -> 828198.1
A38: Pittsburgh | B38: 60.206378 | C38: 66.227016 | D38: 1.3073565 | E38: =B38/D38 -> 46.051996 | F38: =E38*0.5 -> 23.025998 | G38: =PI()*F38^2 -> 1665.6617 | H38: =J38/I38 -> 880.80588 | I38: 2015.2 | J38: 1775000 | K38: =G38*H38 -> 1467124.6 | L38: =MIN(J38,K38) -> 1467124.6 | M38: . | N38: =O38/I38 -> 499.64371 | O38: 1006882 | P38: =G38*N38 -> 832237.37 | Q38: =MIN(P38,O38) -> 832237.37
A39: Portland | B39: 60.024289 | C39: 72.029147 | D39: 1.4034944 | E39: =B39/D39 -> 42.767743 | F39: =E39*0.5 -> 21.383871 | G39: =PI()*F39^2 -> 1436.5559 | H39: =J39/I39 -> 1323.5148 | I39: 1004.9 | J39: 1330000 | K39: =G39*H39 -> 1901303 | L39: =MIN(J39,K39) -> 1330000 | M39: . | N39: =O39/I39 -> 831.47477 | O39: 835549 | P39: =G39*N39 -> 1194460 | Q39: =MIN(P39,O39) -> 835549
A40: Providence* | B40: 67.445743 | C40: 72.841403 | D40: 1.2391401 | E40: =B40/D40 -> 54.429474 | F40: =E40*0.5 -> 27.214737 | G40: =PI()*F40^2 -> 2326.7951 | H40: =J40/I40 -> 1480.0931 | I40: 773.6 | J40: 1145000 | K40: =G40*H40 -> 3443873.4 | L40: =MIN(J40,K40) -> 1145000 | M40: . | N40: =O40/I40 -> 485.89452 | O40: 375888 | P40: =G40*N40 -> 1130577 | Q40: =MIN(P40,O40) -> 375888
A41: Raleigh* | B41: 61.558628 | C41: 68.330077 | D41: 1.2413604 | E41: =B41/D41 -> 49.58965 | F41: =E41*0.5 -> 24.794825 | G41: =PI()*F41^2 -> 1931.3989 | H41: =J41/I41 -> 1338.6 | I41: 455.7 | J41: 610000 | K41: =G41*H41 -> 2585370.4 | L41: =MIN(J41,K41) -> 610000 | M41: . | N41: =O41/I41 -> 1185.3237 | O41: 540152 | P41: =G41*N41 -> 2289332.8 | Q41: =MIN(P41,O41) -> 540152
A42: Rochester | B42: 71.963113 | C42: 75.561269 | D42: 1.2570038 | E42: =B42/D42 -> 57.249718 | F42: =E42*0.5 -> 28.624859 | G42: =PI()*F42^2 -> 2574.1662 | H42: =J42/I42 -> 1096.6836 | I42: 569.9 | J42: 625000 | K42: =G42*H42 -> 2823046 | L42: =MIN(J42,K42) -> 625000 | M42: . | N42: =O42/I42 -> 799.00333 | O42: 455352 | P42: =G42*N42 -> 2056767.4 | Q42: =MIN(P42,O42) -> 455352
A43: Sacramento | B43: 57.718159 | C43: 69.26179 | D43: 1.4511941 | E43: =B43/D43 -> 39.772873 | F43: =E43*0.5 -> 19.886437 | G43: =PI()*F43^2 -> 1242.4068 | H43: =J43/I43 -> 1434.0234 | I43: 864.7 | J43: 1240000 | K43: =G43*H43 -> 1781640.3 | L43: =MIN(J43,K43) -> 1240000 | M43: . | N43: =O43/I43 -> 583.35492 | O43: 504427 | P43: =G43*N43 -> 724764.1 | Q43: =MIN(P43,O43) -> 504427
A44: Salt Lake City | B44: 58.266152 | C44: 69.33672 | D44: 1.3833656 | E44: =B44/D44 -> 42.119126 | F44: =E44*0.5 -> 21.059563 | G44: =PI()*F44^2 -> 1393.3127 | H44: =J44/I44 -> 1268.8041 | I44: 658.1 | J44: 835000 | K44: =G44*H44 -> 1767840.9 | L44: =MIN(J44,K44) -> 835000 | M44: . | N44: =O44/I44 -> 896.24677 | O44: 589820 | P44: =G44*N44 -> 1248752 | Q44: =MIN(P44,O44) -> 589820
A45: San Antonio | B45: 68.258758 | C45: 75.084634 | D45: 1.3944577 | E45: =B45/D45 -> 48.950039 | F45: =E45*0.5 -> 24.475019 | G45: =PI()*F45^2 -> 1881.8975 | H45: =J45/I45 -> 1075.3636 | I45: 1134.5 | J45: 1220000 | K45: =G45*H45 -> 2023724 | L45: =MIN(J45,K45) -> 1220000 | M45: . | N45: =O45/I45 -> 504.97752 | O45: 572897 | P45: =G45*N45 -> 950315.93 | Q45: =MIN(P45,O45) -> 572897
A46: San Diego | B46: 61.114708 | C46: 73.948797 | D46: 1.4004145 | E46: =B46/D46 -> 43.640443 | F46: =E46*0.5 -> 21.820222 | G46: =PI()*F46^2 -> 1495.7816 | H46: =J46/I46 -> 1429.3706 | I46: 1787.5 | J46: 2555000 | K46: =G46*H46 -> 2138026.3 | L46: =MIN(J46,K46) -> 2138026.3 | M46: . | N46: =O46/I46 -> 537.63021 | O46: 961014 | P46: =G46*N46 -> 804177.38 | Q46: =MIN(P46,O46) -> 804177.38
A47: San Francisco | B47: 56.191337 | C47: 74.172565 | D47: 1.4169329 | E47: =B47/D47 -> 39.657022 | F47: =E47*0.5 -> 19.828511 | G47: =PI()*F47^2 -> 1235.1795 | H47: =J47/I47 -> 1713.8566 | I47: 2263.9 | J47: 3880000 | K47: =G47*H47 -> 2116920.5 | L47: =MIN(J47,K47) -> 2116920.5 | M47: . | N47: =O47/I47 -> 816.73395 | O47: =962037+886967 -> 1849004 | P47: =G47*N47 -> 1008813 | Q47: =MIN(P47,O47) -> 1008813
A48: San Jose | B48: 57.512041 | C48: 71.314931 | D48: 1.4152399 | E48: =B48/D48 -> 40.637662 | F48: =E48*0.5 -> 20.318831 | G48: =PI()*F48^2 -> 1297.0219 | H48: =J48/I48 -> 1768.1953 | I48: 876.6 | J48: 1550000 | K48: =G48*H48 -> 2293388 | L48: =MIN(J48,K48) -> 1550000 | M48: . | N48: =O48/I48 -> 1079.5836 | O48: 946363 | P48: =G48*N48 -> 1400243.6 | Q48: =MIN(P48,O48) -> 946363
A49: Seattle | B49: 56.598099 | C49: 73.011548 | D49: 1.4075781 | E49: =B49/D49 -> 40.209563 | F49: =E49*0.5 -> 20.104782 | G49: =PI()*F49^2 -> 1269.8388 | H49: =J49/I49 -> 1664.8059 | I49: 1522.7 | J49: 2535000 | K49: =G49*H49 -> 2114035.2 | L49: =MIN(J49,K49) -> 2114035.2 | M49: . | N49: =O49/I49 -> 892.90668 | O49: =1169062 +190567 -> 1359629 | P49: =G49*N49 -> 1133847.5 | Q49: =MIN(P49,O49) -> 1133847.5
A50: South Florida | B50: 55.648504 | C50: 69.56063 | D50: 1.2685017 | E50: =B50/D50 -> 43.869474 | F50: =E50*0.5 -> 21.934737 | G50: =PI()*F50^2 -> 1511.5229 | H50: =J50/I50 -> 4685.7894 | I50: 913.4 | J50: 4280000 | K50: =G50*H50 -> 7082677.9 | L50: =MIN(J50,K50) -> 4280000 | M50: . | N50: =O50/I50 -> 1556.351 | O50: =835903+585668 -> 1421571 | P50: =G50*N50 -> 2352460.2 | Q50: =MIN(P50,O50) -> 1421571
A51: St. Louis | B51: 61.48109 | C51: 72.547686 | D51: 1.358629 | E51: =B51/D51 -> 45.252303 | F51: =E51*0.5 -> 22.626151 | G51: =PI()*F51^2 -> 1608.3155 | H51: =J51/I51 -> 1057.7943 | I51: 1886 | J51: 1995000 | K51: =G51*H51 -> 1701266.9 | L51: =MIN(J51,K51) -> 1701266.9 | M51: . | N51: =O51/I51 -> 632.73118 | O51: 1193331 | P51: =G51*N51 -> 1017631.4 | Q51: =MIN(P51,O51) -> 1017631.4
A52: Tampa Bay | B52: 49.704385 | C52: 64.118657 | D52: 1.2742559 | E52: =B52/D52 -> 39.006595 | F52: =E52*0.5 -> 19.503298 | G52: =PI()*F52^2 -> 1194.9947 | H52: =J52/I52 -> 1087.5379 | I52: 1682.7 | J52: 1830000 | K52: =G52*H52 -> 1299602 | L52: =MIN(J52,K52) -> 1299602 | M52: . | N52: =O52/I52 -> 580.54496 | O52: 976883 | P52: =G52*N52 -> 693748.13 | Q52: =MIN(P52,O52) -> 693748.13
A53: Washington | B53: 53.455408 | C53: 69.492031 | D53: 1.2938832 | E53: =B53/D53 -> 41.313936 | F53: =E53*0.5 -> 20.656968 | G53: =PI()*F53^2 -> 1340.5501 | H53: =J53/I53 -> 1434.644 | I53: 2446.6 | J53: 3510000 | K53: =G53*H53 -> 1923212.1 | L53: =MIN(J53,K53) -> 1923212.1 | M53: . | N53: =O53/I53 -> 840.12875 | O53: 2055459 | P53: =G53*N53 -> 1126234.6 | Q53: =MIN(P53,O53) -> 1126234.6
A55: Notes:
A56: 1 Circuity is from a sample of OD points with network distance matched to average commute distance
A57: * Circuitry is from 2001 commute distance; 1995 commute distance unavailable
A59: Data Sources:
A60: Network Speed (congested), Network Speed (freeflow), Population: TTI complete data 1982-2007 (calculated from 1995 values only)
A61: Circuity: Networks are Census Tiger 2008 county-level shapefiles merged together, commute distances are from 1995 NPTS
A62: Urbanized Area: Census 1990 Population and Housing Unit Counts (census.gov)
A63: Employment: 1998 MSA Business Patterns (NAICS - from Censtats)

Sheet 2001
B1: Network Speed (congested) [km/h] | C1: Network Speed (freeflow) [km/h] | D1: Circuity [ ] | E1: Average Airline Speed [km/h] | F1: Airline Radius [km] | G1: Area covered in 30 mins [km2] | H1: Urbanized area density [people/km2] | I1: Urbanized Area [km2] | J1: Population | K1: Accessibility | L1: MinPA,P | M1: . | N1: Employment Density | O1: Employment | P1: Employment Accessibility | Q1: Min EA, E
A2: Area | B2: S_n | D2: C2 | E2: S_a | F2: R_a | G2: A_30 | H2: D_UA | L2: =MIN(J2,K2) -> 0 | Q2: =MIN(P2,O2) -> 0
A3: Atlanta | B3: 52.31679 | C3: 68.53499 | D3: 1.2545032 | E3: =B3/D3 -> 41.703194 | F3: =E3*0.5 -> 20.851597 | G3: =PI()*F3^2 -> 1365.9302 | H3: 540.543 | I3: 5083.0589 | J3: 3850000 | K3: =G3*H3 -> 738344.01 | L3: =MIN(J3,K3) -> 738344.01 | M3: . | N3: =O3/I3 -> 418.87927 | O3: 2129188 | P3: =G3*N3 -> 572159.85 | Q3: =MIN(P3,O3) -> 572159.85
A4: Austin | B4: 53.19888 | C4: 67.56258 | D4: 1.3588387 | E4: =B4/D4 -> 39.150255 | F4: =E4*0.5 -> 19.575128 | G4: =PI()*F4^2 -> 1203.8131 | H4: 741.3162 | I4: 823.94448 | J4: 960000 | K4: =G4*H4 -> 892406.17 | L4: =MIN(J4,K4) -> 892406.17 | M4: . | N4: =O4/I4 -> 704.51955 | O4: 580485 | P4: =G4*N4 -> 848109.88 | Q4: =MIN(P4,O4) -> 580485
A5: Baltimore | B5: 57.5626 | C5: 71.37762 | D5: 1.252585 | E5: =B5/D5 -> 45.955044 | F5: =E5*0.5 -> 22.977522 | G5: =PI()*F5^2 -> 1658.6557 | H5: 1130.18 | I5: 1768.2607 | J5: 2210000 | K5: =G5*H5 -> 1874579.5 | L5: =MIN(J5,K5) -> 1874579.5 | M5: . | N5: =O5/I5 -> 601.54252 | O5: 1063684 | P5: =G5*N5 -> 997751.95 | Q5: =MIN(P5,O5) -> 997751.95
A6: Boston | B6: 60.28802 | C6: 74.15427 | D6: 1.2192841 | E6: =B6/D6 -> 49.445425 | F6: =E6*0.5 -> 24.722712 | G6: =PI()*F6^2 -> 1920.1807 | H6: 780.1243 | I6: 4496.6741 | J6: 3940000 | K6: =G6*H6 -> 1497979.6 | L6: =MIN(J6,K6) -> 1497979.6 | M6: . | N6: =O6/I6 -> 683.91236 | O6: 3075331 | P6: =G6*N6 -> 1313235.3 | Q6: =MIN(P6,O6) -> 1313235.3
A7: Buffalo | B7: 60.07548 | C7: 64.28076 | D7: 1.2197721 | E7: =B7/D7 -> 49.251397 | F7: =E7*0.5 -> 24.625699 | G7: =PI()*F7^2 -> 1905.1404 | H7: 742.2481 | I7: 949.73302 | J7: 1115000 | K7: =G7*H7 -> 1414086.9 | L7: =MIN(J7,K7) -> 1115000 | M7: . | N7: =O7/I7 -> 500.80074 | O7: 475627 | P7: =G7*N7 -> 954095.74 | Q7: =MIN(P7,O7) -> 475627
A8: Charlotte | B8: 54.73937 | C8: 66.78204 | D8: 1.232499 | E8: =B8/D8 -> 44.413317 | F8: =E8*0.5 -> 22.206659 | G8: =PI()*F8^2 -> 1549.2314 | H8: 612.8043 | I8: 1126.4161 | J8: 865000 | K8: =G8*H8 -> 949375.69 | L8: =MIN(J8,K8) -> 865000 | M8: . | N8: =O8/I8 -> 720.43269 | O8: 811507 | P8: =G8*N8 -> 1116117 | Q8: =MIN(P8,O8) -> 811507
A9: Chicago | B9: 47.50277 | C9: 64.12874 | D9: 1.2285083 | E9: =B9/D9 -> 38.667032 | F9: =E9*0.5 -> 19.333516 | G9: =PI()*F9^2 -> 1174.2797 | H9: 1111.92 | I9: 5498.057 | J9: 8150000 | K9: =G9*H9 -> 1305705.1 | L9: =MIN(J9,K9) -> 1305705.1 | M9: . | N9: =O9/I9 -> 762.04903 | O9: =3915405+225650+48734 -> 4189789 | P9: =G9*N9 -> 894858.73 | Q9: =MIN(P9,O9) -> 894858.73
A10: Cincinnati | B10: 59.70134 | C10: 70.44758 | D10: 1.3292592 | E10: =B10/D10 -> 44.913242 | F10: =E10*0.5 -> 22.456621 | G10: =PI()*F10^2 -> 1584.3046 | H10: 725.1187 | I10: 1739.8649 | J10: 1540000 | K10: =G10*H10 -> 1148808.9 | L10: =MIN(J10,K10) -> 1148808.9 | M10: . | N10: =O10/I10 -> 537.37105 | O10: =820201+114752 -> 934953 | P10: =G10*N10 -> 851359.42 | Q10: =MIN(P10,O10) -> 851359.42
A11: Cleveland | B11: 62.77554 | C11: 69.05309 | D11: 1.1958825 | E11: =B11/D11 -> 52.493067 | F11: =E11*0.5 -> 26.246533 | G11: =PI()*F11^2 -> 2164.182 | H11: 820.467 | I11: 1675.7263 | J11: 1785000 | K11: =G11*H11 -> 1775639.9 | L11: =MIN(J11,K11) -> 1775639.9 | M11: . | N11: =O11/I11 -> 643.10978 | O11: 1077676 | P11: =G11*N11 -> 1391806.6 | Q11: =MIN(P11,O11) -> 1077676
A12: Columbus | B12: 60.79675 | C12: 71.13219 | D12: 1.2517998 | E12: =B12/D12 -> 48.56747 | F12: =E12*0.5 -> 24.283735 | G12: =PI()*F12^2 -> 1852.5965 | H12: 793.0747 | I12: 1030.0578 | J12: 1140000 | K12: =G12*H12 -> 1469247.4 | L12: =MIN(J12,K12) -> 1140000 | M12: . | N12: =O12/I12 -> 750.93647 | O12: 773508 | P12: =G12*N12 -> 1391182.3 | Q12: =MIN(P12,O12) -> 773508
A13: Dallas-Fort Worth | B13: 56.96404 | C13: 70.06577 | D13: 1.2688045 | E13: =B13/D13 -> 44.895839 | F13: =E13*0.5 -> 22.447919 | G13: =PI()*F13^2 -> 1583.0771 | H13: 831.1357 | I13: 3644.2179 | J13: 4090000 | K13: =G13*H13 -> 1315751.9 | L13: =MIN(J13,K13) -> 1315751.9 | M13: . | N13: =O13/I13 -> 713.75617 | O13: =1915132+685951 -> 2601083 | P13: =G13*N13 -> 1129931 | Q13: =MIN(P13,O13) -> 1129931
A14: Denver | B14: 50.87279 | C14: 67.15208 | D14: 1.3463144 | E14: =B14/D14 -> 37.786709 | F14: =E14*0.5 -> 18.893354 | G14: =PI()*F14^2 -> 1121.4193 | H14: 919.8315 | I14: 1291.906 | J14: 2025000 | K14: =G14*H14 -> 1031516.8 | L14: =MIN(J14,K14) -> 1031516.8 | M14: . | N14: =O14/I14 -> 836.36813 | O14: 1080509 | P14: =G14*N14 -> 937919.34 | Q14: =MIN(P14,O14) -> 937919.34
A15: Detroit | B15: 50.51411 | C15: 65.16321 | D15: 1.2231188 | E15: =B15/D15 -> 41.299429 | F15: =E15*0.5 -> 20.649715 | G15: =PI()*F15^2 -> 1339.6088 | H15: 1127.53 | I15: 3267.1409 | J15: 4030000 | K15: =G15*H15 -> 1510449.1 | L15: =MIN(J15,K15) -> 1510449.1 | M15: . | N15: =O15/I15 -> 597.8524 | O15: 1953268 | P15: =G15*N15 -> 800888.31 | Q15: =MIN(P15,O15) -> 800888.31
A16: Grand Rapids | B16: 56.839146 | C16: 63.091452 | D16: 1.2876333 | E16: =B16/D16 -> 44.142338 | F16: =E16*0.5 -> 22.071169 | G16: =PI()*F16^2 -> 1530.3844 | H16: 1048.9459 | I16: 666.54415 | J16: 555000 | K16: =G16*H16 -> 1605290.6 | L16: =MIN(J16,K16) -> 555000 | M16: . | N16: =O16/I16 -> 796.59389 | O16: 530965 | P16: =G16*N16 -> 1219094.9 | Q16: =MIN(P16,O16) -> 530965
A17: Virginia Beach | B17: 54.51603 | C17: 64.32891 | D17: 1.3149722 | E17: =B17/D17 -> 41.457935 | F17: =E17*0.5 -> 20.728967 | G17: =PI()*F17^2 -> 1349.9112 | H17: 595.8125 | I17: 1364.4099 | J17: 1520000 | K17: =G17*H17 -> 804293.97 | L17: =MIN(J17,K17) -> 804293.97 | M17: . | N17: =O17/I17 -> 420.42645 | O17: 573634 | P17: =G17*N17 -> 567538.38 | Q17: =MIN(P17,O17) -> 567538.38
A18: Hartford | B18: 68.56857 | C18: 75.42543 | D18: 1.318605 | E18: =B18/D18 -> 52.000843 | F18: =E18*0.5 -> 26.000422 | G18: =PI()*F18^2 -> 2123.7855 | H18: 616.3466 | I18: 1215.5915 | J18: 870000 | K18: =G18*H18 -> 1308988 | L18: =MIN(J18,K18) -> 870000 | M18: . | N18: =O18/I18 -> 467.19724 | O18: 567921 | P18: =G18*N18 -> 992226.72 | Q18: =MIN(P18,O18) -> 567921
A19: Honolulu | B19: 58.403203 | C19: 68.915779 | D19: 1.5656731 | E19: =B19/D19 -> 37.302297 | F19: =E19*0.5 -> 18.651149 | G19: =PI()*F19^2 -> 1092.8512 | H19: 1930.5094 | I19: 399.17986 | J19: 700000 | K19: =G19*H19 -> 2109759.5 | L19: =MIN(J19,K19) -> 700000 | M19: . | N19: =O19/I19 -> 802.79853 | O19: 320461 | P19: =G19*N19 -> 877339.34 | Q19: =MIN(P19,O19) -> 320461
A20: Houston | B20: 53.7673 | C20: 68.82214 | D20: 1.3120577 | E20: =B20/D20 -> 40.979371 | F20: =E20*0.5 -> 20.489685 | G20: =PI()*F20^2 -> 1318.9261 | H20: 778.6393 | I20: 3354.7213 | J20: 3630000 | K20: =G20*H20 -> 1026967.7 | L20: =MIN(J20,K20) -> 1026967.7 | M20: . | N20: =O20/I20 -> 557.65586 | O20: 1870780 | P20: =G20*N20 -> 735506.84 | Q20: =MIN(P20,O20) -> 735506.84
A21: Indianapolis | B21: 53.33619 | C21: 65.07016 | D21: 1.2553195 | E21: =B21/D21 -> 42.488138 | F21: =E21*0.5 -> 21.244069 | G21: =PI()*F21^2 -> 1417.8337 | H21: 795.3705 | I21: 1432.0576 | J21: 1030000 | K21: =G21*H21 -> 1127703.1 | L21: =MIN(J21,K21) -> 1030000 | M21: . | N21: =O21/I21 -> 568.0393 | O21: 813465 | P21: =G21*N21 -> 805385.24 | Q21: =MIN(P21,O21) -> 805385.24
A22: Inland Empire1 | B22: 57.81975 | C22: 71.69648 | D22: 1.3322188 | E22: =B22/D22 -> 43.401092 | F22: =E22*0.5 -> 21.700546 | G22: =PI()*F22^2 -> 1479.419 | H22: 1048.911 | I22: 1136.4228 | J22: 1630000 | K22: =G22*H22 -> 1551778.9 | L22: =MIN(J22,K22) -> 1551778.9 | M22: . | N22: =O22/I22 -> 772.15541 | O22: 877495 | P22: =G22*N22 -> 1142341.4 | Q22: =MIN(P22,O22) -> 877495
A23: Jacksonville | B23: 54.3979 | C23: 63.64554 | D23: 1.3671479 | E23: =B23/D23 -> 39.789331 | F23: =E23*0.5 -> 19.894666 | G23: =PI()*F23^2 -> 1243.4352 | H23: 464.3661 | I23: 1063.2316 | J23: 890000 | K23: =G23*H23 -> 577409.15 | L23: =MIN(J23,K23) -> 577409.15 | M23: . | N23: =O23/I23 -> 467.65164 | O23: 497222 | P23: =G23*N23 -> 581494.5 | Q23: =MIN(P23,O23) -> 497222
A24: Kansas City | B24: 63.34106 | C24: 69.04175 | D24: 1.3058059 | E24: =B24/D24 -> 48.507255 | F24: =E24*0.5 -> 24.253628 | G24: =PI()*F24^2 -> 1848.0056 | H24: 534.1705 | I24: 1513.627 | J24: 1425000 | K24: =G24*H24 -> 987150.07 | L24: =MIN(J24,K24) -> 987150.07 | M24: . | N24: =O24/I24 -> 588.92447 | O24: 891412 | P24: =G24*N24 -> 1088335.7 | Q24: =MIN(P24,O24) -> 891412
A25: Las Vegas | B25: 50.76474 | C25: 64.47121 | D25: 1.3395993 | E25: =B25/D25 -> 37.895466 | F25: =E25*0.5 -> 18.947733 | G25: =PI()*F25^2 -> 1127.8839 | H25: 1701.467 | I25: 740.49811 | J25: 1300000 | K25: =G25*H25 -> 1919057.2 | L25: =MIN(J25,K25) -> 1300000 | M25: . | N25: =O25/I25 -> 934.33729 | O25: 691875 | P25: =G25*N25 -> 1053824 | Q25: =MIN(P25,O25) -> 691875
A26: Los Angeles | B26: 47.96656 | C26: 70.9905 | D26: 1.3322188 | E26: =B26/D26 -> 36.005017 | F26: =E26*0.5 -> 18.002509 | G26: =PI()*F26^2 -> 1018.1598 | H26: 2155.593 | I26: 4319.9303 | J26: 12450000 | K26: =G26*H26 -> 2194738.1 | L26: =MIN(J26,K26) -> 2194738.1 | M26: . | N26: =O26/I26 -> 1226.6024 | O26: =3889686+1409151 -> 5298837 | P26: =G26*N26 -> 1248877.2 | Q26: =MIN(P26,O26) -> 1248877.2
A27: Louisville | B27: 57.96375 | C27: 68.97688 | D27: 1.3589322 | E27: =B27/D27 -> 42.653894 | F27: =E27*0.5 -> 21.326947 | G27: =PI()*F27^2 -> 1428.9178 | H27: 763.3284 | I27: 1013.4551 | J27: 860000 | K27: =G27*H27 -> 1090733.6 | L27: =MIN(J27,K27) -> 860000 | M27: . | N27: =O27/I27 -> 509.17498 | O27: 516026 | P27: =G27*N27 -> 727569.21 | Q27: =MIN(P27,O27) -> 516026
A28: Memphis | B28: 57.32139 | C28: 64.77317 | D28: 1.3251324 | E28: =B28/D28 -> 43.257105 | F28: =E28*0.5 -> 21.628553 | G28: =PI()*F28^2 -> 1469.6191 | H28: 772.2043 | I28: 1035.5225 | J28: 980000 | K28: =G28*H28 -> 1134846.2 | L28: =MIN(J28,K28) -> 980000 | M28: . | N28: =O28/I28 -> 519.02878 | O28: 537466 | P28: =G28*N28 -> 762774.61 | Q28: =MIN(P28,O28) -> 537466
A29: Milwaukee | B29: 57.25628 | C29: 65.84471 | D29: 1.2147109 | E29: =B29/D29 -> 47.135727 | F29: =E29*0.5 -> 23.567864 | G29: =PI()*F29^2 -> 1744.9794 | H29: 931.9707 | I29: 1261.4412 | J29: 1400000 | K29: =G29*H29 -> 1626269.7 | L29: =MIN(J29,K29) -> 1400000 | M29: . | N29: =O29/I29 -> 619.65949 | O29: 781664 | P29: =G29*N29 -> 1081293 | Q29: =MIN(P29,O29) -> 781664
A30: Minneapolis-St.Paul | B30: 55.30265 | C30: 69.68134 | D30: 1.2298335 | E30: =B30/D30 -> 44.967592 | F30: =E30*0.5 -> 22.483796 | G30: =PI()*F30^2 -> 1588.1413 | H30: 756.6357 | I30: 2316.0156 | J30: 2430000 | K30: =G30*H30 -> 1201644.4 | L30: =MIN(J30,K30) -> 1201644.4 | M30: . | N30: =O30/I30 -> 709.14809 | O30: 1642398 | P30: =G30*N30 -> 1126227.4 | Q30: =MIN(P30,O30) -> 1126227.4
A31: Nashville | B31: 60.80458 | C31: 70.53332 | D31: 1.3726075 | E31: =B31/D31 -> 44.298592 | F31: =E31*0.5 -> 22.149296 | G31: =PI()*F31^2 -> 1541.2381 | H31: 455.8151 | I31: 1115.6883 | J31: 850000 | K31: =G31*H31 -> 702519.59 | L31: =MIN(J31,K31) -> 702519.59 | M31: . | N31: =O31/I31 -> 568.951 | O31: 634772 | P31: =G31*N31 -> 876888.95 | Q31: =MIN(P31,O31) -> 634772
A32: New Orleans | B32: 56.71207 | C32: 65.21888 | D32: 1.3418186 | E32: =B32/D32 -> 42.265079 | F32: =E32*0.5 -> 21.13254 | G32: =PI()*F32^2 -> 1402.9857 | H32: 1342.165 | I32: 512.39266 | J32: 1095000 | K32: =G32*H32 -> 1883038.3 | L32: =MIN(J32,K32) -> 1095000 | M32: . | N32: =O32/I32 -> 1056.4398 | O32: 541312 | P32: =G32*N32 -> 1482170 | Q32: =MIN(P32,O32) -> 541312
A33: New York | B33: 51.8687 | C33: 66.91063 | D33: 1.2505759 | E33: =B33/D33 -> 41.47585 | F33: =E33*0.5 -> 20.737925 | G33: =PI()*F33^2 -> 1351.0782 | H33: 1475.768 | I33: 8683.2033 | J33: 17200000 | K33: =G33*H33 -> 1993877.9 | L33: =MIN(J33,K33) -> 1993877.9 | M33: . | N33: =O33/I33 -> 908.0232 | O33: =3845734+647143+223496+331771+1100827+943220+792359 -> 7884550 | P33: =G33*N33 -> 1226810.3 | Q33: =MIN(P33,O33) -> 1226810.3
A34: Oklahoma City | B34: 59.51772 | C34: 65.46949 | D34: 1.2823721 | E34: =B34/D34 -> 46.412207 | F34: =E34*0.5 -> 23.206104 | G34: =PI()*F34^2 -> 1691.8207 | H34: 584.5659 | I34: 834.88805 | J34: 810000 | K34: =G34*H34 -> 988980.68 | L34: =MIN(J34,K34) -> 810000 | M34: . | N34: =O34/I34 -> 528.7128 | O34: 441416 | P34: =G34*N34 -> 894487.26 | Q34: =MIN(P34,O34) -> 441416
A35: Orlando | B35: 45.74069 | C35: 60.83512 | D35: 1.323813 | E35: =B35/D35 -> 34.552229 | F35: =E35*0.5 -> 17.276115 | G35: =PI()*F35^2 -> 937.65273 | H35: 708.8145 | I35: 1173.7605 | J35: 1230000 | K35: =G35*H35 -> 664621.85 | L35: =MIN(J35,K35) -> 664621.85 | M35: . | N35: =O35/I35 -> 697.01275 | O35: 818126 | P35: =G35*N35 -> 653555.91 | Q35: =MIN(P35,O35) -> 653555.91
A36: Philadelphia | B36: 52.86588 | C36: 66.61101 | D36: 1.2151793 | E36: =B36/D36 -> 43.504592 | F36: =E36*0.5 -> 21.752296 | G36: =PI()*F36^2 -> 1486.4835 | H36: 942.2731 | I36: 4660.7165 | J36: 5125000 | K36: =G36*H36 -> 1400673.4 | L36: =MIN(J36,K36) -> 1400673.4 | M36: . | N36: =O36/I36 -> 547.27079 | O36: =2237898+312776 -> 2550674 | P36: =G36*N36 -> 813508.99 | Q36: =MIN(P36,O36) -> 813508.99
A37: Phoenix | B37: 52.44265 | C37: 67.12659 | D37: 1.3591592 | E37: =B37/D37 -> 38.584626 | F37: =E37*0.5 -> 19.292313 | G37: =PI()*F37^2 -> 1169.2799 | H37: 990.8817 | I37: 2069.4187 | J37: 2900000 | K37: =G37*H37 -> 1158618 | L37: =MIN(J37,K37) -> 1158618 | M37: . | N37: =O37/I37 -> 677.88603 | O37: 1402830 | P37: =G37*N37 -> 792638.48 | Q37: =MIN(P37,O37) -> 792638.48
A38: Pittsburgh | B38: 58.55113 | C38: 64.40624 | D38: 1.3100772 | E38: =B38/D38 -> 44.692884 | F38: =E38*0.5 -> 22.346442 | G38: =PI()*F38^2 -> 1568.7966 | H38: 603.0711 | I38: 2207.6966 | J38: 1765000 | K38: =G38*H38 -> 946095.89 | L38: =MIN(J38,K38) -> 946095.89 | M38: . | N38: =O38/I38 -> 470.46366 | O38: 1038641 | P38: =G38*N38 -> 738061.78 | Q38: =MIN(P38,O38) -> 738061.78
A39: Portland | B39: 53.08795 | C39: 67.95258 | D39: 1.3917707 | E39: =B39/D39 -> 38.144179 | F39: =E39*0.5 -> 19.072089 | G39: =PI()*F39^2 -> 1142.7373 | H39: 1192.044 | I39: 1227.5103 | J39: 1590000 | K39: =G39*H39 -> 1362193.2 | L39: =MIN(J39,K39) -> 1362193.2 | M39: . | N39: =O39/I39 -> 714.74674 | O39: 877359 | P39: =G39*N39 -> 816767.78 | Q39: =MIN(P39,O39) -> 816767.78
A40: Providence | B40: 62.4824 | C40: 71.22993 | D40: 1.2391401 | E40: =B40/D40 -> 50.424 | F40: =E40*0.5 -> 25.212 | G40: =PI()*F40^2 -> 1996.9375 | H40: 595.1384 | I40: 1304.4013 | J40: 1210000 | K40: =G40*H40 -> 1188454.2 | L40: =MIN(J40,K40) -> 1188454.2 | M40: . | N40: =O40/I40 -> 482.4474 | O40: 629305 | P40: =G40*N40 -> 963417.29 | Q40: =MIN(P40,O40) -> 629305
A41: Raleigh | B41: 61.62895 | C41: 70.25701 | D41: 1.2413604 | E41: =B41/D41 -> 49.6463 | F41: =E41*0.5 -> 24.82315 | G41: =PI()*F41^2 -> 1935.8141 | H41: 484.1599 | I41: 827.79291 | J41: 790000 | K41: =G41*H41 -> 937243.57 | L41: =MIN(J41,K41) -> 790000 | M41: . | N41: =O41/I41 -> 742.45019 | O41: 614595 | P41: =G41*N41 -> 1437245.6 | Q41: =MIN(P41,O41) -> 614595
A42: Rochester | B42: 62.089398 | C42: 65.814761 | D42: 1.2673101 | E42: =B42/D42 -> 48.99306 | F42: =E42*0.5 -> 24.49653 | G42: =PI()*F42^2 -> 1885.2069 | H42: 723.26126 | I42: 764.44365 | J42: 665000 | K42: =G42*H42 -> 1363497.1 | L42: =MIN(J42,K42) -> 665000 | M42: . | N42: =O42/I42 -> 595.4448 | O42: 455184 | P42: =G42*N42 -> 1122536.6 | Q42: =MIN(P42,O42) -> 455184
A43: Sacramento | B43: 53.29741 | C43: 67.68771 | D43: 1.4087461 | E43: =B43/D43 -> 37.833225 | F43: =E43*0.5 -> 18.916613 | G43: =PI()*F43^2 -> 1124.182 | H43: 1367.639 | I43: 955.78454 | J43: 1470000 | K43: =G43*H43 -> 1537475.1 | L43: =MIN(J43,K43) -> 1470000 | M43: . | N43: =O43/I43 -> 612.25828 | O43: 585187 | P43: =G43*N43 -> 688289.71 | Q43: =MIN(P43,O43) -> 585187
A44: Salt Lake City | B44: 52.23418 | C44: 63.7257 | D44: 1.4286295 | E44: =B44/D44 -> 36.562439 | F44: =E44*0.5 -> 18.281219 | G44: =PI()*F44^2 -> 1049.9296 | H44: 899.2759 | I44: 597.56598 | J44: 920000 | K44: =G44*H44 -> 944176.41 | L44: =MIN(J44,K44) -> 920000 | M44: . | N44: =O44/I44 -> 1022.9582 | O44: 611285 | P44: =G44*N44 -> 1074034.1 | Q44: =MIN(P44,O44) -> 611285
A45: San Antonio | B45: 59.60624 | C45: 71.52749 | D45: 1.3773597 | E45: =B45/D45 -> 43.275726 | F45: =E45*0.5 -> 21.637863 | G45: =PI()*F45^2 -> 1470.8846 | H45: 935.5552 | I45: 1055.5735 | J45: 1260000 | K45: =G45*H45 -> 1376093.8 | L45: =MIN(J45,K45) -> 1260000 | M45: . | N45: =O45/I45 -> 601.99786 | O45: 635453 | P45: =G45*N45 -> 885469.4 | Q45: =MIN(P45,O45) -> 635453
A46: San Diego | B46: 53.16983 | C46: 70.71587 | D46: 1.4004145 | E46: =B46/D46 -> 37.96721 | F46: =E46*0.5 -> 18.983605 | G46: =PI()*F46^2 -> 1132.1585 | H46: 1412.321 | I46: 2026.112 | J46: 2780000 | K46: =G46*H46 -> 1598971.3 | L46: =MIN(J46,K46) -> 1598971.3 | M46: . | N46: =O46/I46 -> 533.91026 | O46: 1081762 | P46: =G46*N46 -> 604471.06 | Q46: =MIN(P46,O46) -> 604471.06
A47: San Francisco | B47: 53.32521 | C47: 72.52228 | D47: 1.4605973 | E47: =B47/D47 -> 36.509181 | F47: =E47*0.5 -> 18.25459 | G47: =PI()*F47^2 -> 1046.8731 | H47: 1233.717 | I47: 1107.7471 | J47: 4090000 | K47: =G47*H47 -> 1291545.2 | L47: =MIN(J47,K47) -> 1291545.2 | M47: . | N47: =O47/I47 -> 1849.248 | O47: =1048438+1000061 -> 2048499 | P47: =G47*N47 -> 1935928 | Q47: =MIN(P47,O47) -> 1935928
A48: San Jose1 | B48: 50.66389 | C48: 67.88962 | D48: 1.4605973 | E48: =B48/D48 -> 34.687104 | F48: =E48*0.5 -> 17.343552 | G48: =PI()*F48^2 -> 944.98731 | H48: 1658.259 | I48: 673.68371 | J48: 1675000 | K48: =G48*H48 -> 1567033.7 | L48: =MIN(J48,K48) -> 1567033.7 | M48: . | N48: =O48/I48 -> 1548.2013 | O48: 1042998 | P48: =G48*N48 -> 1463030.6 | Q48: =MIN(P48,O48) -> 1042998
A49: Seattle | B49: 58.18665 | C49: 73.89704 | D49: 1.4023949 | E49: =B49/D49 -> 41.490918 | F49: =E49*0.5 -> 20.745459 | G49: =PI()*F49^2 -> 1352.06 | H49: 856.6154 | I49: 2469.8811 | J49: 2740000 | K49: =G49*H49 -> 1158195.4 | L49: =MIN(J49,K49) -> 1158195.4 | M49: . | N49: =O49/I49 -> 599.91348 | O49: 1481715 | P49: =G49*N49 -> 811119.03 | Q49: =MIN(P49,O49) -> 811119.03
A50: South Florida | B50: 59.82909 | C50: 81.36757 | D50: 1.2685017 | E50: =B50/D50 -> 47.165162 | F50: =E50*0.5 -> 23.582581 | G50: =PI()*F50^2 -> 1747.1594 | H50: 1147.902 | I50: 2890.6685 | J50: 4965000 | K50: =G50*H50 -> 2005567.8 | L50: =MIN(J50,K50) -> 2005567.8 | M50: . | N50: =O50/I50 -> 514.04512 | O50: =845720+640214 -> 1485934 | P50: =G50*N50 -> 898118.78 | Q50: =MIN(P50,O50) -> 898118.78
A51: St. Louis | B51: 56.50248 | C51: 66.67293 | D51: 1.3553298 | E51: =B51/D51 -> 41.689099 | F51: =E51*0.5 -> 20.84455 | G51: =PI()*F51^2 -> 1365.0071 | H51: 699.066 | I51: 2146.9741 | J51: 2055000 | K51: =G51*H51 -> 954230.03 | L51: =MIN(J51,K51) -> 954230.03 | M51: . | N51: =O51/I51 -> 568.53085 | O51: 1220621 | P51: =G51*N51 -> 776048.62 | Q51: =MIN(P51,O51) -> 776048.62
A52: Tampa Bay | B52: 47.58084 | C52: 59.95186 | D52: 1.29 | E52: =B52/D52 -> 36.884372 | F52: =E52*0.5 -> 18.442186 | G52: =PI()*F52^2 -> 1068.5004 | H52: 576.2719 | I52: 2077.8744 | J52: 2000000 | K52: =G52*H52 -> 615746.73 | L52: =MIN(J52,K52) -> 615746.73 | M52: . | N52: =O52/I52 -> 501.91291 | O52: 1042912 | P52: =G52*N52 -> 536294.12 | Q52: =MIN(P52,O52) -> 536294.12
A53: Washington | B53: 49.55658 | C53: 67.39695 | D53: 1.3045456 | E53: =B53/D53 -> 37.987619 | F53: =E53*0.5 -> 18.993809 | G53: =PI()*F53^2 -> 1133.376 | H53: 1265.034 | I53: 2996.0093 | J53: 4030000 | K53: =G53*H53 -> 1433759.2 | L53: =MIN(J53,K53) -> 1433759.2 | M53: . | N53: =O53/I53 -> 760.55704 | O53: 2278636 | P53: =G53*N53 -> 861997.12 | Q53: =MIN(P53,O53) -> 861997.12
A56: Notes:
A57: 1 Los Angeles-Inland Empire and San Francisco-San Jose were combined for the circuity analysis
A58: 2 Circuity is from a sample of OD points with network distance matched to average commute distance
A60: Data Sources:
A61: Network Speed (congested), Network Speed (freeflow), Population: TTI complete data 1982-2007 (calculated from 2001 values only), FHWA data on highway usage in 2001
A62: Circuity: Networks are Census Tiger 2008 county-level shapefiles merged together, commute distances are from 2001 NHTS
A63: Urbanized Area: Census 2000 Urbanized Area (census.gov)
A64: Employment: 2001 MSA Business Patterns (NAICS - from Censtats)

Sheet HPMS
B1: EDERAL-AID URBANIZED AREA 1/ | C1: STATE LOCATION | E1: 2000 CENSUS POPULATION | F1: MILES | N1: DAILY VEHICLE-MILES OF TRAVEL (THOUSANDS) 2/
F2: INTERSTATE | G2: OTHER FREEWAYS AND EXPRESSWAYS | H2: OTHER PRINCIPAL ARTERIAL | I2: MINOR ARTERIAL | J2: MAJOR COLLECTOR | K2: MINOR COLLECTOR | L2: LOCAL | M2: TOTAL | N2: INTERSTATE | O2: OTHER FREEWAYS AND EXPRESSWAYS | P2: OTHER PRINCIPAL ARTERIAL | Q2: MINOR ARTERIAL | R2: MAJOR COLLECTOR | S2: MINOR COLLECTOR | T2: LOCAL | U2: TOTAL
A3: Parse | B3: PRI- MARY | C3: OTHER(S)
A4: =LEFT(B4,5) -> Akron | B4: Akron | C4: OH | E4: 570215 | F4: 61 | G4: 26 | H4: 167 | I4: 257 | J4: 288 | K4: - | L4: 2586 | M4: 3385 | N4: 4170 | O4: 1354 | P4: 2310 | Q4: 2397 | R4: 1355 | S4: - | T4: 3127 | U4: 14713
A5: =LEFT(B5,5) -> Alban | B5: Albany | C5: NY | E5: 558947 | F5: 95 | G5: 24 | H5: 204 | I5: 247 | J5: 349 | K5: - | L5: 2159 | M5: 3078 | N5: 6239 | O5: 806 | P5: 3441 | Q5: 2041 | R5: 1292 | S5: - | T5: 2007 | U5: 15826
A6: =LEFT(B6,5) -> Albuq | B6: Albuquerque | C6: NM | E6: 598191 | F6: 59 | G6: 5 | H6: 250 | I6: 201 | J6: - | K6: 253 | L6: 1814 | M6: 2582 | N6: 4990 | O6: 58 | P6: 5450 | Q6: 2116 | R6: - | S6: 1227 | T6: 1592 | U6: 15433
A7: =LEFT(B7,5) -> Allen | B7: Allentown--Bethlehem | C7: PA | D7: NJ | E7: 576408 | F7: 61 | G7: 36 | H7: 185 | I7: 203 | J7: 406 | K7: - | L7: 2166 | M7: 3058 | N7: 3093 | O7: 1923 | P7: 3316 | Q7: 2064 | R7: 1679 | S7: - | T7: 1471 | U7: 13546
A8: =LEFT(B8,5) -> Atlan | B8: Atlanta | C8: GA | E8: 3499840 | F8: 303 | G8: 71 | H8: 587 | I8: 2056 | J8: 1356 | K8: - | L8: 16526 | M8: 20899 | N8: 40605 | O8: 6181 | P8: 15236 | Q8: 27361 | R8: 9213 | S8: - | T8: 36183 | U8: 134780
A9: =LEFT(B9,5) -> Austi | B9: Austin | C9: TX | E9: 901920 | F9: 41 | G9: 135 | H9: 311 | I9: 271 | J9: 669 | K9: - | L9: 3498 | M9: 4926 | N9: 5507 | O9: 6767 | P9: 7641 | Q9: 3036 | R9: 4320 | S9: - | T9: 2002 | U9: 29272
A10: =LEFT(B10,5) -> Balti | B10: Baltimore | C10: MD | E10: 2076354 | F10: 141 | G10: 150 | H10: 392 | I10: 664 | J10: 726 | K10: - | L10: 5157 | M10: 7231 | N10: 17747 | O10: 8931 | P10: 9884 | Q10: 8367 | R10: 3872 | S10: - | T10: 3784 | U10: 52585
A11: =LEFT(B11,5) -> Birmi | B11: Birmingham | C11: AL | E11: 663615 | F11: 124 | G11: 3 | H11: 135 | I11: 390 | J11: 468 | K11: - | L11: 3862 | M11: 4981 | N11: 9314 | O11: 189 | P11: 3819 | Q11: 4105 | R11: 2229 | S11: - | T11: 6116 | U11: 25773
A12: =LEFT(B12,5) -> Bosto | B12: Boston | C12: MA | D12: NH,RI | E12: 4032484 | F12: 278 | G12: 175 | H12: 1123 | I12: 2102 | J12: 1832 | K12: - | L12: 11551 | M12: 17062 | N12: 29555 | O12: 10541 | P12: 20102 | Q12: 14630 | R12: 5140 | S12: - | T12: 12956 | U12: 92923
A13: =LEFT(B13,5) -> Bridg | B13: Bridgeport--Stamford | C13: CT | D13: NY | E13: 888890 | F13: 51 | G13: 71 | H13: 139 | I13: 433 | J13: 421 | K13: 7 | L13: 2836 | M13: 3957 | N13: 6165 | O13: 4127 | P13: 2270 | Q13: 3657 | R13: 1597 | S13: 14 | T13: 2169 | U13: 19999
A14: =LEFT(B14,5) -> Buffa | B14: Buffalo | C14: NY | E14: 976703 | F14: 74 | G14: 68 | H14: 322 | I14: 520 | J14: 452 | K14: - | L14: 2936 | M14: 4372 | N14: 4621 | O14: 2021 | P14: 5360 | Q14: 4252 | R14: 1518 | S14: - | T14: 2959 | U14: 20731
A15: =LEFT(B15,5) -> Charl | B15: Charlotte | C15: NC | D15: SC | E15: 758927 | F15: 124 | G15: 26 | H15: 211 | I15: 295 | J15: 283 | K15: 0 | L15: 3482 | M15: 4421 | N15: 10629 | O15: 1180 | P15: 5216 | Q15: 4669 | R15: 2484 | S15: 0 | T15: 9309 | U15: 33487
A16: =LEFT(B16,5) -> Chica | B16: Chicago | C16: IL | D16: IN | E16: 8307904 | F16: 483 | G16: 51 | H16: 1921 | I16: 2634 | J16: 2781 | K16: - | L16: 18163 | M16: 26032 | N16: 54411 | O16: 2858 | P16: 44432 | Q16: 33337 | R16: 19573 | S16: - | T16: 23390 | U16: 178000
A17: =LEFT(B17,5) -> Cinci | B17: Cincinnati | C17: OH | D17: KY,IN | E17: 1503262 | F17: 176 | G17: 39 | H17: 361 | I17: 566 | J17: 653 | K17: - | L17: 5153 | M17: 6949 | N17: 17099 | O17: 1501 | P17: 6671 | Q17: 6590 | R17: 4719 | S17: - | T17: 6962 | U17: 43543
A18: =LEFT(B18,5) -> Cleve | B18: Cleveland | C18: OH | E18: 1786647 | F18: 192 | G18: 52 | H18: 357 | I18: 643 | J18: 659 | K18: - | L18: 5357 | M18: 7259 | N18: 15090 | O18: 2444 | P18: 5497 | Q18: 6759 | R18: 3152 | S18: - | T18: 6280 | U18: 39222
A19: =LEFT(B19,5) -> Colum | B19: Columbus | C19: OH | E19: 1133193 | F19: 127 | G19: 38 | H19: 198 | I19: 514 | J19: 418 | K19: - | L19: 4040 | M19: 5334 | N19: 12863 | O19: 2293 | P19: 4232 | Q19: 6524 | R19: 2562 | S19: - | T19: 3411 | U19: 31884
A20: =LEFT(B20,5) -> Conco | B20: Concord | C20: CA | E20: 552624 | F20: 37 | G20: 12 | H20: 102 | I20: 195 | J20: 175 | K20: - | L20: 1217 | M20: 1739 | N20: 6154 | O20: 1065 | P20: 2776 | Q20: 2556 | R20: 929 | S20: - | T20: 1169 | U20: 14649
A21: =LEFT(B21,5) -> Dalla | B21: Dallas--Fort Worth--Arlington | C21: TX | E21: 4145659 | F21: 314 | G21: 299 | H21: 1063 | I21: 1660 | J21: 2887 | K21: - | L21: 14898 | M21: 21120 | N21: 35970 | O21: 25415 | P21: 22245 | Q21: 20914 | R21: 13346 | S21: - | T21: 5237 | U21: 123127
A22: =LEFT(B22,5) -> Dayto | B22: Dayton | C22: OH | E22: 703444 | F22: 89 | G22: 24 | H22: 210 | I22: 260 | J22: 481 | K22: - | L22: 2762 | M22: 3825 | N22: 6062 | O22: 882 | P22: 3552 | Q22: 2753 | R22: 2737 | S22: - | T22: 3075 | U22: 19060
A23: =LEFT(B23,5) -> Denve | B23: Denver--Aurora | C23: CO | E23: 1984887 | F23: 108 | G23: 143 | H23: 504 | I23: 597 | J23: 685 | K23: - | L23: 6358 | M23: 8394 | N23: 12864 | O23: 7548 | P23: 13821 | Q23: 7167 | R23: 4081 | S23: - | T23: 5053 | U23: 50534
A24: =LEFT(B24,5) -> Detro | B24: Detroit | C24: MI | E24: 3903377 | F24: 220 | G24: 83 | H24: 1101 | I24: 1475 | J24: 1071 | K24: - | L24: 10836 | M24: 14786 | N24: 24208 | O24: 6236 | P24: 28608 | Q24: 18329 | R24: 5699 | S24: - | T24: 10097 | U24: 93177
A25: =LEFT(B25,5) -> El Pa | B25: El Paso | C25: TX | D25: NM | E25: 674801 | F25: 44 | G25: 60 | H25: 242 | I25: 201 | J25: 241 | K25: 1 | L25: 1740 | M25: 2529 | N25: 3892 | O25: 1676 | P25: 4382 | Q25: 1804 | R25: 1304 | S25: 4 | T25: 927 | U25: 13991
A26: =LEFT(B26,5) -> Fresn | B26: Fresno | C26: CA | E26: 554923 | F26: - | G26: 48 | H26: 122 | I26: 315 | J26: 220 | K26: - | L26: 1714 | M26: 2419 | N26: - | O26: 3596 | P26: 2687 | Q26: 3594 | R26: 984 | S26: - | T26: 1610 | U26: 12471
A27: =LEFT(B27,5) -> Grand | B27: Grand Rapids | C27: MI | E27: 539080 | F27: 51 | G27: 50 | H27: 185 | I27: 403 | J27: 266 | K27: - | L27: 1786 | M27: 2741 | N27: 2579 | O27: 2664 | P27: 3950 | Q27: 3724 | R27: 1199 | S27: - | T27: 1266 | U27: 15382
A28: =LEFT(B28,5) -> Hartf | B28: Hartford | C28: CT | E28: 851535 | F28: 80 | G28: 67 | H28: 211 | I28: 441 | J28: 533 | K28: 7 | L28: 2777 | M28: 4116 | N28: 7856 | O28: 2933 | P28: 3304 | Q28: 4100 | R28: 2203 | S28: 13 | T28: 1925 | U28: 22333
A29: =LEFT(B29,5) -> Honol | B29: Honolulu | C29: HI | E29: 718182 | F29: 41 | G29: 28 | H29: 64 | I29: 73 | J29: 143 | K29: - | L29: 768 | M29: 1116 | N29: 4600 | O29: 1195 | P29: 1895 | Q29: 1201 | R29: 1069 | S29: - | T29: 3016 | U29: 12977
A30: =LEFT(B30,5) -> Houst | B30: Houston | C30: TX | E30: 3822509 | F30: 151 | G30: 331 | H30: 837 | I30: 1685 | J30: 1737 | K30: - | L30: 13618 | M30: 18359 | N30: 25711 | O30: 26328 | P30: 18986 | Q30: 21061 | R30: 10164 | S30: - | T30: 4754 | U30: 107005
A31: =LEFT(B31,5) -> India | B31: Indianapolis | C31: IN | E31: 1218919 | F31: 154 | G31: 24 | H31: 404 | I31: 623 | J31: 739 | K31: - | L31: 4842 | M31: 6786 | N31: 12422 | O31: 659 | P31: 8228 | Q31: 5928 | R31: 4437 | S31: - | T31: 12348 | U31: 44022
A32: =LEFT(B32,5) -> Jacks | B32: Jacksonville | C32: FL | E32: 882295 | F32: 113 | G32: 48 | H32: 166 | I32: 254 | J32: 436 | K32: - | L32: 4411 | M32: 5428 | N32: 9309 | O32: 2234 | P32: 4733 | Q32: 4541 | R32: 3964 | S32: - | T32: 7761 | U32: 32542
A33: =LEFT(B33,5) -> Kansa | B33: Kansas City | C33: MO | D33: KS | E33: 1361744 | F33: 217 | G33: 179 | H33: 359 | I33: 797 | J33: 619 | K33: - | L33: 7071 | M33: 9242 | N33: 14820 | O33: 5941 | P33: 5757 | Q33: 6322 | R33: 2370 | S33: - | T33: 8451 | U33: 43662
A34: =LEFT(B34,5) -> Las V | B34: Las Vegas | C34: NV | E34: 1314357 | F34: 65 | G34: 41 | H34: 167 | I34: 535 | J34: - | K34: 585 | L34: 3163 | M34: 4557 | N34: 7391 | O34: 3414 | P34: 5133 | Q34: 9763 | R34: - | S34: 4274 | T34: 3877 | U34: 33852
A35: =LEFT(B35,5) -> Los A | B35: Los Angeles--Long Beach--Santa Ana | C35: CA | E35: 11789487 | F35: 351 | G35: 310 | H35: 2485 | I35: 3120 | J35: 2609 | K35: - | L35: 16016 | M35: 24890 | N35: 79552 | O35: 52443 | P35: 69247 | Q35: 46795 | R35: 11392 | S35: - | T35: 13887 | U35: 273316
A36: =LEFT(B36,5) -> Louis | B36: Louisville | C36: KY | D36: IN | E36: 863582 | F36: 136 | G36: 22 | H36: 255 | I36: 377 | J36: 343 | K36: 1 | L36: 3458 | M36: 4592 | N36: 11228 | O36: 793 | P36: 5498 | Q36: 3817 | R36: 1731 | S36: 3 | T36: 3262 | U36: 26332
A37: =LEFT(B37,5) -> Memph | B37: Memphis | C37: TN | D37: MS,AR | E37: 972091 | F37: 84 | G37: 39 | H37: 271 | I37: 590 | J37: 437 | K37: 1 | L37: 2535 | M37: 3958 | N37: 6856 | O37: 1588 | P37: 6380 | Q37: 6379 | R37: 1775 | S37: 2 | T37: 2727 | U37: 25705
A38: =LEFT(B38,5) -> Miami | B38: Miami | C38: FL | E38: 4919036 | F38: 131 | G38: 207 | H38: 707 | I38: 966 | J38: 1334 | K38: - | L38: 12279 | M38: 15624 | N38: 22628 | O38: 17746 | P38: 27506 | Q38: 22460 | R38: 13350 | S38: - | T38: 22320 | U38: 126011
A39: =LEFT(B39,5) -> Milwa | B39: Milwaukee | C39: WI | E39: 1308913 | F39: 95 | G39: 62 | H39: 653 | I39: 795 | J39: 493 | K39: - | L39: 4072 | M39: 6170 | N39: 8374 | O39: 2710 | P39: 10315 | Q39: 4713 | R39: 1203 | S39: - | T39: 1600 | U39: 28916
A40: =LEFT(B40,5) -> Minne | B40: Minneapolis--St. Paul | C40: MN | E40: 2388593 | F40: 210 | G40: 133 | H40: 182 | I40: 1618 | J40: 1198 | K40: - | L40: 8869 | M40: 12209 | N40: 19885 | O40: 8643 | P40: 5664 | Q40: 17887 | R40: 4723 | S40: - | T40: 7890 | U40: 64692
A41: =LEFT(B41,5) -> Missi | B41: Mission Viejo | C41: CA | E41: 533015 | F41: 20 | G41: 15 | H41: 131 | I41: 119 | J41: 109 | K41: - | L41: 1153 | M41: 1546 | N41: 4902 | O41: 544 | P41: 3853 | Q41: 1660 | R41: 439 | S41: - | T41: 1058 | U41: 12456
A42: =LEFT(B42,5) -> Nashv | B42: Nashville-Davidson | C42: TN | E42: 749935 | F42: 129 | G42: 49 | H42: 276 | I42: 437 | J42: 458 | K42: - | L42: 4363 | M42: 5713 | N42: 12647 | O42: 2118 | P42: 5996 | Q42: 5250 | R42: 2403 | S42: - | T42: 5976 | U42: 34391
A43: =LEFT(B43,5) -> New O | B43: New Orleans | C43: LA | E43: 1009283 | F43: 58 | G43: 9 | H43: 211 | I43: 269 | J43: 211 | K43: - | L43: 2525 | M43: 3282 | N43: 4349 | O43: 347 | P43: 4838 | Q43: 2724 | R43: 948 | S43: - | T43: 1138 | U43: 14343
A44: =LEFT(B44,5) -> New Y | B44: New York--Newark | C44: NY | D44: NJ,CT | E44: 17799861 | F44: 507 | G44: 711 | H44: 2596 | I44: 4822 | J44: 3841 | K44: - | L44: 31410 | M44: 43887 | N44: 55740 | O44: 60784 | P44: 62817 | Q44: 48938 | R44: 19570 | S44: - | T44: 45537 | U44: 293385
A45: =LEFT(B45,5) -> Oklah | B45: Oklahoma City | C45: OK | E45: 747003 | F45: 106 | G45: 35 | H45: 285 | I45: 540 | J45: 355 | K45: - | L45: 3611 | M45: 4932 | N45: 8638 | O45: 1848 | P45: 6307 | Q45: 6542 | R45: 1862 | S45: - | T45: 6520 | U45: 31716
A46: =LEFT(B46,5) -> Omaha | B46: Omaha | C46: NE | D46: IA | E46: 626623 | F46: 47 | G46: 35 | H46: 181 | I46: 249 | J46: 218 | K46: - | L46: 2050 | M46: 2780 | N46: 3434 | O46: 1600 | P46: 3917 | Q46: 2745 | R46: 959 | S46: - | T46: 1697 | U46: 14352
A47: =LEFT(B47,5) -> Orlan | B47: Orlando | C47: FL | E47: 1157431 | F47: 39 | G47: 148 | H47: 228 | I47: 361 | J47: 629 | K47: - | L47: 4367 | M47: 5771 | N47: 5613 | O47: 7142 | P47: 8207 | Q47: 8450 | R47: 6562 | S47: - | T47: 7908 | U47: 43883
A48: =LEFT(B48,5) -> Phila | B48: Philadelphia | C48: PA | D48: NJ,DE,MD | E48: 5149079 | F48: 270 | G48: 208 | H48: 1338 | I48: 1715 | J48: 1965 | K48: - | L48: 14306 | M48: 19802 | N48: 22444 | O48: 10920 | P48: 28443 | Q48: 17187 | R48: 10186 | S48: - | T48: 38669 | U48: 127849
A49: =LEFT(B49,5) -> Phoen | B49: Phoenix--Mesa | C49: AZ | E49: 2907049 | F49: 53 | G49: 168 | H49: 872 | I49: 891 | J49: 564 | K49: - | L49: 10021 | M49: 12570 | N49: 9647 | O49: 19631 | P49: 21815 | Q49: 12983 | R49: 4687 | S49: - | T49: 9524 | U49: 78287
A50: =LEFT(B50,5) -> Pitts | B50: Pittsburgh | C50: PA | E50: 1753136 | F50: 210 | G50: 91 | H50: 550 | I50: 908 | J50: 873 | K50: - | L50: 6805 | M50: 9437 | N50: 7036 | O50: 1829 | P50: 8827 | Q50: 7344 | R50: 3704 | S50: - | T50: 5037 | U50: 33776
A51: =LEFT(B51,5) -> Portl | B51: Portland | C51: OR | D51: WA | E51: 1583138 | F51: 91 | G51: 62 | H51: 314 | I51: 630 | J51: 913 | K51: - | L51: 5091 | M51: 7100 | N51: 9884 | O51: 3601 | P51: 7125 | Q51: 6564 | R51: 3964 | S51: - | T51: 3765 | U51: 34902
A52: =LEFT(B52,5) -> Provi | B52: Providence | C52: RI | D52: MA | E52: 1174548 | F52: 83 | G52: 104 | H52: 399 | I52: 527 | J52: 715 | K52: - | L52: 4541 | M52: 6369 | N52: 7145 | O52: 3970 | P52: 6279 | Q52: 4150 | R52: 2968 | S52: - | T52: 1853 | U52: 26364
A53: =LEFT(B53,5) -> Ralei | B53: Raleigh | C53: NC | E53: 541527 | F53: 70 | G53: 31 | H53: 152 | I53: 344 | J53: 253 | K53: 1 | L53: 3422 | M53: 4272 | N53: 6281 | O53: 1276 | P53: 4235 | Q53: 4961 | R53: 1934 | S53: 5 | T53: 5632 | U53: 24323
A54: =LEFT(B54,5) -> Richm | B54: Richmond | C54: VA | E54: 818836 | F54: 134 | G54: 65 | H54: 229 | I54: 467 | J54: 470 | K54: - | L54: 3645 | M54: 5010 | N54: 8999 | O54: 2556 | P54: 5475 | Q54: 4435 | R54: 1898 | S54: - | T54: 3223 | U54: 26586
A55: =LEFT(B55,5) -> River | B55: Riverside--San Bernardino | C55: CA | E55: 1506816 | F55: 105 | G55: 58 | H55: 225 | I55: 665 | J55: 739 | K55: - | L55: 3168 | M55: 4960 | N55: 14678 | O55: 7315 | P55: 5051 | Q55: 8747 | R55: 3477 | S55: - | T55: 2590 | U55: 41858
A56: =LEFT(B56,5) -> Roche | B56: Rochester | C56: NY | E56: 694396 | F56: 65 | G56: 46 | H56: 98 | I56: 419 | J56: 301 | K56: - | L56: 2285 | M56: 3214 | N56: 3854 | O56: 2029 | P56: 1864 | Q56: 4645 | R56: 1458 | S56: - | T56: 2262 | U56: 16111
A57: =LEFT(B57,5) -> Sacra | B57: Sacramento | C57: CA | E57: 1393498 | F57: 64 | G57: 55 | H57: 363 | I57: 335 | J57: 547 | K57: - | L57: 3713 | M57: 5078 | N57: 8010 | O57: 7042 | P57: 10031 | Q57: 4202 | R57: 2854 | S57: - | T57: 2906 | U57: 35044
A58: =LEFT(B58,5) -> Salt | B58: Salt Lake City | C58: UT | E58: 887650 | F58: 66 | G58: 10 | H58: 127 | I58: 281 | J58: 248 | K58: 0 | L58: 2432 | M58: 3163 | N58: 7363 | O58: 609 | P58: 3648 | Q58: 4594 | R58: 1810 | S58: 0 | T58: 3730 | U58: 21755
A59: =LEFT(B59,5) -> San A | B59: San Antonio | C59: TX | E59: 1327554 | F59: 144 | G59: 86 | H59: 272 | I59: 649 | J59: 559 | K59: - | L59: 4325 | M59: 6035 | N59: 13189 | O59: 5569 | P59: 5561 | Q59: 7536 | R59: 2998 | S59: - | T59: 1682 | U59: 36535
A60: =LEFT(B60,5) -> San D | B60: San Diego | C60: CA | E60: 2674436 | F60: 150 | G60: 117 | H60: 295 | I60: 732 | J60: 843 | K60: - | L60: 3117 | M60: 5254 | N60: 25728 | O60: 10809 | P60: 8738 | Q60: 13260 | R60: 5741 | S60: - | T60: 2571 | U60: 66848
A61: =LEFT(B61,5) -> San F | B61: San Francisco--Oakland | C61: CA | E61: 2995769 | F61: 139 | G61: 124 | H61: 454 | I61: 858 | J61: 863 | K61: - | L61: 4725 | M61: 7162 | N61: 21107 | O61: 15258 | P61: 11280 | Q61: 11481 | R61: 4499 | S61: - | T61: 3889 | U61: 67514
A62: =LEFT(B62,5) -> San J | B62: San Jose | C62: CA | E62: 1538312 | F62: 41 | G62: 85 | H62: 315 | I62: 391 | J62: 367 | K62: - | L62: 2556 | M62: 3754 | N62: 6531 | O62: 10391 | P62: 10256 | Q62: 6091 | R62: 1587 | S62: - | T62: 2134 | U62: 36990
A63: =LEFT(B63,5) -> Saras | B63: Sarasota--Bradenton | C63: FL | E63: 559229 | F63: 28 | G63: - | H63: 127 | I63: 115 | J63: 379 | K63: - | L63: 2728 | M63: 3377 | N63: 2380 | O63: - | P63: 4058 | Q63: 2186 | R63: 3112 | S63: - | T63: 4965 | U63: 16701
A64: =LEFT(B64,5) -> Seatt | B64: Seattle | C64: WA | E64: 2712205 | F64: 139 | G64: 182 | H64: 737 | I64: 1271 | J64: 1252 | K64: - | L64: 8918 | M64: 12499 | N64: 20792 | O64: 9593 | P64: 14835 | Q64: 12540 | R64: 5278 | S64: - | T64: 7791 | U64: 70830
A65: =LEFT(B65,5) -> Sprin | B65: Springfield | C65: MA | D65: CT | E65: 573610 | F65: 81 | G65: 15 | H65: 217 | I65: 446 | J65: 329 | K65: 1 | L65: 2177 | M65: 3266 | N65: 4962 | O65: 402 | P65: 2859 | Q65: 3029 | R65: 982 | S65: 2 | T65: 1796 | U65: 14031
A66: =LEFT(B66,5) -> St. L | B66: St. Louis | C66: MO | D66: IL | E66: 2077662 | F66: 281 | G66: 118 | H66: 631 | I66: 827 | J66: 1275 | K66: - | L66: 8339 | M66: 11471 | N66: 24582 | O66: 5107 | P66: 11741 | Q66: 7927 | R66: 5474 | S66: - | T66: 13455 | U66: 68286
A67: =LEFT(B67,5) -> Tampa | B67: Tampa--St. Petersburg | C67: FL | E67: 2062339 | F67: 117 | G67: 52 | H67: 415 | I67: 546 | J67: 822 | K67: - | L67: 7720 | M67: 9673 | N67: 11672 | O67: 1877 | P67: 15815 | Q67: 12187 | R67: 7411 | S67: - | T67: 14049 | U67: 63010
A68: =LEFT(B68,5) -> Tucso | B68: Tucson | C68: AZ | E68: 720425 | F68: 39 | G68: 8 | H68: 239 | I68: 266 | J68: 327 | K68: - | L68: 2720 | M68: 3599 | N68: 3452 | O68: 310 | P68: 7174 | Q68: 3567 | R68: 1302 | S68: - | T68: 2381 | U68: 18186
A69: =LEFT(B69,5) -> Tulsa | B69: Tulsa | C69: OK | E69: 558329 | F69: 51 | G69: 101 | H69: 187 | I69: 488 | J69: 182 | K69: - | L69: 2540 | M69: 3549 | N69: 2677 | O69: 4905 | P69: 3452 | Q69: 4688 | R69: 558 | S69: - | T69: 4468 | U69: 20748
A70: =LEFT(B70,5) -> Virgi | B70: Virginia Beach | C70: VA | E70: 1394439 | F70: 114 | G70: 57 | H70: 366 | I70: 590 | J70: 628 | K70: - | L70: 4893 | M70: 6648 | N70: 10809 | O70: 2250 | P70: 9490 | Q70: 8628 | R70: 2477 | S70: - | T70: 4740 | U70: 38395
A71: =LEFT(B71,5) -> Washi | B71: Washington | C71: DC | D71: VA,MD | E71: 3933920 | F71: 185 | G71: 122 | H71: 730 | I71: 1093 | J71: 1160 | K71: - | L71: 8785 | M71: 12074 | N71: 29568 | O71: 7513 | P71: 26623 | Q71: 17518 | R71: 7672 | S71: - | T71: 8510 | U71: 97404
A74: http://www.fhwa.dot.gov/policyinformation/statistics/2010/hm71.cfm

Sheet Speeds
B1: Freeway Peak MPH | C1: Freeway Freeflow MPH | D1: Arterial Peak | E1: Arterial Freeflow | G1: WEIGHT | H1: PEAK | I1: FFS | K1: Peak Speed Km/H | L1: FFS Km/h | N1: TTI Freeway VMT | O1: HMPS Fwy VMT | P1: TTI Arterial VMT | Q1: TOTAL VMT | R1: Non-Fwy VMT | S1: Weighted Average Speed (VMT/VHT) MPH | T1: FFS | U1: km/h | V1: FFS km/h | W1: =A1 -> 0 | Z1: Rank
A2: Atlanta | B2: 56.5 | C2: 64.7 | D2: 36.3 | E2: 44.1 | G2: 0.25 | H2: =$G2*B2+(1-$G2)*D2 -> 41.35 | I2: =$G2*C2+(1-$G2)*E2 -> 49.25 | K2: =H2*1.609 -> 66.53215 | L2: =I2*1.609 -> 79.24325 | N2: =VLOOKUP(LEFT(A2,5),Complete2011!$14:$113,9) -> 49501 | O2: =VLOOKUP(LEFT(A2,5),HPMS!$A$4:$U$71,14)+VLOOKUP(LEFT(A2,5),HPMS!$A$4:$U$71,15) -> 46786 | P2: =VLOOKUP(LEFT(A2,5),Complete2011!$14:$113,11) -> 43201 | Q2: =VLOOKUP(LEFT(A2,5),HPMS!$A$4:$U$71,21) -> 134780 | R2: =Q2-O2 -> 87994 | S2: =(O2+R2)/((O2/B2)+(R2/D2)) -> 41.443379 | T2: =(O2+R2)/((O2/C2)+(R2/E2)) -> 49.579707 | U2: =S2*1.609 -> 66.682397 | V2: =T2*1.609 -> 79.773749 | W2: =A2 -> Atlanta | Z2: =RANK(T2,$T$2:$T$52) -> 9
A3: Austin | B3: 52.9 | C3: 62.6 | D3: 36.2 | E3: 42.9 | G3: 0.25 | H3: =$G3*B3+(1-$G3)*D3 -> 40.375 | I3: =$G3*C3+(1-$G3)*E3 -> 47.825 | K3: =H3*1.609 -> 64.963375 | L3: =I3*1.609 -> 76.950425 | N3: =VLOOKUP(LEFT(A3,5),Complete2011!$14:$113,9) -> 12650 | O3: =VLOOKUP(LEFT(A3,5),HPMS!$A$4:$U$71,14)+VLOOKUP(LEFT(A3,5),HPMS!$A$4:$U$71,15) -> 12274 | P3: =VLOOKUP(LEFT(A3,5),Complete2011!$14:$113,11) -> 11004 | Q3: =VLOOKUP(LEFT(A3,5),HPMS!$A$4:$U$71,21) -> 29272 | R3: =Q3-O3 -> 16998 | S3: =(O3+R3)/((O3/B3)+(R3/D3)) -> 41.722927 | T3: =(O3+R3)/((O3/C3)+(R3/E3)) -> 49.421397 | U3: =S3*1.609 -> 67.132189 | V3: =T3*1.609 -> 79.519028 | W3: =A3 -> Austin | Z3: =RANK(T3,$T$2:$T$52) -> 10
A4: Baltimore2 | B4: 53.3 | C4: 62.7 | D4: 31.8 | E4: 38.6 | G4: 0.25 | H4: =$G4*B4+(1-$G4)*D4 -> 37.175 | I4: =$G4*C4+(1-$G4)*E4 -> 44.625 | K4: =H4*1.609 -> 59.814575 | L4: =I4*1.609 -> 71.801625 | N4: =VLOOKUP(LEFT(A4,5),Complete2011!$14:$113,9) -> 26805 | O4: =VLOOKUP(LEFT(A4,5),HPMS!$A$4:$U$71,14)+VLOOKUP(LEFT(A4,5),HPMS!$A$4:$U$71,15) -> 26678 | P4: =VLOOKUP(LEFT(A4,5),Complete2011!$14:$113,11) -> 18338 | Q4: =VLOOKUP(LEFT(A4,5),HPMS!$A$4:$U$71,21) -> 52585 | R4: =Q4-O4 -> 25907 | S4: =(O4+R4)/((O4/B4)+(R4/D4)) -> 39.982182 | T4: =(O4+R4)/((O4/C4)+(R4/E4)) -> 47.950479 | U4: =S4*1.609 -> 64.331331 | V4: =T4*1.609 -> 77.15232 | W4: =A4 -> Baltimore2 | Z4: =RANK(T4,$T$2:$T$52) -> 18
A5: Boston | B5: 54.2 | C5: 63.4 | D5: 29.5 | E5: 36 | G5: 0.25 | H5: =$G5*B5+(1-$G5)*D5 -> 35.675 | I5: =$G5*C5+(1-$G5)*E5 -> 42.85 | K5: =H5*1.609 -> 57.401075 | L5: =I5*1.609 -> 68.94565 | N5: =VLOOKUP(LEFT(A5,5),Complete2011!$14:$113,9) -> 42357 | O5: =VLOOKUP(LEFT(A5,5),HPMS!$A$4:$U$71,14)+VLOOKUP(LEFT(A5,5),HPMS!$A$4:$U$71,15) -> 40096 | P5: =VLOOKUP(LEFT(A5,5),Complete2011!$14:$113,11) -> 34942 | Q5: =VLOOKUP(LEFT(A5,5),HPMS!$A$4:$U$71,21) -> 92923 | R5: =Q5-O5 -> 52827 | S5: =(O5+R5)/((O5/B5)+(R5/D5)) -> 36.720848 | T5: =(O5+R5)/((O5/C5)+(R5/E5)) -> 44.252299 | U5: =S5*1.609 -> 59.083844 | V5: =T5*1.609 -> 71.20195 | W5: =A5 -> Boston | Z5: =RANK(T5,$T$2:$T$52) -> 42
A6: Buffalo | B6: 55.2 | C6: 62 | D6: 33.4 | E6: 38.6 | G6: 0.25 | H6: =$G6*B6+(1-$G6)*D6 -> 38.85 | I6: =$G6*C6+(1-$G6)*E6 -> 44.45 | K6: =H6*1.609 -> 62.50965 | L6: =I6*1.609 -> 71.52005 | N6: =VLOOKUP(LEFT(A6,5),Complete2011!$14:$113,9) -> 6931 | O6: =VLOOKUP(LEFT(A6,5),HPMS!$A$4:$U$71,14)+VLOOKUP(LEFT(A6,5),HPMS!$A$4:$U$71,15) -> 6642 | P6: =VLOOKUP(LEFT(A6,5),Complete2011!$14:$113,11) -> 9604 | Q6: =VLOOKUP(LEFT(A6,5),HPMS!$A$4:$U$71,21) -> 20731 | R6: =Q6-O6 -> 14089 | S6: =(O6+R6)/((O6/B6)+(R6/D6)) -> 38.238323 | T6: =(O6+R6)/((O6/C6)+(R6/E6)) -> 43.909606 | U6: =S6*1.609 -> 61.525462 | V6: =T6*1.609 -> 70.650557 | W6: =A6 -> Buffalo | Z6: =RANK(T6,$T$2:$T$52) -> 43
A7: Charlotte | B7: 58 | C7: 62.9 | D7: 34 | E7: 41.4 | G7: 0.25 | H7: =$G7*B7+(1-$G7)*D7 -> 40 | I7: =$G7*C7+(1-$G7)*E7 -> 46.775 | K7: =H7*1.609 -> 64.36 | L7: =I7*1.609 -> 75.260975 | N7: =VLOOKUP(LEFT(A7,5),Complete2011!$14:$113,9) -> 12797 | O7: =VLOOKUP(LEFT(A7,5),HPMS!$A$4:$U$71,14)+VLOOKUP(LEFT(A7,5),HPMS!$A$4:$U$71,15) -> 11809 | P7: =VLOOKUP(LEFT(A7,5),Complete2011!$14:$113,11) -> 10066 | Q7: =VLOOKUP(LEFT(A7,5),HPMS!$A$4:$U$71,21) -> 33487 | R7: =Q7-O7 -> 21678 | S7: =(O7+R7)/((O7/B7)+(R7/D7)) -> 39.809 | T7: =(O7+R7)/((O7/C7)+(R7/E7)) -> 47.074245 | U7: =S7*1.609 -> 64.052682 | V7: =T7*1.609 -> 75.74246 | W7: =A7 -> Charlotte | Z7: =RANK(T7,$T$2:$T$52) -> 22
A8: Chicago | B8: 53 | C8: 63.1 | D8: 34.3 | E8: 40.2 | G8: 0.25 | H8: =$G8*B8+(1-$G8)*D8 -> 38.975 | I8: =$G8*C8+(1-$G8)*E8 -> 45.925 | K8: =H8*1.609 -> 62.710775 | L8: =I8*1.609 -> 73.893325 | N8: =VLOOKUP(LEFT(A8,5),Complete2011!$14:$113,9) -> 62791 | O8: =VLOOKUP(LEFT(A8,5),HPMS!$A$4:$U$71,14)+VLOOKUP(LEFT(A8,5),HPMS!$A$4:$U$71,15) -> 57269 | P8: =VLOOKUP(LEFT(A8,5),Complete2011!$14:$113,11) -> 51500 | Q8: =VLOOKUP(LEFT(A8,5),HPMS!$A$4:$U$71,21) -> 178000 | R8: =Q8-O8 -> 120731 | S8: =(O8+R8)/((O8/B8)+(R8/D8)) -> 38.692276 | T8: =(O8+R8)/((O8/C8)+(R8/E8)) -> 45.514404 | U8: =S8*1.609 -> 62.255872 | V8: =T8*1.609 -> 73.232676 | W8: =A8 -> Chicago | Z8: =RANK(T8,$T$2:$T$52) -> 34
A9: Cincinnati | B9: 56.3 | C9: 63.7 | D9: 32.5 | E9: 38.2 | G9: 0.25 | H9: =$G9*B9+(1-$G9)*D9 -> 38.45 | I9: =$G9*C9+(1-$G9)*E9 -> 44.575 | K9: =H9*1.609 -> 61.86605 | L9: =I9*1.609 -> 71.721175 | N9: =VLOOKUP(LEFT(A9,5),Complete2011!$14:$113,9) -> 19370 | O9: =VLOOKUP(LEFT(A9,5),HPMS!$A$4:$U$71,14)+VLOOKUP(LEFT(A9,5),HPMS!$A$4:$U$71,15) -> 18600 | P9: =VLOOKUP(LEFT(A9,5),Complete2011!$14:$113,11) -> 13323 | Q9: =VLOOKUP(LEFT(A9,5),HPMS!$A$4:$U$71,21) -> 43543 | R9: =Q9-O9 -> 24943 | S9: =(O9+R9)/((O9/B9)+(R9/D9)) -> 39.662069 | T9: =(O9+R9)/((O9/C9)+(R9/E9)) -> 46.079597 | U9: =S9*1.609 -> 63.81627 | V9: =T9*1.609 -> 74.142072 | W9: =A9 -> Cincinnati | Z9: =RANK(T9,$T$2:$T$52) -> 30
A10: Cleveland | B10: 56.8 | C10: 62.8 | D10: 29.6 | E10: 34.6 | G10: 0.25 | H10: =$G10*B10+(1-$G10)*D10 -> 36.4 | I10: =$G10*C10+(1-$G10)*E10 -> 41.65 | K10: =H10*1.609 -> 58.5676 | L10: =I10*1.609 -> 67.01485 | N10: =VLOOKUP(LEFT(A10,5),Complete2011!$14:$113,9) -> 18569 | O10: =VLOOKUP(LEFT(A10,5),HPMS!$A$4:$U$71,14)+VLOOKUP(LEFT(A10,5),HPMS!$A$4:$U$71,15) -> 17534 | P10: =VLOOKUP(LEFT(A10,5),Complete2011!$14:$113,11) -> 12222 | Q10: =VLOOKUP(LEFT(A10,5),HPMS!$A$4:$U$71,21) -> 39222 | R10: =Q10-O10 -> 21688 | S10: =(O10+R10)/((O10/B10)+(R10/D10)) -> 37.662766 | T10: =(O10+R10)/((O10/C10)+(R10/E10)) -> 43.290214 | U10: =S10*1.609 -> 60.59939 | V10: =T10*1.609 -> 69.653954 | W10: =A10 -> Cleveland | Z10: =RANK(T10,$T$2:$T$52) -> 46
A11: Columbus | B11: 57.6 | C11: 64.1 | D11: 31.1 | E11: 37.3 | G11: 0.25 | H11: =$G11*B11+(1-$G11)*D11 -> 37.725 | I11: =$G11*C11+(1-$G11)*E11 -> 44 | K11: =H11*1.609 -> 60.699525 | L11: =I11*1.609 -> 70.796 | N11: =VLOOKUP(LEFT(A11,5),Complete2011!$14:$113,9) -> 16466 | O11: =VLOOKUP(LEFT(A11,5),HPMS!$A$4:$U$71,14)+VLOOKUP(LEFT(A11,5),HPMS!$A$4:$U$71,15) -> 15156 | P11: =VLOOKUP(LEFT(A11,5),Complete2011!$14:$113,11) -> 10872 | Q11: =VLOOKUP(LEFT(A11,5),HPMS!$A$4:$U$71,21) -> 31884 | R11: =Q11-O11 -> 16728 | S11: =(O11+R11)/((O11/B11)+(R11/D11)) -> 39.805104 | T11: =(O11+R11)/((O11/C11)+(R11/E11)) -> 46.551768 | U11: =S11*1.609 -> 64.046412 | V11: =T11*1.609 -> 74.901795 | W11: =A11 -> Columbus | Z11: =RANK(T11,$T$2:$T$52) -> 26
A12: Dallas-Fort Worth | B12: 54 | C12: 64.1 | D12: 33.1 | E12: 39.1 | G12: 0.25 | H12: =$G12*B12+(1-$G12)*D12 -> 38.325 | I12: =$G12*C12+(1-$G12)*E12 -> 45.35 | K12: =H12*1.609 -> 61.664925 | L12: =I12*1.609 -> 72.96815 | N12: =VLOOKUP(LEFT(A12,5),Complete2011!$14:$113,9) -> 62600 | O12: =VLOOKUP(LEFT(A12,5),HPMS!$A$4:$U$71,14)+VLOOKUP(LEFT(A12,5),HPMS!$A$4:$U$71,15) -> 61385 | P12: =VLOOKUP(LEFT(A12,5),Complete2011!$14:$113,11) -> 44012 | Q12: =VLOOKUP(LEFT(A12,5),HPMS!$A$4:$U$71,21) -> 123127 | R12: =Q12-O12 -> 61742 | S12: =(O12+R12)/((O12/B12)+(R12/D12)) -> 41.013945 | T12: =(O12+R12)/((O12/C12)+(R12/E12)) -> 48.537807 | U12: =S12*1.609 -> 65.991438 | V12: =T12*1.609 -> 78.097331 | W12: =A12 -> Dallas-Fort Worth | Z12: =RANK(T12,$T$2:$T$52) -> 17
A13: Denver | B13: 50.9 | C13: 62.3 | D13: 32.1 | E13: 38 | G13: 0.25 | H13: =$G13*B13+(1-$G13)*D13 -> 36.8 | I13: =$G13*C13+(1-$G13)*E13 -> 44.075 | K13: =H13*1.609 -> 59.2112 | L13: =I13*1.609 -> 70.916675 | N13: =VLOOKUP(LEFT(A13,5),Complete2011!$14:$113,9) -> 22205 | O13: =VLOOKUP(LEFT(A13,5),HPMS!$A$4:$U$71,14)+VLOOKUP(LEFT(A13,5),HPMS!$A$4:$U$71,15) -> 20412 | P13: =VLOOKUP(LEFT(A13,5),Complete2011!$14:$113,11) -> 21575 | Q13: =VLOOKUP(LEFT(A13,5),HPMS!$A$4:$U$71,21) -> 50534 | R13: =Q13-O13 -> 30122 | S13: =(O13+R13)/((O13/B13)+(R13/D13)) -> 37.728787 | T13: =(O13+R13)/((O13/C13)+(R13/E13)) -> 45.106568 | U13: =S13*1.609 -> 60.705618 | V13: =T13*1.609 -> 72.576467 | W13: =A13 -> Denver | Z13: =RANK(T13,$T$2:$T$52) -> 36
... A52: Washington2 | B52: 49.4 | C52: 62 | D52: 32.9 | E52: 40.1 | G52: 0.25 | H52: =$G52*B52+(1-$G52)*D52 -> 37.025 | I52: =$G52*C52+(1-$G52)*E52 -> 45.575 | K52: =H52*1.609 -> 59.573225 | L52: =I52*1.609 -> 73.330175 | N52: =VLOOKUP(LEFT(A52,5),Complete2011!$14:$113,9) -> 40082 | O52: =VLOOKUP(LEFT(A52,5),HPMS!$A$4:$U$71,14)+VLOOKUP(LEFT(A52,5),HPMS!$A$4:$U$71,15) -> 37081 | P52: =VLOOKUP(LEFT(A52,5),Complete2011!$14:$113,11) -> 49729 | Q52: =VLOOKUP(LEFT(A52,5),HPMS!$A$4:$U$71,21) -> 97404 | R52: =Q52-O52 -> 60323 | S52: =(O52+R52)/((O52/B52)+(R52/D52)) -> 37.692809 | T52: =(O52+R52)/((O52/C52)+(R52/E52)) -> 46.330022 | U52: =S52*1.609 -> 60.64773 | V52: =T52*1.609 -> 74.545005 | W52: =A52 -> Washington2 | Z52: =RANK(T52,$T$2:$T$52) -> 29
A53: MEDIAN | B53: =MEDIAN(B2:B52) -> 56.1 | C53: =MEDIAN(C2:C52) -> 63.6 | D53: =MEDIAN(D2:D52) -> 33.9 | E53: =MEDIAN(E2:E52) -> 40.1
S54: =AVERAGE(S2:S52) -> 40.184781 | U54: =AVERAGE(U2:U52) -> 64.657313
B57: Table A8 in http://d2dtl5nnlpfr0r.cloudfront.net/tti.tamu.edu/documents/mobility-report-2012-appx-a.pdf
B58: Appendix A
B59: Methodology for the 2012 Urban Mobility Report
B61: Metro Total VMT from
B62: http://www.fhwa.dot.gov/policyinformation/statistics/2010/hm71.cfm
A94: 56.5 | B94: 64.7 | C94: 54.2 | D94: 63.4 | E94: 53 | F94: 63.1 | G94: 54 | H94: 64.1 | I94: 57 | J94: 64.3 | K94: 54.2 | L94: 63.9 | M94: 48.6 | N94: 64.6 | P94: 56.7 | Q94: 64 | S94: 52 | T94: 62.2 | U94: 55.5 | V94: 63.6 | W94: 62 | X94: 49.4 | Y94: 62
A99: 36.3 | B99: 44.1 | C99: 29.5 | D99: 36 | E99: 34.3 | F99: 40.2 | G99: 33.1 | H99: 39.1 | I99: 33.4 | J99: 38.7 | K99: 33.9 | L99: 40.2 | M99: 37.4 | N99: 43.7 | P99: 31.7 | Q99: 39.2 | S99: 31.9 | T99: 40.5 | U99: 31.8 | V99: 39.2 | W99: 35.2 | X99: 32.9 | Y99: 40.1
A103: 54.3 | B103: 63.8 | C103: 57.2 | D103: 64.1 | E103: 54.9 | F103: 63.2 | G103: 58.8 | H103: 64.3 | I103: 55.2 | J103: 62.6 | K103: 49.2 | L103: 60.3 | M103: 56.1 | N103: 61.9 | P103: 61.3 | Q103: 64.1 | S103: 54.4 | T103: 64.7 | U103: 55.2 | V103: 64.7 | W103: 64.7 | X103: 44.4 | Y103: 56 | Z103: 59.1 | AA103: 64.2 | AB103: 56.1 | AC103: 62.9
A107: 39.6 | B107: 43.1 | C107: 34.2 | D107: 41.9 | E107: 39.6 | F107: 43.7 | G107: 34.9 | H107: 42.8 | I107: 33.3 | J107: 40.1 | K107: 31.1 | L107: 36.5 | M107: 30.9 | N107: 35 | P107: 39.1 | Q107: 45.4 | S107: 37.5 | T107: 43.1 | U107: 37.4 | V107: 43.5 | W107: 46.1 | X107: 29.8 | Y107: 34.9 | Z107: 37.2 | AA107: 44.2 | AB107: 35.1 | AC107: 41.5
A112: 52.9 | B112: 62.6 | C112: 53.3 | D112: 62.7 | E112: 55.2 | F112: 62 | G112: 58 | H112: 62.9 | I112: 56.3 | J112: 63.7 | K112: 56.8 | L112: 62.8 | M112: 57.6 | N112: 64.1 | P112: 50.9 | Q112: 62.3 | S112: 55.4 | T112: 63 | U112: 58.9 | V112: 63.4 | W112: 64 | X112: 55.6 | Y112: 62.5
A114: 36.2 | B114: 42.9 | C114: 31.8 | D114: 38.6 | E114: 33.4 | F114: 38.6 | G114: 34 | H114: 41.4 | I114: 32.5 | J114: 38.2 | K114: 29.6 | L114: 34.6 | M114: 31.1 | N114: 37.3 | P114: 32.1 | Q114: 38 | S114: 34.6 | T114: 40.1 | U114: 37.4 | V114: 43.3 | W114: 42.5 | X114: 35.7 | Y114: 39.3
A125: 56.5 | F125: 36.3 | J125: 54.3 | N125: 39.6 | U125: 52.9
A126: 64.7 | F126: 44.1 | J126: 63.8 | N126: 43.1 | U126: 62.6
A127: 54.2 | F127: 29.5 | J127: 57.2 | N127: 34.2 | U127: 53.3
A128: 63.4 | F128: 36 | J128: 64.1 | N128: 41.9 | U128: 62.7
A129: 53 | F129: 34.3 | J129: 54.9 | N129: 39.6 | U129: 55.2
A130: 63.1 | F130: 40.2 | J130: 63.2 | N130: 43.7 | U130: 62
A131: 54 | F131: 33.1 | J131: 58.8 | N131: 34.9 | U131: 58
A132: 64.1 | F132: 39.1 | J132: 64.3 | N132: 42.8 | U132: 62.9
A133: 57 | F133: 33.4 | J133: 55.2 | N133: 33.3 | U133: 56.3
A134: 64.3 | F134: 38.7 | J134: 62.6 | N134: 40.1 | U134: 63.7
A135: 54.2 | F135: 33.9 | J135: 49.2 | N135: 31.1 | U135: 56.8
A136: 63.9 | F136: 40.2 | J136: 60.3 | N136: 36.5 | U136: 62.8
... A154: 62 | F154: 40.1 | J154: 56 | N154: 34.9 | U154: 62.5
J155: 59.1 | N155: 37.2
J156: 64.2 | N156: 44.2
J157: 56.1 | N157: 35.1
J158: 62.9 | N158: 41.5

Sheet oldspeed
A1: Freeway Speed | B1: Freeway km/h | C1: Arterial Speed | D1: Arterial km/h | E1: Metro area | F1: Network Speed (congested) [km/h] | G1: Network Speed (freeflow) [km/h] | I1: 25%Wgt Average Speed
A2: 41.9 | B2: 67.04 | C2: 26.7 | D2: 42.72 | E2: Atlanta | F2: 52.31679 | G2: 68.53499 | I2: =(0.25*A2+0.75*C2)*1.6 -> 48.8
A3: 46.1 | B3: 73.76 | C3: 26.6 | D3: 42.56 | E3: Austin | F3: 53.19888 | G3: 67.56258 | I3: =(0.25*A3+0.75*C3)*1.6 -> 50.36
A4: 43.9 | B4: 70.24 | C4: 27.7 | D4: 44.32 | E4: Baltimore | F4: 57.5626 | G4: 71.37762 | I4: =(0.25*A4+0.75*C4)*1.6 -> 50.8
A5: 45.7 | B5: 73.12 | C5: 28.4 | D5: 45.44 | E5: Boston | F5: 60.28802 | G5: 74.15427 | I5: =(0.25*A5+0.75*C5)*1.6 -> 52.36
A6: 56.2 | B6: 89.92 | C6: 32.5 | D6: 52 | E6: Buffalo | F6: 60.07548 | G6: 64.28076 | I6: =(0.25*A6+0.75*C6)*1.6 -> 61.48
A7: 49.6 | B7: 79.36 | C7: 26.7 | D7: 42.72 | E7: Charlotte | F7: 54.73937 | G7: 66.78204 | I7: =(0.25*A7+0.75*C7)*1.6 -> 51.88
A8: 41 | B8: 65.6 | C8: 24.7 | D8: 39.52 | E8: Chicago | F8: 47.50277 | G8: 64.12874 | I8: =(0.25*A8+0.75*C8)*1.6 -> 46.04
A9: 50.3 | B9: 80.48 | C9: 30.1 | D9: 48.16 | E9: Cincinnati | F9: 59.70134 | G9: 70.44758 | I9: =(0.25*A9+0.75*C9)*1.6 -> 56.24
A10: 55.6 | B10: 88.96 | C10: 32 | D10: 51.2 | E10: Cleveland | F10: 62.77554 | G10: 69.05309 | I10: =(0.25*A10+0.75*C10)*1.6 -> 60.64
A11: 50.5 | B11: 80.8 | C11: 29.3 | D11: 46.88 | E11: Columbus | F11: 60.79675 | G11: 71.13219 | I11: =(0.25*A11+0.75*C11)*1.6 -> 55.36
A12: 42.5 | B12: 68 | C12: 27.9 | D12: 44.64 | E12: Dallas-Fort Worth | F12: 56.96404 | G12: 70.06577 | I12: =(0.25*A12+0.75*C12)*1.6 -> 50.48
A13: 45.1 | B13: 72.16 | C13: 26.5 | D13: 42.4 | E13: Denver | F13: 50.87279 | G13: 67.15208 | I13: =(0.25*A13+0.75*C13)*1.6 -> 49.84
... A49: 41.5 | B49: 66.4 | C49: 25.1 | D49: 40.16 | E49: Washington | F49: 49.55658 | G49: 67.39695 | I49: =(0.25*A49+0.75*C49)*1.6 -> 46.72

Sheet 2010-10
A1: =1/6 -> 0.16666667 | B1: Network Speed (congested) [km/h] | C1: Network Speed (freeflow) [km/h] | D1: 10 Minute Distance | E1: Circuity [ ] | F1: Average Airline Speed [km/h] | G1: Airline Radius [km] | H1: Area covered in $A$1$ hrs [km2] | I1: Urbanized area density [people/km2] | J1: Area [km2] | K1: Population | L1: Accessibility | M1: MinPA,P | N1: . | O1: Employment Density | P1: Employment | Q1: Employment Accessibility | R1: Min EA, E | W1: Accessibility Ratio
A2: Area | B2: S_n | C2: S_f | E2: C3 | F2: S_a | G2: R_a | H2: A_X | I2: D_UA | J2: Area | K2: Pop | L2: A_P | M2: MinA_P | N2: . | O2: D_Emp | P2: Emp | Q2: A_E | R2: MinA_E | W2: R=A_E/A_P
A3: Atlanta-Sandy Springs-Marietta, GA | B3: =Speeds!U2 -> 66.682397 | C3: =Speeds!V2 -> 79.773749 | D3: =C3*$A$1*1000 -> 13295.625 | E3: ='Interval Circuities'!B3 -> 1.3810679 | F3: =B3/E3 -> 48.283214 | G3: =F3*$A$1 -> 8.0472023 | H3: =PI()*G3^2 -> 203.44158 | I3: =K3/J3 -> 659.04777 | J3: 6851.429 | K3: 4515419 | L3: =H3*I3 -> 134077.72 | M3: =MIN(K3,L3) -> 134077.72 | N3: . | O3: =P3/J3 -> 292.35463 | P3: 2003047 | Q3: =H3*O3 -> 59477.087 | R3: =MIN(Q3,P3) -> 59477.087 | W3: =Q3/L3 -> 0.44360158
A4: Austin-Round Rock, TX | B4: =Speeds!U3 -> 67.132189 | C4: =Speeds!V3 -> 79.519028 | D4: =C4*$A$1*1000 -> 13253.171 | E4: ='Interval Circuities'!B4 -> 1.4404459 | F4: =B4/E4 -> 46.605146 | G4: =F4*$A$1 -> 7.7675243 | H4: =PI()*G4^2 -> 189.54621 | I4: =K4/J4 -> 1005.7321 | J4: 1354.651 | K4: 1362416 | L4: =H4*I4 -> 190632.71 | M4: =MIN(K4,L4) -> 190632.71 | N4: . | O4: =P4/J4 -> 472.86201 | P4: 640563 | Q4: =H4*O4 -> 89629.202 | R4: =MIN(Q4,P4) -> 89629.202 | W4: =Q4/L4 -> 0.47016697
A5: Baltimore-Towson, MD | B5: =Speeds!U4 -> 64.331331 | C5: =Speeds!V4 -> 77.15232 | D5: =C5*$A$1*1000 -> 12858.72 | E5: ='Interval Circuities'!B5 -> 1.382295 | F5: =B5/E5 -> 46.53951 | G5: =F5*$A$1 -> 7.756585 | H5: =PI()*G5^2 -> 189.0127 | I5: =K5/J5 -> 1186.6066 | J5: 1857.1133 | K5: 2203663 | L5: =H5*I5 -> 224283.72 | M5: =MIN(K5,L5) -> 224283.72 | N5: . | O5: =P5/J5 -> 570.5683 | P5: 1059610 | Q5: =H5*O5 -> 107844.65 | R5: =MIN(Q5,P5) -> 107844.65 | T5: Boston Big | U5: Boston Small | W5: =Q5/L5 -> 0.48084031
A6: Boston-Cambridge-Quincy, MA-NH | B6: =Speeds!U5 -> 59.083844 | C6: =Speeds!V5 -> 71.20195 | D6: =C6*$A$1*1000 -> 11866.992 | E6: ='Interval Circuities'!B6 -> 1.3221708 | F6: =B6/E6 -> 44.686998 | G6: =F6*$A$1 -> 7.4478331 | H6: =PI()*G6^2 -> 174.26483 | I6: =K6/J6 -> 861.67002 | J6: 4852.2275 | K6: 4181019 | L6: =H6*I6 -> 150158.78 | M6: =MIN(K6,L6) -> 150158.78 | N6: . | O6: =P6/J6 -> 598.22978 | P6: =2341938+286024+61431+22699+190655 -> 2902747 | Q6: =H6*O6 -> 104250.41 | R6: =MIN(Q6,P6) -> 104250.41 | T6: =2341938+286024+61431+22699+190655 -> 2902747 | U6: 2224822 | W6: =Q6/L6 -> 0.69426783
A7: Buffalo-Niagara Falls, NY | B7: =Speeds!U6 -> 61.525462 | C7: =Speeds!V6 -> 70.650557 | D7: =C7*$A$1*1000 -> 11775.093 | E7: ='Interval Circuities'!B7 -> 1.2726128 | F7: =B7/E7 -> 48.345782 | G7: =F7*$A$1 -> 8.0576304 | H7: =PI()*G7^2 -> 203.96918 | I7: =K7/J7 -> 951.10926 | J7: 984.01524 | K7: 935906 | L7: =H7*I7 -> 193996.98 | M7: =MIN(K7,L7) -> 193996.98 | N7: . | O7: =P7/J7 -> 463.10665 | P7: 455704 | Q7: =H7*O7 -> 94459.484 | R7: =MIN(Q7,P7) -> 94459.484 | W7: =Q7/L7 -> 0.48691215
A8: Charlotte-Gastonia-Concord, NC-SC | B8: =Speeds!U7 -> 64.052682 | C8: =Speeds!V7 -> 75.74246 | D8: =C8*$A$1*1000 -> 12623.743 | E8: ='Interval Circuities'!B8 -> 1.3548292 | F8: =B8/E8 -> 47.277311 | G8: =F8*$A$1 -> 7.8795518 | H8: =PI()*G8^2 -> 195.05312 | I8: =K8/J8 -> 650.59688 | J8: 1920.4549 | K8: 1249442 | L8: =H8*I8 -> 126900.95 | M8: =MIN(K8,L8) -> 126900.95 | N8: . | O8: =P8/J8 -> 378.75609 | P8: 727384 | Q8: =H8*O8 -> 73877.557 | R8: =MIN(Q8,P8) -> 73877.557 | W8: =Q8/L8 -> 0.58216708
A9: Chicago-Naperville-Joliet, IL-IN-WI | B9: =Speeds!U8 -> 62.255872 | C9: =Speeds!V8 -> 73.232676 | D9: =C9*$A$1*1000 -> 12205.446 | E9: ='Interval Circuities'!B9 -> 1.3236002 | F9: =B9/E9 -> 47.035253 | G9: =F9*$A$1 -> 7.8392089 | H9: =PI()*G9^2 -> 193.06091 | I9: =K9/J9 -> 1360.6187 | J9: 6326.6863 | K9: 8608208 | L9: =H9*I9 -> 262682.29 | M9: =MIN(K9,L9) -> 262682.29 | N9: . | O9: =P9/J9 -> 600.27822 | P9: 3797772 | Q9: =H9*O9 -> 115890.26 | R9: =MIN(Q9,P9) -> 115890.26 | W9: =Q9/L9 -> 0.44118032
A10: Cincinnati-Middletown, OH-KY-IN | B10: =Speeds!U9 -> 63.81627 | C10: =Speeds!V9 -> 74.142072 | D10: =C10*$A$1*1000 -> 12357.012 | E10: ='Interval Circuities'!B10 -> 1.4101242 | F10: =B10/E10 -> 45.255778 | G10: =F10*$A$1 -> 7.5426297 | H10: =PI()*G10^2 -> 178.72917 | I10: =K10/J10 -> 796.39106 | J10: 2040.2376 | K10: 1624827 | L10: =H10*I10 -> 142338.31 | M10: =MIN(K10,L10) -> 142338.31 | N10: . | O10: =P10/J10 -> 428.64958 | P10: 874547 | Q10: =H10*O10 -> 76612.185 | R10: =MIN(Q10,P10) -> 76612.185 | W10: =Q10/L10 -> 0.53824007
A11: Cleveland-Elyria-Mentor, OH | B11: =Speeds!U10 -> 60.59939 | C11: =Speeds!V10 -> 69.653954 | D11: =C11*$A$1*1000 -> 11608.992 | E11: ='Interval Circuities'!B11 -> 1.2785144 | F11: =B11/E11 -> 47.398284 | G11: =F11*$A$1 -> 7.899714 | H11: =PI()*G11^2 -> 196.0526 | I11: =K11/J11 -> 890.6046 | J11: 1999.3979 | K11: 1780673 | L11: =H11*I11 -> 174605.35 | M11: =MIN(K11,L11) -> 174605.35 | N11: . | O11: =P11/J11 -> 435.21001 | P11: 870158 | Q11: =H11*O11 -> 85324.055 | R11: =MIN(Q11,P11) -> 85324.055 | W11: =Q11/L11 -> 0.48866805
A12: Columbus, OH | B12: =Speeds!U11 -> 64.046412 | C12: =Speeds!V11 -> 74.901795 | D12: =C12*$A$1*1000 -> 12483.632 | E12: ='Interval Circuities'!B12 -> 1.3249637 | F12: =B12/E12 -> 48.338238 | G12: =F12*$A$1 -> 8.056373 | H12: =PI()*G12^2 -> 203.90553 | I12: =K12/J12 -> 1034.7499 | J12: 1322.0924 | K12: 1368035 | L12: =H12*I12 -> 210991.23 | M12: =MIN(K12,L12) -> 210991.23 | N12: . | O12: =P12/J12 -> 567.53144 | P12: 750329 | Q12: =H12*O12 -> 115722.8 | R12: =MIN(Q12,P12) -> 115722.8 | W12: =Q12/L12 -> 0.54847208
A13: Dallas-Fort Worth-Arlington, TX | B13: =Speeds!U12 -> 65.991438 | C13: =Speeds!V12 -> 78.097331 | D13: =C13*$A$1*1000 -> 13016.222 | E13: ='Interval Circuities'!B13 -> 1.3824701 | F13: =B13/E13 -> 47.73444 | G13: =F13*$A$1 -> 7.9557401 | H13: =PI()*G13^2 -> 198.84334 | I13: =K13/J13 -> 1111.537 | J13: 4607.9365 | K13: 5121892 | L13: =H13*I13 -> 221021.73 | M13: =MIN(K13,L13) -> 221021.73 | N13: . | O13: =P13/J13 -> 544.77314 | P13: 2510280 | Q13: =H13*O13 -> 108324.51 | R13: =MIN(Q13,P13) -> 108324.51 | W13: =Q13/L13 -> 0.49010795
A14: Denver-Aurora, CO | B14: =Speeds!U13 -> 60.705618 | C14: =Speeds!V13 -> 72.576467 | D14: =C14*$A$1*1000 -> 12096.078 | E14: ='Interval Circuities'!B14 -> 1.3957009 | F14: =B14/E14 -> 43.494719 | G14: =F14*$A$1 -> 7.2491199 | H14: =PI()*G14^2 -> 165.08987 | I14: =K14/J14 -> 1372.3806 | J14: 1729.9887 | K14: 2374203 | L14: =H14*I14 -> 226566.15 | M14: =MIN(K14,L14) -> 226566.15 | N14: . | O14: =P14/J14 -> 600.08831 | P14: 1038146 | Q14: =H14*O14 -> 99068.503 | R14: =MIN(Q14,P14) -> 99068.503 | W14: =Q14/L14 -> 0.43726084
A15: Detroit-Warren-Livonia, MI | B15: =Speeds!U14 -> 62.147901 | C15: =Speeds!V14 -> 71.579623 | D15: =C15*$A$1*1000 -> 11929.937 | E15: ='Interval Circuities'!B15 -> 1.3026209 | F15: =B15/E15 -> 47.709893 | G15: =F15*$A$1 -> 7.9516488 | H15: =PI()*G15^2 -> 198.63888 | I15: =K15/J15 -> 1078.2087 | J15: 3463.2348 | K15: 3734090 | L15: =H15*I15 -> 214174.17 | M15: =MIN(K15,L15) -> 214174.17 | N15: . | O15: =P15/J15 -> 433.40348 | P15: 1500978 | Q15: =H15*O15 -> 86090.781 | R15: =MIN(Q15,P15) -> 86090.781 | W15: =Q15/L15 -> 0.40196621
A16: Grand Rapids-Wyoming, MI | B16: =Speeds!U15 -> 67.784674 | C16: =Speeds!V15 -> 73.48493 | D16: =C16*$A$1*1000 -> 12247.488 | E16: ='Interval Circuities'!B16 -> 1.3210529 | F16: =B16/E16 -> 51.311099 | G16: =F16*$A$1 -> 8.5518499 | H16: =PI()*G16^2 -> 229.75767 | I16: =K16/J16 -> 784.29738 | J16: 726.68227 | K16: 569935 | L16: =H16*I16 -> 180198.33 | M16: =MIN(K16,L16) -> 180198.33 | N16: . | O16: =P16/J16 -> 438.11032 | P16: 318367 | Q16: =H16*O16 -> 100659.2 | R16: =MIN(Q16,P16) -> 100659.2 | W16: =Q16/L16 -> 0.5586023
A17: Virginia Beach-Norfolk-Newport News, VA-NC | B17: =Speeds!U16 -> 64.715367 | C17: =Speeds!V16 -> 75.511487 | D17: =C17*$A$1*1000 -> 12585.248 | E17: ='Interval Circuities'!B17 -> 1.4040824 | F17: =B17/E17 -> 46.090861 | G17: =F17*$A$1 -> 7.6818101 | H17: =PI()*G17^2 -> 185.38603 | I17: =K17/J17 -> 1078.402 | J17: 1334.9993 | K17: 1439666 | L17: =H17*I17 -> 199920.67 | M17: =MIN(K17,L17) -> 199920.67 | N17: . | O17: =P17/J17 -> 444.79198 | P17: 593797 | Q17: =H17*O17 -> 82458.219 | R17: =MIN(Q17,P17) -> 82458.219 | W17: =Q17/L17 -> 0.41245469
A18: Hartford-West Hartford-East Hartford, CT | B18: =Speeds!U17 -> 63.831017 | C18: =Speeds!V17 -> 74.742968 | D18: =C18*$A$1*1000 -> 12457.161 | E18: ='Interval Circuities'!B18 -> 1.3288885 | F18: =B18/E18 -> 48.033386 | G18: =F18*$A$1 -> 8.0055644 | H18: =PI()*G18^2 -> 201.34172 | I18: =K18/J18 -> 691.70596 | J18: 1337.0696 | K18: 924859 | L18: =H18*I18 -> 139269.27 | M18: =MIN(K18,L18) -> 139269.27 | N18: . | O18: =P18/J18 -> 395.88291 | P18: 529323 | Q18: =H18*O18 -> 79707.747 | R18: =MIN(Q18,P18) -> 79707.747 | W18: =Q18/L18 -> 0.57232832
... A53: Washington-Arlington-Alexandria, DC-VA-MD-WV | B53: =Speeds!U52 -> 60.64773 | C53: =Speeds!V52 -> 74.545005 | D53: =C53*$A$1*1000 -> 12424.168 | E53: ='Interval Circuities'!B53 -> 1.4280756 | F53: =B53/E53 -> 42.468152 | G53: =F53*$A$1 -> 7.0780253 | H53: =PI()*G53^2 -> 157.3889 | I53: =K53/J53 -> 1339.8832 | J53: 3423.2611 | K53: 4586770 | L53: =H53*I53 -> 210882.73 | M53: =MIN(K53,L53) -> 210882.73 | N53: . | O53: =P53/J53 -> 692.47741 | P53: 2370531 | Q53: =H53*O53 -> 108988.25 | R53: =MIN(Q53,P53) -> 108988.25 | W53: =Q53/L53 -> 0.51681924
B55: =AVERAGE(B3:B53) -> 64.657313 | C55: =AVERAGE(C3:C53) -> 75.397884 | D55: =AVERAGE(D3:D53) -> 12566.314 | E55: =AVERAGE(E3:E53) -> 1.3744978 | F55: =AVERAGE(F3:F53) -> 47.095392 | G55: =AVERAGE(G3:G53) -> 7.849232 | H55: =AVERAGE(H3:H53) -> 194.54801 | I55: =AVERAGE(I3:I53) -> 1162.2971 | ... K55: =AVERAGE(K3:K53) -> 2784957.4
A56: Notes:
A57: 1 San Francisco-San Jose were combined for the circuity analysis used the same commute distance for cicuity
A58: 2 Los Angeles-Inland Empire and Baltimore-Washington used the same average commute distance, as they were grouped together in the NHTS data
A59: 3 Circuitry is from a sample of OD points with network distance matched to average commute distance with circuity weighted by matching network distance to each work commute distance interval
A61: Data Sources:
A63: Circuity: Networks are Census Tiger 2008 2010 county-level shapefiles merged together, commute distances are from 2009 NHTS
A64: Urbanized Area: Census 2000 2010 Urbanized Area (census.gov)
A65: Employment: 2010 MSA Business Patterns (NAICS - from Censtats) | K65: Paid employees for pay period including March 12 (number) | O65: Total for all sectors
A66: Speeds - 2012 Urban Mobility Report, Exhibit A-8. Composite Freeway and Arterial (25% Freeway, 75% Arterial), VMT/VHT -> converted to km/h
A68: http://censtats.census.gov/cgi-bin/msanaic/msasect.pl

Sheet 2010-20
A1: =2/6 -> 0.33333333 | B1: Network Speed (congested) [km/h] | C1: Network Speed (freeflow) [km/h] | D1: 20 Minute Distance | E1: 20 Minute Circuity [ ] | F1: Average Airline Speed [km/h] | G1: Airline Radius [km] | H1: Area covered in $A$1$ hrs [km2] | I1: Urbanized area density [people/km2] | J1: Area [km2] | K1: Population | L1: Accessibility | M1: MinPA,P | N1: . | O1: Employment Density | P1: Employment | Q1: Employment Accessibility | R1: Min EA, E | W1: Accessibility Ratio
A2: Area | B2: S_n | C2: S_f | E2: C3 | F2: S_a | G2: R_a | H2: A_X | I2: D_UA | J2: Area | K2: Pop | L2: A_P | M2: MinA_P | N2: . | O2: D_Emp | P2: Emp | Q2: A_E | R2: MinA_E | W2: R=A_E/A_P
A3: Atlanta | B3: ='2010-10'!B3 -> 66.682397 | C3: ='2010-10'!C3 -> 79.773749 | D3: =C3*$A$1*1000 -> 26591.25 | E3: ='Interval Circuities'!C3 -> 1.3087125 | F3: =B3/E3 -> 50.952671 | G3: =F3*$A$1 -> 16.984224 | H3: =PI()*G3^2 -> 906.23593 | I3: =K3/J3 -> 659.04777 | J3: ='2010-10'!J3 -> 6851.429 | K3: ='2010-10'!K3 -> 4515419 | L3: =H3*I3 -> 597252.77 | M3: =MIN(K3,L3) -> 597252.77 | N3: . | O3: =P3/J3 -> 292.35463 | P3: ='2010-10'!P3 -> 2003047 | Q3: =H3*O3 -> 264942.27 | R3: =MIN(Q3,P3) -> 264942.27 | W3: =Q3/L3 -> 0.44360158
A4: Austin | B4: ='2010-10'!B4 -> 67.132189 | C4: ='2010-10'!C4 -> 79.519028 | D4: =C4*$A$1*1000 -> 26506.343 | E4: ='Interval Circuities'!C4 -> 1.3723223 | F4: =B4/E4 -> 48.918676 | G4: =F4*$A$1 -> 16.306225 | H4: =PI()*G4^2 -> 835.32744 | I4: =K4/J4 -> 1005.7321 | J4: ='2010-10'!J4 -> 1354.651 | K4: ='2010-10'!K4 -> 1362416 | L4: =H4*I4 -> 840115.61 | M4: =MIN(K4,L4) -> 840115.61 | N4: . | O4: =P4/J4 -> 472.86201 | P4: ='2010-10'!P4 -> 640563 | Q4: =H4*O4 -> 394994.61 | R4: =MIN(Q4,P4) -> 394994.61 | W4: =Q4/L4 -> 0.47016697
A5: Baltimore2 | B5: ='2010-10'!B5 -> 64.331331 | C5: ='2010-10'!C5 -> 77.15232 | D5: =C5*$A$1*1000 -> 25717.44 | E5: ='Interval Circuities'!C5 -> 1.3092659 | F5: =B5/E5 -> 49.135421 | G5: =F5*$A$1 -> 16.378474 | H5: =PI()*G5^2 -> 842.74605 | I5: =K5/J5 -> 1186.6066 | J5: ='2010-10'!J5 -> 1857.1133 | K5: ='2010-10'!K5 -> 2203663 | L5: =H5*I5 -> 1000008.1 | M5: =MIN(K5,L5) -> 1000008.1 | N5: . | O5: =P5/J5 -> 570.5683 | P5: ='2010-10'!P5 -> 1059610 | Q5: =H5*O5 -> 480844.18 | R5: =MIN(Q5,P5) -> 480844.18 | W5: =Q5/L5 -> 0.48084031
A6: Boston | B6: ='2010-10'!B6 -> 59.083844 | C6: ='2010-10'!C6 -> 71.20195 | D6: =C6*$A$1*1000 -> 23733.983 | E6: ='Interval Circuities'!C6 -> 1.2579494 | F6: =B6/E6 -> 46.96838 | G6: =F6*$A$1 -> 15.656127 | H6: =PI()*G6^2 -> 770.04929 | I6: =K6/J6 -> 861.67002 | J6: ='2010-10'!J6 -> 4852.2275 | K6: ='2010-10'!K6 -> 4181019 | L6: =H6*I6 -> 663528.39 | M6: =MIN(K6,L6) -> 663528.39 | N6: . | O6: =P6/J6 -> 598.22978 | P6: ='2010-10'!P6 -> 2902747 | Q6: =H6*O6 -> 460666.42 | R6: =MIN(Q6,P6) -> 460666.42 | W6: =Q6/L6 -> 0.69426783
A7: Buffalo | B7: ='2010-10'!B7 -> 61.525462 | C7: ='2010-10'!C7 -> 70.650557 | D7: =C7*$A$1*1000 -> 23550.186 | E7: ='Interval Circuities'!C7 -> 1.2242187 | F7: =B7/E7 -> 50.256922 | G7: =F7*$A$1 -> 16.752307 | H7: =PI()*G7^2 -> 881.65593 | I7: =K7/J7 -> 951.10926 | J7: ='2010-10'!J7 -> 984.01524 | K7: ='2010-10'!K7 -> 935906 | L7: =H7*I7 -> 838551.11 | M7: =MIN(K7,L7) -> 838551.11 | N7: . | O7: =P7/J7 -> 463.10665 | P7: ='2010-10'!P7 -> 455704 | Q7: =H7*O7 -> 408300.72 | R7: =MIN(Q7,P7) -> 408300.72 | W7: =Q7/L7 -> 0.48691215
A8: Charlotte | B8: ='2010-10'!B8 -> 64.052682 | C8: ='2010-10'!C8 -> 75.74246 | D8: =C8*$A$1*1000 -> 25247.487 | E8: ='Interval Circuities'!C8 -> 1.2718269 | F8: =B8/E8 -> 50.362736 | G8: =F8*$A$1 -> 16.787579 | H8: =PI()*G8^2 -> 885.37244 | I8: =K8/J8 -> 650.59688 | J8: ='2010-10'!J8 -> 1920.4549 | K8: ='2010-10'!K8 -> 1249442 | L8: =H8*I8 -> 576020.55 | M8: =MIN(K8,L8) -> 576020.55 | N8: . | O8: =P8/J8 -> 378.75609 | P8: ='2010-10'!P8 -> 727384 | Q8: =H8*O8 -> 335340.2 | R8: =MIN(Q8,P8) -> 335340.2 | W8: =Q8/L8 -> 0.58216708
A9: Chicago | B9: ='2010-10'!B9 -> 62.255872 | C9: ='2010-10'!C9 -> 73.232676 | D9: =C9*$A$1*1000 -> 24410.892 | E9: ='Interval Circuities'!C9 -> 1.2622043 | F9: =B9/E9 -> 49.323133 | G9: =F9*$A$1 -> 16.441044 | H9: =PI()*G9^2 -> 849.19743 | I9: =K9/J9 -> 1360.6187 | J9: ='2010-10'!J9 -> 6326.6863 | K9: ='2010-10'!K9 -> 8608208 | L9: =H9*I9 -> 1155433.9 | M9: =MIN(K9,L9) -> 1155433.9 | N9: . | O9: =P9/J9 -> 600.27822 | P9: ='2010-10'!P9 -> 3797772 | Q9: =H9*O9 -> 509754.72 | R9: =MIN(Q9,P9) -> 509754.72 | W9: =Q9/L9 -> 0.44118032
A10: Cincinnati | B10: ='2010-10'!B10 -> 63.81627 | C10: ='2010-10'!C10 -> 74.142072 | D10: =C10*$A$1*1000 -> 24714.024 | E10: ='Interval Circuities'!C10 -> 1.3346636 | F10: =B10/E10 -> 47.814499 | G10: =F10*$A$1 -> 15.938166 | H10: =PI()*G10^2 -> 798.04353 | I10: =K10/J10 -> 796.39106 | J10: ='2010-10'!J10 -> 2040.2376 | K10: ='2010-10'!K10 -> 1624827 | L10: =H10*I10 -> 635554.74 | M10: =MIN(K10,L10) -> 635554.74 | N10: . | O10: =P10/J10 -> 428.64958 | P10: ='2010-10'!P10 -> 874547 | Q10: =H10*O10 -> 342081.03 | R10: =MIN(Q10,P10) -> 342081.03 | W10: =Q10/L10 -> 0.53824007
A11: Cleveland | B11: ='2010-10'!B11 -> 60.59939 | C11: ='2010-10'!C11 -> 69.653954 | D11: =C11*$A$1*1000 -> 23217.985 | E11: ='Interval Circuities'!C11 -> 1.2210242 | F11: =B11/E11 -> 49.629965 | G11: =F11*$A$1 -> 16.543322 | H11: =PI()*G11^2 -> 859.79578 | I11: =K11/J11 -> 890.6046 | J11: ='2010-10'!J11 -> 1999.3979 | K11: ='2010-10'!K11 -> 1780673 | L11: =H11*I11 -> 765738.07 | M11: =MIN(K11,L11) -> 765738.07 | N11: . | O11: =P11/J11 -> 435.21001 | P11: ='2010-10'!P11 -> 870158 | Q11: =H11*O11 -> 374191.73 | R11: =MIN(Q11,P11) -> 374191.73 | W11: =Q11/L11 -> 0.48866805
A12: Columbus | B12: ='2010-10'!B12 -> 64.046412 | C12: ='2010-10'!C12 -> 74.901795 | D12: =C12*$A$1*1000 -> 24967.265 | E12: ='Interval Circuities'!C12 -> 1.2479549 | F12: =B12/E12 -> 51.321094 | G12: =F12*$A$1 -> 17.107031 | H12: =PI()*G12^2 -> 919.38874 | I12: =K12/J12 -> 1034.7499 | J12: ='2010-10'!J12 -> 1322.0924 | K12: ='2010-10'!K12 -> 1368035 | L12: =H12*I12 -> 951337.42 | M12: =MIN(K12,L12) -> 951337.42 | N12: . | O12: =P12/J12 -> 567.53144 | P12: ='2010-10'!P12 -> 750329 | Q12: =H12*O12 -> 521782.01 | R12: =MIN(Q12,P12) -> 521782.01 | W12: =Q12/L12 -> 0.54847208
A13: Dallas-Fort Worth | B13: ='2010-10'!B13 -> 65.991438 | C13: ='2010-10'!C13 -> 78.097331 | D13: =C13*$A$1*1000 -> 26032.444 | E13: ='Interval Circuities'!C13 -> 1.3241222 | F13: =B13/E13 -> 49.837875 | G13: =F13*$A$1 -> 16.612625 | H13: =PI()*G13^2 -> 867.01457 | I13: =K13/J13 -> 1111.537 | J13: ='2010-10'!J13 -> 4607.9365 | K13: ='2010-10'!K13 -> 5121892 | L13: =H13*I13 -> 963718.8 | M13: =MIN(K13,L13) -> 963718.8 | N13: . | O13: =P13/J13 -> 544.77314 | P13: ='2010-10'!P13 -> 2510280 | Q13: =H13*O13 -> 472326.25 | R13: =MIN(Q13,P13) -> 472326.25 | W13: =Q13/L13 -> 0.49010795
A14: Denver | B14: ='2010-10'!B14 -> 60.705618 | C14: ='2010-10'!C14 -> 72.576467 | D14: =C14*$A$1*1000 -> 24192.156 | E14: ='Interval Circuities'!C14 -> 1.3823838 | F14: =B14/E14 -> 43.913722 | G14: =F14*$A$1 -> 14.637907 | H14: =PI()*G14^2 -> 673.1438 | I14: =K14/J14 -> 1372.3806 | J14: ='2010-10'!J14 -> 1729.9887 | K14: ='2010-10'!K14 -> 2374203 | L14: =H14*I14 -> 923809.51 | M14: =MIN(K14,L14) -> 923809.51 | N14: . | O14: =P14/J14 -> 600.08831 | P14: ='2010-10'!P14 -> 1038146 | Q14: =H14*O14 -> 403945.72 | R14: =MIN(Q14,P14) -> 403945.72 | W14: =Q14/L14 -> 0.43726084
... A53: Washington2 | B53: ='2010-10'!B53 -> 60.64773 | C53: ='2010-10'!C53 -> 74.545005 | D53: =C53*$A$1*1000 -> 24848.335 | E53: ='Interval Circuities'!C53 -> 1.3586073 | F53: =B53/E53 -> 44.639633 | G53: =F53*$A$1 -> 14.879878 | H53: =PI()*G53^2 -> 695.58242 | I53: =K53/J53 -> 1339.8832 | J53: ='2010-10'!J53 -> 3423.2611 | K53: ='2010-10'!K53 -> 4586770 | L53: =H53*I53 -> 931999.18 | M53: =MIN(K53,L53) -> 931999.18 | N53: . | O53: =P53/J53 -> 692.47741 | P53: ='2010-10'!P53 -> 2370531 | Q53: =H53*O53 -> 481675.11 | R53: =MIN(Q53,P53) -> 481675.11 | W53: =Q53/L53 -> 0.51681924

Sheet 2010-30
A1: =3/6 -> 0.5 | B1: Network Speed (congested) [km/h] | C1: Network Speed (freeflow) [km/h] | D1: 30 Minute Distance | E1: Circuity [ ] | F1: Average Airline Speed [km/h] | G1: Airline Radius [km] | H1: Area covered in $A$1$ hrs [km2] | I1: Urbanized area density [people/km2] | J1: Area [km2] | K1: Population | L1: Accessibility | M1: MinPA,P | N1: . | O1: Employment Density | P1: Employment | Q1: Employment Accessibility | R1: Min EA, E | W1: Accessibility Ratio
A2: Area | B2: S_n | C2: S_f | E2: C3 | F2: S_a | G2: R_a | H2: A_X | I2: D_UA | J2: Area | K2: Pop | L2: A_P | M2: MinA_P | N2: . | O2: D_Emp | P2: Emp | Q2: A_E | R2: MinA_E | W2: R=A_E/A_P
A3: Atlanta | B3: ='2010-10'!B3 -> 66.682397 | C3: ='2010-10'!C3 -> 79.773749 | D3: =C3*$A$1*1000 -> 39886.875 | E3: ='Interval Circuities'!D3 -> 1.2678602 | F3: =B3/E3 -> 52.59444 | G3: =F3*$A$1 -> 26.29722 | H3: =PI()*G3^2 -> 2172.5489 | I3: =K3/J3 -> 659.04777 | J3: ='2010-10'!J3 -> 6851.429 | K3: ='2010-10'!K3 -> 4515419 | L3: =H3*I3 -> 1431813.5 | M3: =MIN(K3,L3) -> 1431813.5 | N3: . | O3: =P3/J3 -> 292.35463 | P3: ='2010-10'!P3 -> 2003047 | Q3: =H3*O3 -> 635154.73 | R3: =MIN(Q3,P3) -> 635154.73 | W3: =Q3/L3 -> 0.44360158
A4: Austin | B4: ='2010-10'!B4 -> 67.132189 | C4: ='2010-10'!C4 -> 79.519028 | D4: =C4*$A$1*1000 -> 39759.514 | E4: ='Interval Circuities'!D4 -> 1.3315157 | F4: =B4/E4 -> 50.417873 | G4: =F4*$A$1 -> 25.208936 | H4: =PI()*G4^2 -> 1996.4522 | I4: =K4/J4 -> 1005.7321 | J4: ='2010-10'!J4 -> 1354.651 | K4: ='2010-10'!K4 -> 1362416 | L4: =H4*I4 -> 2007896.1 | M4: =MIN(K4,L4) -> 1362416 | N4: . | O4: =P4/J4 -> 472.86201 | P4: ='2010-10'!P4 -> 640563 | Q4: =H4*O4 -> 944046.4 | R4: =MIN(Q4,P4) -> 640563 | W4: =Q4/L4 -> 0.47016697
A5: Baltimore2 | B5: ='2010-10'!B5 -> 64.331331 | C5: ='2010-10'!C5 -> 77.15232 | D5: =C5*$A$1*1000 -> 38576.16 | E5: ='Interval Circuities'!D5 -> 1.2716629 | F5: =B5/E5 -> 50.588352 | G5: =F5*$A$1 -> 25.294176 | H5: =PI()*G5^2 -> 2009.9764 | I5: =K5/J5 -> 1186.6066 | J5: ='2010-10'!J5 -> 1857.1133 | K5: ='2010-10'!K5 -> 2203663 | L5: =H5*I5 -> 2385051.3 | M5: =MIN(K5,L5) -> 2203663 | N5: . | O5: =P5/J5 -> 570.5683 | P5: ='2010-10'!P5 -> 1059610 | Q5: =H5*O5 -> 1146828.8 | R5: =MIN(Q5,P5) -> 1059610 | W5: =Q5/L5 -> 0.48084031
A6: Boston | B6: ='2010-10'!B6 -> 59.083844 | C6: ='2010-10'!C6 -> 71.20195 | D6: =C6*$A$1*1000 -> 35600.975 | E6: ='Interval Circuities'!D6 -> 1.2258528 | F6: =B6/E6 -> 48.198154 | G6: =F6*$A$1 -> 24.099077 | H6: =PI()*G6^2 -> 1824.5287 | I6: =K6/J6 -> 861.67002 | J6: ='2010-10'!J6 -> 4852.2275 | K6: ='2010-10'!K6 -> 4181019 | L6: =H6*I6 -> 1572141.6 | M6: =MIN(K6,L6) -> 1572141.6 | N6: . | O6: =P6/J6 -> 598.22978 | P6: ='2010-10'!P6 -> 2902747 | Q6: =H6*O6 -> 1091487.4 | R6: =MIN(Q6,P6) -> 1091487.4 | W6: =Q6/L6 -> 0.69426783
A7: Buffalo | B7: ='2010-10'!B7 -> 61.525462 | C7: ='2010-10'!C7 -> 70.650557 | D7: =C7*$A$1*1000 -> 35325.278 | E7: ='Interval Circuities'!D7 -> 1.2021721 | F7: =B7/E7 -> 51.178581 | G7: =F7*$A$1 -> 25.589291 | H7: =PI()*G7^2 -> 2057.1519 | I7: =K7/J7 -> 951.10926 | J7: ='2010-10'!J7 -> 984.01524 | K7: ='2010-10'!K7 -> 935906 | L7: =H7*I7 -> 1956576.2 | M7: =MIN(K7,L7) -> 935906 | N7: . | O7: =P7/J7 -> 463.10665 | P7: ='2010-10'!P7 -> 455704 | Q7: =H7*O7 -> 952680.74 | R7: =MIN(Q7,P7) -> 455704 | W7: =Q7/L7 -> 0.48691215
A8: Charlotte | B8: ='2010-10'!B8 -> 64.052682 | C8: ='2010-10'!C8 -> 75.74246 | D8: =C8*$A$1*1000 -> 37871.23 | E8: ='Interval Circuities'!D8 -> 1.2406031 | F8: =B8/E8 -> 51.630279 | G8: =F8*$A$1 -> 25.815139 | H8: =PI()*G8^2 -> 2093.6246 | I8: =K8/J8 -> 650.59688 | J8: ='2010-10'!J8 -> 1920.4549 | K8: ='2010-10'!K8 -> 1249442 | L8: =H8*I8 -> 1362105.7 | M8: =MIN(K8,L8) -> 1249442 | N8: . | O8: =P8/J8 -> 378.75609 | P8: ='2010-10'!P8 -> 727384 | Q8: =H8*O8 -> 792973.08 | R8: =MIN(Q8,P8) -> 727384 | W8: =Q8/L8 -> 0.58216708
A9: Chicago | B9: ='2010-10'!B9 -> 62.255872 | C9: ='2010-10'!C9 -> 73.232676 | D9: =C9*$A$1*1000 -> 36616.338 | E9: ='Interval Circuities'!D9 -> 1.2370142 | F9: =B9/E9 -> 50.327532 | G9: =F9*$A$1 -> 25.163766 | H9: =PI()*G9^2 -> 1989.304 | I9: =K9/J9 -> 1360.6187 | J9: ='2010-10'!J9 -> 6326.6863 | K9: ='2010-10'!K9 -> 8608208 | L9: =H9*I9 -> 2706684.3 | M9: =MIN(K9,L9) -> 2706684.3 | N9: . | O9: =P9/J9 -> 600.27822 | P9: ='2010-10'!P9 -> 3797772 | Q9: =H9*O9 -> 1194135.8 | R9: =MIN(Q9,P9) -> 1194135.8 | W9: =Q9/L9 -> 0.44118032
A10: Cincinnati | B10: ='2010-10'!B10 -> 63.81627 | C10: ='2010-10'!C10 -> 74.142072 | D10: =C10*$A$1*1000 -> 37071.036 | E10: ='Interval Circuities'!D10 -> 1.300655 | F10: =B10/E10 -> 49.064718 | G10: =F10*$A$1 -> 24.532359 | H10: =PI()*G10^2 -> 1890.7255 | I10: =K10/J10 -> 796.39106 | J10: ='2010-10'!J10 -> 2040.2376 | K10: ='2010-10'!K10 -> 1624827 | L10: =H10*I10 -> 1505756.9 | M10: =MIN(K10,L10) -> 1505756.9 | N10: . | O10: =P10/J10 -> 428.64958 | P10: ='2010-10'!P10 -> 874547 | Q10: =H10*O10 -> 810458.71 | R10: =MIN(Q10,P10) -> 810458.71 | W10: =Q10/L10 -> 0.53824007
A11: Cleveland | B11: ='2010-10'!B11 -> 60.59939 | C11: ='2010-10'!C11 -> 69.653954 | D11: =C11*$A$1*1000 -> 34826.977 | E11: ='Interval Circuities'!D11 -> 1.1941029 | F11: =B11/E11 -> 50.748884 | G11: =F11*$A$1 -> 25.374442 | H11: =PI()*G11^2 -> 2022.7531 | I11: =K11/J11 -> 890.6046 | J11: ='2010-10'!J11 -> 1999.3979 | K11: ='2010-10'!K11 -> 1780673 | L11: =H11*I11 -> 1801473.2 | M11: =MIN(K11,L11) -> 1780673 | N11: . | O11: =P11/J11 -> 435.21001 | P11: ='2010-10'!P11 -> 870158 | Q11: =H11*O11 -> 880322.38 | R11: =MIN(Q11,P11) -> 870158 | W11: =Q11/L11 -> 0.48866805
A12: Columbus | B12: ='2010-10'!B12 -> 64.046412 | C12: ='2010-10'!C12 -> 74.901795 | D12: =C12*$A$1*1000 -> 37450.897 | E12: ='Interval Circuities'!D12 -> 1.2132024 | F12: =B12/E12 -> 52.791199 | G12: =F12*$A$1 -> 26.3956 | H12: =PI()*G12^2 -> 2188.8345 | I12: =K12/J12 -> 1034.7499 | J12: ='2010-10'!J12 -> 1322.0924 | K12: ='2010-10'!K12 -> 1368035 | L12: =H12*I12 -> 2264896.4 | M12: =MIN(K12,L12) -> 1368035 | N12: . | O12: =P12/J12 -> 567.53144 | P12: ='2010-10'!P12 -> 750329 | Q12: =H12*O12 -> 1242232.4 | R12: =MIN(Q12,P12) -> 750329 | W12: =Q12/L12 -> 0.54847208
A13: Dallas-Fort Worth | B13: ='2010-10'!B13 -> 65.991438 | C13: ='2010-10'!C13 -> 78.097331 | D13: =C13*$A$1*1000 -> 39048.666 | E13: ='Interval Circuities'!D13 -> 1.2867507 | F13: =B13/E13 -> 51.285332 | G13: =F13*$A$1 -> 25.642666 | H13: =PI()*G13^2 -> 2065.7427 | I13: =K13/J13 -> 1111.537 | J13: ='2010-10'!J13 -> 4607.9365 | K13: ='2010-10'!K13 -> 5121892 | L13: =H13*I13 -> 2296149.5 | M13: =MIN(K13,L13) -> 2296149.5 | N13: . | O13: =P13/J13 -> 544.77314 | P13: ='2010-10'!P13 -> 2510280 | Q13: =H13*O13 -> 1125361.1 | R13: =MIN(Q13,P13) -> 1125361.1 | W13: =Q13/L13 -> 0.49010795
A14: Denver | B14: ='2010-10'!B14 -> 60.705618 | C14: ='2010-10'!C14 -> 72.576467 | D14: =C14*$A$1*1000 -> 36288.234 | E14: ='Interval Circuities'!D14 -> 1.3693023 | F14: =B14/E14 -> 44.333246 | G14: =F14*$A$1 -> 22.166623 | H14: =PI()*G14^2 -> 1543.6504 | I14: =K14/J14 -> 1372.3806 | J14: ='2010-10'!J14 -> 1729.9887 | K14: ='2010-10'!K14 -> 2374203 | L14: =H14*I14 -> 2118475.9 | M14: =MIN(K14,L14) -> 2118475.9 | N14: . | O14: =P14/J14 -> 600.08831 | P14: ='2010-10'!P14 -> 1038146 | Q14: =H14*O14 -> 926326.55 | R14: =MIN(Q14,P14) -> 926326.55 | W14: =Q14/L14 -> 0.43726084
... A53: Washington2 | B53: ='2010-10'!B53 -> 60.64773 | C53: ='2010-10'!C53 -> 74.545005 | D53: =C53*$A$1*1000 -> 37272.503 | E53: ='Interval Circuities'!D53 -> 1.3128038 | F53: =B53/E53 -> 46.197101 | G53: =F53*$A$1 -> 23.09855 | H53: =PI()*G53^2 -> 1676.1749 | I53: =K53/J53 -> 1339.8832 | J53: ='2010-10'!J53 -> 3423.2611 | K53: ='2010-10'!K53 -> 4586770 | L53: =H53*I53 -> 2245878.5 | M53: =MIN(K53,L53) -> 2245878.5 | N53: . | O53: =P53/J53 -> 692.47741 | P53: ='2010-10'!P53 -> 2370531 | Q53: =H53*O53 -> 1160713.2 | R53: =MIN(Q53,P53) -> 1160713.2 | W53: =Q53/L53 -> 0.51681924

Sheet 2010-40
A1: =4/6 -> 0.66666667 | B1: Network Speed (congested) [km/h] | C1: Network Speed (freeflow) [km/h] | D1: 40 Minute Distance | E1: Circuity [ ] | F1: Average Airline Speed [km/h] | G1: Airline Radius [km] | H1: Area covered in $A$1$ hrs [km2] | I1: Urbanized area density [people/km2] | J1: Area [km2] | K1: Population | L1: Accessibility | M1: MinPA,P | N1: . | O1: Employment Density | P1: Employment | Q1: Employment Accessibility | R1: Min EA, E | W1: Accessibility Ratio
A2: Area | B2: S_n | C2: S_f | E2: C3 | F2: S_a | G2: R_a | H2: A_X | I2: D_UA | J2: Area | K2: Pop | L2: A_P | M2: MinA_P | N2: . | O2: D_Emp | P2: Emp | Q2: A_E | R2: MinA_E | W2: R=A_E/A_P
A3: Atlanta | B3: ='2010-10'!B3 -> 66.682397 | C3: ='2010-10'!C3 -> 79.773749 | D3: =C3*$A$1*1000 -> 53182.499 | E3: ='Interval Circuities'!E3 -> 1.24118 | F3: =B3/E3 -> 53.725001 | G3: =F3*$A$1 -> 35.816667 | H3: =PI()*G3^2 -> 4030.1407 | I3: =K3/J3 -> 659.04777 | J3: ='2010-10'!J3 -> 6851.429 | K3: ='2010-10'!K3 -> 4515419 | L3: =H3*I3 -> 2656055.3 | M3: =MIN(K3,L3) -> 2656055.3 | N3: . | O3: =P3/J3 -> 292.35463 | P3: ='2010-10'!P3 -> 2003047 | Q3: =H3*O3 -> 1178230.3 | R3: =MIN(Q3,P3) -> 1178230.3 | W3: =Q3/L3 -> 0.44360158
A4: Austin | B4: ='2010-10'!B4 -> 67.132189 | C4: ='2010-10'!C4 -> 79.519028 | D4: =C4*$A$1*1000 -> 53012.685 | E4: ='Interval Circuities'!E4 -> 1.3069706 | F4: =B4/E4 -> 51.364727 | G4: =F4*$A$1 -> 34.243151 | H4: =PI()*G4^2 -> 3683.8109 | I4: =K4/J4 -> 1005.7321 | J4: ='2010-10'!J4 -> 1354.651 | K4: ='2010-10'!K4 -> 1362416 | L4: =H4*I4 -> 3704926.8 | M4: =MIN(K4,L4) -> 1362416 | N4: . | O4: =P4/J4 -> 472.86201 | P4: ='2010-10'!P4 -> 640563 | Q4: =H4*O4 -> 1741934.2 | R4: =MIN(Q4,P4) -> 640563 | W4: =Q4/L4 -> 0.47016697
A5: Baltimore2 | B5: ='2010-10'!B5 -> 64.331331 | C5: ='2010-10'!C5 -> 77.15232 | D5: =C5*$A$1*1000 -> 51434.88 | E5: ='Interval Circuities'!E5 -> 1.2476796 | F5: =B5/E5 -> 51.560776 | G5: =F5*$A$1 -> 34.373851 | H5: =PI()*G5^2 -> 3711.9853 | I5: =K5/J5 -> 1186.6066 | J5: ='2010-10'!J5 -> 1857.1133 | K5: ='2010-10'!K5 -> 2203663 | L5: =H5*I5 -> 4404666.4 | M5: =MIN(K5,L5) -> 2203663 | N5: . | O5: =P5/J5 -> 570.5683 | P5: ='2010-10'!P5 -> 1059610 | Q5: =H5*O5 -> 2117941.1 | R5: =MIN(Q5,P5) -> 1059610 | W5: =Q5/L5 -> 0.48084031
A6: Boston | B6: ='2010-10'!B6 -> 59.083844 | C6: ='2010-10'!C6 -> 71.20195 | D6: =C6*$A$1*1000 -> 47467.966 | E6: ='Interval Circuities'!E6 -> 1.2078231 | F6: =B6/E6 -> 48.91763 | G6: =F6*$A$1 -> 32.611754 | H6: =PI()*G6^2 -> 3341.167 | I6: =K6/J6 -> 861.67002 | J6: ='2010-10'!J6 -> 4852.2275 | K6: ='2010-10'!K6 -> 4181019 | L6: =H6*I6 -> 2878983.4 | M6: =MIN(K6,L6) -> 2878983.4 | N6: . | O6: =P6/J6 -> 598.22978 | P6: ='2010-10'!P6 -> 2902747 | Q6: =H6*O6 -> 1998785.6 | R6: =MIN(Q6,P6) -> 1998785.6 | W6: =Q6/L6 -> 0.69426783
A7: Buffalo | B7: ='2010-10'!B7 -> 61.525462 | C7: ='2010-10'!C7 -> 70.650557 | D7: =C7*$A$1*1000 -> 47100.371 | E7: ='Interval Circuities'!E7 -> 1.1895929 | F7: =B7/E7 -> 51.719762 | G7: =F7*$A$1 -> 34.479841 | H7: =PI()*G7^2 -> 3734.9121 | I7: =K7/J7 -> 951.10926 | J7: ='2010-10'!J7 -> 984.01524 | K7: ='2010-10'!K7 -> 935906 | L7: =H7*I7 -> 3552309.5 | M7: =MIN(K7,L7) -> 935906 | N7: . | O7: =P7/J7 -> 463.10665 | P7: ='2010-10'!P7 -> 455704 | Q7: =H7*O7 -> 1729662.7 | R7: =MIN(Q7,P7) -> 455704 | W7: =Q7/L7 -> 0.48691215
A8: Charlotte | B8: ='2010-10'!B8 -> 64.052682 | C8: ='2010-10'!C8 -> 75.74246 | D8: =C8*$A$1*1000 -> 50494.973 | E8: ='Interval Circuities'!E8 -> 1.225998 | F8: =B8/E8 -> 52.245338 | G8: =F8*$A$1 -> 34.830225 | H8: =PI()*G8^2 -> 3811.2061 | I8: =K8/J8 -> 650.59688 | J8: ='2010-10'!J8 -> 1920.4549 | K8: ='2010-10'!K8 -> 1249442 | L8: =H8*I8 -> 2479558.8 | M8: =MIN(K8,L8) -> 1249442 | N8: . | O8: =P8/J8 -> 378.75609 | P8: ='2010-10'!P8 -> 727384 | Q8: =H8*O8 -> 1443517.5 | R8: =MIN(Q8,P8) -> 727384 | W8: =Q8/L8 -> 0.58216708
A9: Chicago | B9: ='2010-10'!B9 -> 62.255872 | C9: ='2010-10'!C9 -> 73.232676 | D9: =C9*$A$1*1000 -> 48821.784 | E9: ='Interval Circuities'!E9 -> 1.2158976 | F9: =B9/E9 -> 51.201573 | G9: =F9*$A$1 -> 34.134382 | H9: =PI()*G9^2 -> 3660.4457 | I9: =K9/J9 -> 1360.6187 | J9: ='2010-10'!J9 -> 6326.6863 | K9: ='2010-10'!K9 -> 8608208 | L9: =H9*I9 -> 4980471 | M9: =MIN(K9,L9) -> 4980471 | N9: . | O9: =P9/J9 -> 600.27822 | P9: ='2010-10'!P9 -> 3797772 | Q9: =H9*O9 -> 2197285.8 | R9: =MIN(Q9,P9) -> 2197285.8 | W9: =Q9/L9 -> 0.44118032
A10: Cincinnati | B10: ='2010-10'!B10 -> 63.81627 | C10: ='2010-10'!C10 -> 74.142072 | D10: =C10*$A$1*1000 -> 49428.048 | E10: ='Interval Circuities'!E10 -> 1.2806447 | F10: =B10/E10 -> 49.831361 | G10: =F10*$A$1 -> 33.220907 | H10: =PI()*G10^2 -> 3467.1518 | I10: =K10/J10 -> 796.39106 | J10: ='2010-10'!J10 -> 2040.2376 | K10: ='2010-10'!K10 -> 1624827 | L10: =H10*I10 -> 2761208.7 | M10: =MIN(K10,L10) -> 1624827 | N10: . | O10: =P10/J10 -> 428.64958 | P10: ='2010-10'!P10 -> 874547 | Q10: =H10*O10 -> 1486193.2 | R10: =MIN(Q10,P10) -> 874547 | W10: =Q10/L10 -> 0.53824007
A11: Cleveland | B11: ='2010-10'!B11 -> 60.59939 | C11: ='2010-10'!C11 -> 69.653954 | D11: =C11*$A$1*1000 -> 46435.969 | E11: ='Interval Circuities'!E11 -> 1.1762375 | F11: =B11/E11 -> 51.519687 | G11: =F11*$A$1 -> 34.346458 | H11: =PI()*G11^2 -> 3706.0715 | I11: =K11/J11 -> 890.6046 | J11: ='2010-10'!J11 -> 1999.3979 | K11: ='2010-10'!K11 -> 1780673 | L11: =H11*I11 -> 3300644.3 | M11: =MIN(K11,L11) -> 1780673 | N11: . | O11: =P11/J11 -> 435.21001 | P11: ='2010-10'!P11 -> 870158 | Q11: =H11*O11 -> 1612919.4 | R11: =MIN(Q11,P11) -> 870158 | W11: =Q11/L11 -> 0.48866805
A12: Columbus | B12: ='2010-10'!B12 -> 64.046412 | C12: ='2010-10'!C12 -> 74.901795 | D12: =C12*$A$1*1000 -> 49934.53 | E12: ='Interval Circuities'!E12 -> 1.1959405 | F12: =B12/E12 -> 53.553176 | G12: =F12*$A$1 -> 35.702118 | H12: =PI()*G12^2 -> 4004.4034 | I12: =K12/J12 -> 1034.7499 | J12: ='2010-10'!J12 -> 1322.0924 | K12: ='2010-10'!K12 -> 1368035 | L12: =H12*I12 -> 4143556.1 | M12: =MIN(K12,L12) -> 1368035 | N12: . | O12: =P12/J12 -> 567.53144 | P12: ='2010-10'!P12 -> 750329 | Q12: =H12*O12 -> 2272624.8 | R12: =MIN(Q12,P12) -> 750329 | W12: =Q12/L12 -> 0.54847208
A13: Dallas-Fort Worth | B13: ='2010-10'!B13 -> 65.991438 | C13: ='2010-10'!C13 -> 78.097331 | D13: =C13*$A$1*1000 -> 52064.888 | E13: ='Interval Circuities'!E13 -> 1.2625861 | F13: =B13/E13 -> 52.266883 | G13: =F13*$A$1 -> 34.844588 | H13: =PI()*G13^2 -> 3814.3501 | I13: =K13/J13 -> 1111.537 | J13: ='2010-10'!J13 -> 4607.9365 | K13: ='2010-10'!K13 -> 5121892 | L13: =H13*I13 -> 4239791.3 | M13: =MIN(K13,L13) -> 4239791.3 | N13: . | O13: =P13/J13 -> 544.77314 | P13: ='2010-10'!P13 -> 2510280 | Q13: =H13*O13 -> 2077955.5 | R13: =MIN(Q13,P13) -> 2077955.5 | W13: =Q13/L13 -> 0.49010795
A14: Denver | B14: ='2010-10'!B14 -> 60.705618 | C14: ='2010-10'!C14 -> 72.576467 | D14: =C14*$A$1*1000 -> 48384.312 | E14: ='Interval Circuities'!E14 -> 1.3585033 | F14: =B14/E14 -> 44.685662 | G14: =F14*$A$1 -> 29.790441 | H14: =PI()*G14^2 -> 2788.0704 | I14: =K14/J14 -> 1372.3806 | J14: ='2010-10'!J14 -> 1729.9887 | K14: ='2010-10'!K14 -> 2374203 | L14: =H14*I14 -> 3826293.9 | M14: =MIN(K14,L14) -> 2374203 | N14: . | O14: =P14/J14 -> 600.08831 | P14: ='2010-10'!P14 -> 1038146 | Q14: =H14*O14 -> 1673088.5 | R14: =MIN(Q14,P14) -> 1038146 | W14: =Q14/L14 -> 0.43726084
... A53: Washington2 | B53: ='2010-10'!B53 -> 60.64773 | C53: ='2010-10'!C53 -> 74.545005 | D53: =C53*$A$1*1000 -> 49696.67 | E53: ='Interval Circuities'!E53 -> 1.2903553 | F53: =B53/E53 -> 47.000799 | G53: =F53*$A$1 -> 31.333866 | H53: =PI()*G53^2 -> 3084.4508 | I53: =K53/J53 -> 1339.8832 | J53: ='2010-10'!J53 -> 3423.2611 | K53: ='2010-10'!K53 -> 4586770 | L53: =H53*I53 -> 4132803.7 | M53: =MIN(K53,L53) -> 4132803.7 | N53: . | O53: =P53/J53 -> 692.47741 | P53: ='2010-10'!P53 -> 2370531 | Q53: =H53*O53 -> 2135912.5 | R53: =MIN(Q53,P53) -> 2135912.5 | W53: =Q53/L53 -> 0.51681924

Sheet 2010-50
A1: =5/6 -> 0.83333333 | B1: Network Speed (congested) [km/h] | C1: Network Speed (freeflow) [km/h] | D1: 50 Minute Distance | E1: Circuity [ ] | F1: Average Airline Speed [km/h] | G1: Airline Radius [km] | H1: Area covered in $A$1$ hrs [km2] | I1: Urbanized area density [people/km2] | J1: Area [km2] | K1: Population | L1: Accessibility | M1: MinPA,P | N1: . | O1: Employment Density | P1: Employment | Q1: Employment Accessibility | R1: Min EA, E | W1: Accessibility Ratio
A2: Area | B2: S_n | C2: S_f | E2: C3 | F2: S_a | G2: R_a | H2: A_X | I2: D_UA | J2: Area | K2: Pop | L2: A_P | M2: MinA_P | N2: . | O2: D_Emp | P2: Emp | Q2: A_E | R2: MinA_E | W2: R=A_E/A_P
A3: Atlanta | B3: ='2010-10'!B3 -> 66.682397 | C3: ='2010-10'!C3 -> 79.773749 | D3: =C3*$A$1*1000 -> 66478.124 | E3: ='Interval Circuities'!F3 -> 1.2210427 | F3: =B3/E3 -> 54.61103 | G3: =F3*$A$1 -> 45.509192 | H3: =PI()*G3^2 -> 6506.5103 | I3: =K3/J3 -> 659.04777 | J3: ='2010-10'!J3 -> 6851.429 | K3: ='2010-10'!K3 -> 4515419 | L3: =H3*I3 -> 4288101.1 | M3: =MIN(K3,L3) -> 4288101.1 | N3: . | O3: =P3/J3 -> 292.35463 | P3: ='2010-10'!P3 -> 2003047 | Q3: =H3*O3 -> 1902208.4 | R3: =MIN(Q3,P3) -> 1902208.4 | W3: =Q3/L3 -> 0.44360158
A4: Austin | B4: ='2010-10'!B4 -> 67.132189 | C4: ='2010-10'!C4 -> 79.519028 | D4: =C4*$A$1*1000 -> 66265.856 | E4: ='Interval Circuities'!F4 -> 1.2879993 | F4: =B4/E4 -> 52.121294 | G4: =F4*$A$1 -> 43.434412 | H4: =PI()*G4^2 -> 5926.7657 | I4: =K4/J4 -> 1005.7321 | J4: ='2010-10'!J4 -> 1354.651 | K4: ='2010-10'!K4 -> 1362416 | L4: =H4*I4 -> 5960738.4 | M4: =MIN(K4,L4) -> 1362416 | N4: . | O4: =P4/J4 -> 472.86201 | P4: ='2010-10'!P4 -> 640563 | Q4: =H4*O4 -> 2802542.3 | R4: =MIN(Q4,P4) -> 640563 | W4: =Q4/L4 -> 0.47016697
A5: Baltimore2 | B5: ='2010-10'!B5 -> 64.331331 | C5: ='2010-10'!C5 -> 77.15232 | D5: =C5*$A$1*1000 -> 64293.6 | E5: ='Interval Circuities'!F5 -> 1.2338764 | F5: =B5/E5 -> 52.137583 | G5: =F5*$A$1 -> 43.447986 | H5: =PI()*G5^2 -> 5930.4707 | I5: =K5/J5 -> 1186.6066 | J5: ='2010-10'!J5 -> 1857.1133 | K5: ='2010-10'!K5 -> 2203663 | L5: =H5*I5 -> 7037135.9 | M5: =MIN(K5,L5) -> 2203663 | N5: . | O5: =P5/J5 -> 570.5683 | P5: ='2010-10'!P5 -> 1059610 | Q5: =H5*O5 -> 3383738.6 | R5: =MIN(Q5,P5) -> 1059610 | W5: =Q5/L5 -> 0.48084031
A6: Boston | B6: ='2010-10'!B6 -> 59.083844 | C6: ='2010-10'!C6 -> 71.20195 | D6: =C6*$A$1*1000 -> 59334.958 | E6: ='Interval Circuities'!F6 -> 1.1956866 | F6: =B6/E6 -> 49.414156 | G6: =F6*$A$1 -> 41.178463 | H6: =PI()*G6^2 -> 5327.0913 | I6: =K6/J6 -> 861.67002 | J6: ='2010-10'!J6 -> 4852.2275 | K6: ='2010-10'!K6 -> 4181019 | L6: =H6*I6 -> 4590194.8 | M6: =MIN(K6,L6) -> 4181019 | N6: . | O6: =P6/J6 -> 598.22978 | P6: ='2010-10'!P6 -> 2902747 | Q6: =H6*O6 -> 3186824.6 | R6: =MIN(Q6,P6) -> 2902747 | W6: =Q6/L6 -> 0.69426783
A7: Buffalo | B7: ='2010-10'!B7 -> 61.525462 | C7: ='2010-10'!C7 -> 70.650557 | D7: =C7*$A$1*1000 -> 58875.464 | E7: ='Interval Circuities'!F7 -> 1.1803914 | F7: =B7/E7 -> 52.122934 | G7: =F7*$A$1 -> 43.435778 | H7: =PI()*G7^2 -> 5927.1386 | I7: =K7/J7 -> 951.10926 | J7: ='2010-10'!J7 -> 984.01524 | K7: ='2010-10'!K7 -> 935906 | L7: =H7*I7 -> 5637356.4 | M7: =MIN(K7,L7) -> 935906 | N7: . | O7: =P7/J7 -> 463.10665 | P7: ='2010-10'!P7 -> 455704 | Q7: =H7*O7 -> 2744897.3 | R7: =MIN(Q7,P7) -> 455704 | W7: =Q7/L7 -> 0.48691215
A8: Charlotte | B8: ='2010-10'!B8 -> 64.052682 | C8: ='2010-10'!C8 -> 75.74246 | D8: =C8*$A$1*1000 -> 63118.716 | E8: ='Interval Circuities'!F8 -> 1.2193397 | F8: =B8/E8 -> 52.530627 | G8: =F8*$A$1 -> 43.775523 | H8: =PI()*G8^2 -> 6020.2226 | I8: =K8/J8 -> 650.59688 | J8: ='2010-10'!J8 -> 1920.4549 | K8: ='2010-10'!K8 -> 1249442 | L8: =H8*I8 -> 3916738.1 | M8: =MIN(K8,L8) -> 1249442 | N8: . | O8: =P8/J8 -> 378.75609 | P8: ='2010-10'!P8 -> 727384 | Q8: =H8*O8 -> 2280196 | R8: =MIN(Q8,P8) -> 727384 | W8: =Q8/L8 -> 0.58216708
A9: Chicago | B9: ='2010-10'!B9 -> 62.255872 | C9: ='2010-10'!C9 -> 73.232676 | D9: =C9*$A$1*1000 -> 61027.23 | E9: ='Interval Circuities'!F9 -> 1.201806 | F9: =B9/E9 -> 51.80193 | G9: =F9*$A$1 -> 43.168275 | H9: =PI()*G9^2 -> 5854.3579 | I9: =K9/J9 -> 1360.6187 | J9: ='2010-10'!J9 -> 6326.6863 | K9: ='2010-10'!K9 -> 8608208 | L9: =H9*I9 -> 7965549 | M9: =MIN(K9,L9) -> 7965549 | N9: . | O9: =P9/J9 -> 600.27822 | P9: ='2010-10'!P9 -> 3797772 | Q9: =H9*O9 -> 3514243.5 | R9: =MIN(Q9,P9) -> 3514243.5 | W9: =Q9/L9 -> 0.44118032
A10: Cincinnati | B10: ='2010-10'!B10 -> 63.81627 | C10: ='2010-10'!C10 -> 74.142072 | D10: =C10*$A$1*1000 -> 61785.06 | E10: ='Interval Circuities'!F10 -> 1.271905 | F10: =B10/E10 -> 50.173773 | G10: =F10*$A$1 -> 41.811477 | H10: =PI()*G10^2 -> 5492.1311 | I10: =K10/J10 -> 796.39106 | J10: ='2010-10'!J10 -> 2040.2376 | K10: ='2010-10'!K10 -> 1624827 | L10: =H10*I10 -> 4373884.1 | M10: =MIN(K10,L10) -> 1624827 | N10: . | O10: =P10/J10 -> 428.64958 | P10: ='2010-10'!P10 -> 874547 | Q10: =H10*O10 -> 2354199.7 | R10: =MIN(Q10,P10) -> 874547 | W10: =Q10/L10 -> 0.53824007
A11: Cleveland | B11: ='2010-10'!B11 -> 60.59939 | C11: ='2010-10'!C11 -> 69.653954 | D11: =C11*$A$1*1000 -> 58044.962 | E11: ='Interval Circuities'!F11 -> 1.165785 | F11: =B11/E11 -> 51.981616 | G11: =F11*$A$1 -> 43.318013 | H11: =PI()*G11^2 -> 5895.0424 | I11: =K11/J11 -> 890.6046 | J11: ='2010-10'!J11 -> 1999.3979 | K11: ='2010-10'!K11 -> 1780673 | L11: =H11*I11 -> 5250151.9 | M11: =MIN(K11,L11) -> 1780673 | N11: . | O11: =P11/J11 -> 435.21001 | P11: ='2010-10'!P11 -> 870158 | Q11: =H11*O11 -> 2565581.5 | R11: =MIN(Q11,P11) -> 870158 | W11: =Q11/L11 -> 0.48866805
A12: Columbus | B12: ='2010-10'!B12 -> 64.046412 | C12: ='2010-10'!C12 -> 74.901795 | D12: =C12*$A$1*1000 -> 62418.162 | E12: ='Interval Circuities'!F12 -> 1.1849892 | F12: =B12/E12 -> 54.048098 | G12: =F12*$A$1 -> 45.040082 | H12: =PI()*G12^2 -> 6373.063 | I12: =K12/J12 -> 1034.7499 | J12: ='2010-10'!J12 -> 1322.0924 | K12: ='2010-10'!K12 -> 1368035 | L12: =H12*I12 -> 6594526.4 | M12: =MIN(K12,L12) -> 1368035 | N12: . | O12: =P12/J12 -> 567.53144 | P12: ='2010-10'!P12 -> 750329 | Q12: =H12*O12 -> 3616913.6 | R12: =MIN(Q12,P12) -> 750329 | W12: =Q12/L12 -> 0.54847208
A13: Dallas-Fort Worth | B13: ='2010-10'!B13 -> 65.991438 | C13: ='2010-10'!C13 -> 78.097331 | D13: =C13*$A$1*1000 -> 65081.11 | E13: ='Interval Circuities'!F13 -> 1.2464303 | F13: =B13/E13 -> 52.944348 | G13: =F13*$A$1 -> 44.12029 | H13: =PI()*G13^2 -> 6115.4243 | I13: =K13/J13 -> 1111.537 | J13: ='2010-10'!J13 -> 4607.9365 | K13: ='2010-10'!K13 -> 5121892 | L13: =H13*I13 -> 6797520.6 | M13: =MIN(K13,L13) -> 5121892 | N13: . | O13: =P13/J13 -> 544.77314 | P13: ='2010-10'!P13 -> 2510280 | Q13: =H13*O13 -> 3331518.9 | R13: =MIN(Q13,P13) -> 2510280 | W13: =Q13/L13 -> 0.49010795
A14: Denver | B14: ='2010-10'!B14 -> 60.705618 | C14: ='2010-10'!C14 -> 72.576467 | D14: =C14*$A$1*1000 -> 60480.389 | E14: ='Interval Circuities'!F14 -> 1.3458448 | F14: =B14/E14 -> 45.105956 | G14: =F14*$A$1 -> 37.588297 | H14: =PI()*G14^2 -> 4438.6936 | I14: =K14/J14 -> 1372.3806 | J14: ='2010-10'!J14 -> 1729.9887 | K14: ='2010-10'!K14 -> 2374203 | L14: =H14*I14 -> 6091577.1 | M14: =MIN(K14,L14) -> 2374203 | N14: . | O14: =P14/J14 -> 600.08831 | P14: ='2010-10'!P14 -> 1038146 | Q14: =H14*O14 -> 2663608.1 | R14: =MIN(Q14,P14) -> 1038146 | W14: =Q14/L14 -> 0.43726084
... A53: Washington2 | B53: ='2010-10'!B53 -> 60.64773 | C53: ='2010-10'!C53 -> 74.545005 | D53: =C53*$A$1*1000 -> 62120.838 | E53: ='Interval Circuities'!F53 -> 1.2769937 | F53: =B53/E53 -> 47.492584 | G53: =F53*$A$1 -> 39.577154 | H53: =PI()*G53^2 -> 4920.8371 | I53: =K53/J53 -> 1339.8832 | J53: ='2010-10'!J53 -> 3423.2611 | K53: ='2010-10'!K53 -> 4586770 | L53: =H53*I53 -> 6593346.8 | M53: =MIN(K53,L53) -> 4586770 | N53: . | O53: =P53/J53 -> 692.47741 | P53: ='2010-10'!P53 -> 2370531 | Q53: =H53*O53 -> 3407568.5 | R53: =MIN(Q53,P53) -> 2370531 | W53: =Q53/L53 -> 0.51681924

Sheet 2010-60
A1: =6/6 -> 1 | B1: Network Speed (congested) [km/h] | C1: Network Speed (freeflow) [km/h] | D1: 60 Minute Distance | E1: Circuity [ ] | F1: Average Airline Speed [km/h] | G1: Airline Radius [km] | H1: Area covered in $A$1$ hrs [km2] | I1: Urbanized area density [people/km2] | J1: Area [km2] | K1: Population | L1: Accessibility | M1: MinPA,P | N1: . | O1: Employment Density | P1: Employment | Q1: Employment Accessibility | R1: Min EA, E | W1: Accessibility Ratio
A2: Area | B2: S_n | C2: S_f | E2: C3 | F2: S_a | G2: R_a | H2: A_X | I2: D_UA | J2: Area | K2: Pop | L2: A_P | M2: MinA_P | N2: . | O2: D_Emp | P2: Emp | Q2: A_E | R2: MinA_E | W2: R=A_E/A_P
A3: Atlanta | B3: ='2010-10'!B3 -> 66.682397 | C3: ='2010-10'!C3 -> 79.773749 | D3: =C3*$A$1*1000 -> 79773.749 | E3: ='Interval Circuities'!G3 -> 1.2084406 | F3: =B3/E3 -> 55.180535 | G3: =F3*$A$1 -> 55.180535 | H3: =PI()*G3^2 -> 9565.8085 | I3: =K3/J3 -> 659.04777 | J3: ='2010-10'!J3 -> 6851.429 | K3: ='2010-10'!K3 -> 4515419 | L3: =H3*I3 -> 6304324.7 | M3: =MIN(K3,L3) -> 4515419 | N3: . | O3: =P3/J3 -> 292.35463 | P3: ='2010-10'!P3 -> 2003047 | Q3: =H3*O3 -> 2796608.4 | R3: =MIN(Q3,P3) -> 2003047 | W3: =Q3/L3 -> 0.44360158
A4: Austin | B4: ='2010-10'!B4 -> 67.132189 | C4: ='2010-10'!C4 -> 79.519028 | D4: =C4*$A$1*1000 -> 79519.028 | E4: ='Interval Circuities'!G4 -> 1.2747372 | F4: =B4/E4 -> 52.663553 | G4: =F4*$A$1 -> 52.663553 | H4: =PI()*G4^2 -> 8713.0495 | I4: =K4/J4 -> 1005.7321 | J4: ='2010-10'!J4 -> 1354.651 | K4: ='2010-10'!K4 -> 1362416 | L4: =H4*I4 -> 8762993.4 | M4: =MIN(K4,L4) -> 1362416 | N4: . | O4: =P4/J4 -> 472.86201 | P4: ='2010-10'!P4 -> 640563 | Q4: =H4*O4 -> 4120070.1 | R4: =MIN(Q4,P4) -> 640563 | W4: =Q4/L4 -> 0.47016697
A5: Baltimore2 | B5: ='2010-10'!B5 -> 64.331331 | C5: ='2010-10'!C5 -> 77.15232 | D5: =C5*$A$1*1000 -> 77152.32 | E5: ='Interval Circuities'!G5 -> 1.2261164 | F5: =B5/E5 -> 52.467558 | G5: =F5*$A$1 -> 52.467558 | H5: =PI()*G5^2 -> 8648.3164 | I5: =K5/J5 -> 1186.6066 | J5: ='2010-10'!J5 -> 1857.1133 | K5: ='2010-10'!K5 -> 2203663 | L5: =H5*I5 -> 10262150 | M5: =MIN(K5,L5) -> 2203663 | N5: . | O5: =P5/J5 -> 570.5683 | P5: ='2010-10'!P5 -> 1059610 | Q5: =H5*O5 -> 4934455.2 | R5: =MIN(Q5,P5) -> 1059610 | W5: =Q5/L5 -> 0.48084031
A6: Boston | B6: ='2010-10'!B6 -> 59.083844 | C6: ='2010-10'!C6 -> 71.20195 | D6: =C6*$A$1*1000 -> 71201.95 | E6: ='Interval Circuities'!G6 -> 1.1905718 | F6: =B6/E6 -> 49.626445 | G6: =F6*$A$1 -> 49.626445 | H6: =PI()*G6^2 -> 7737.0643 | I6: =K6/J6 -> 861.67002 | J6: ='2010-10'!J6 -> 4852.2275 | K6: ='2010-10'!K6 -> 4181019 | L6: =H6*I6 -> 6666796.3 | M6: =MIN(K6,L6) -> 4181019 | N6: . | O6: =P6/J6 -> 598.22978 | P6: ='2010-10'!P6 -> 2902747 | Q6: =H6*O6 -> 4628542.2 | R6: =MIN(Q6,P6) -> 2902747 | W6: =Q6/L6 -> 0.69426783
A7: Buffalo | B7: ='2010-10'!B7 -> 61.525462 | C7: ='2010-10'!C7 -> 70.650557 | D7: =C7*$A$1*1000 -> 70650.557 | E7: ='Interval Circuities'!G7 -> 1.173459 | F7: =B7/E7 -> 52.430859 | G7: =F7*$A$1 -> 52.430859 | H7: =PI()*G7^2 -> 8636.2224 | I7: =K7/J7 -> 951.10926 | J7: ='2010-10'!J7 -> 984.01524 | K7: ='2010-10'!K7 -> 935906 | L7: =H7*I7 -> 8213991.1 | M7: =MIN(K7,L7) -> 935906 | N7: . | O7: =P7/J7 -> 463.10665 | P7: ='2010-10'!P7 -> 455704 | Q7: =H7*O7 -> 3999492 | R7: =MIN(Q7,P7) -> 455704 | W7: =Q7/L7 -> 0.48691215
A8: Charlotte | B8: ='2010-10'!B8 -> 64.052682 | C8: ='2010-10'!C8 -> 75.74246 | D8: =C8*$A$1*1000 -> 75742.46 | E8: ='Interval Circuities'!G8 -> 1.2204535 | F8: =B8/E8 -> 52.482687 | G8: =F8*$A$1 -> 52.482687 | H8: =PI()*G8^2 -> 8653.3047 | I8: =K8/J8 -> 650.59688 | J8: ='2010-10'!J8 -> 1920.4549 | K8: ='2010-10'!K8 -> 1249442 | L8: =H8*I8 -> 5629813.1 | M8: =MIN(K8,L8) -> 1249442 | N8: . | O8: =P8/J8 -> 378.75609 | P8: ='2010-10'!P8 -> 727384 | Q8: =H8*O8 -> 3277491.8 | R8: =MIN(Q8,P8) -> 727384 | W8: =Q8/L8 -> 0.58216708
A9: Chicago | B9: ='2010-10'!B9 -> 62.255872 | C9: ='2010-10'!C9 -> 73.232676 | D9: =C9*$A$1*1000 -> 73232.676 | E9: ='Interval Circuities'!G9 -> 1.1904326 | F9: =B9/E9 -> 52.296847 | G9: =F9*$A$1 -> 52.296847 | H9: =PI()*G9^2 -> 8592.1308 | I9: =K9/J9 -> 1360.6187 | J9: ='2010-10'!J9 -> 6326.6863 | K9: ='2010-10'!K9 -> 8608208 | L9: =H9*I9 -> 11690614 | M9: =MIN(K9,L9) -> 8608208 | N9: . | O9: =P9/J9 -> 600.27822 | P9: ='2010-10'!P9 -> 3797772 | Q9: =H9*O9 -> 5157669 | R9: =MIN(Q9,P9) -> 3797772 | W9: =Q9/L9 -> 0.44118032
A10: Cincinnati | B10: ='2010-10'!B10 -> 63.81627 | C10: ='2010-10'!C10 -> 74.142072 | D10: =C10*$A$1*1000 -> 74142.072 | E10: ='Interval Circuities'!G10 -> 1.2662935 | F10: =B10/E10 -> 50.396113 | G10: =F10*$A$1 -> 50.396113 | H10: =PI()*G10^2 -> 7978.9173 | I10: =K10/J10 -> 796.39106 | J10: ='2010-10'!J10 -> 2040.2376 | K10: ='2010-10'!K10 -> 1624827 | L10: =H10*I10 -> 6354338.4 | M10: =MIN(K10,L10) -> 1624827 | N10: . | O10: =P10/J10 -> 428.64958 | P10: ='2010-10'!P10 -> 874547 | Q10: =H10*O10 -> 3420159.6 | R10: =MIN(Q10,P10) -> 874547 | W10: =Q10/L10 -> 0.53824007
A11: Cleveland | B11: ='2010-10'!B11 -> 60.59939 | C11: ='2010-10'!C11 -> 69.653954 | D11: =C11*$A$1*1000 -> 69653.954 | E11: ='Interval Circuities'!G11 -> 1.1590297 | F11: =B11/E11 -> 52.284589 | G11: =F11*$A$1 -> 52.284589 | H11: =PI()*G11^2 -> 8588.1036 | I11: =K11/J11 -> 890.6046 | J11: ='2010-10'!J11 -> 1999.3979 | K11: ='2010-10'!K11 -> 1780673 | L11: =H11*I11 -> 7648604.6 | M11: =MIN(K11,L11) -> 1780673 | N11: . | O11: =P11/J11 -> 435.21001 | P11: ='2010-10'!P11 -> 870158 | Q11: =H11*O11 -> 3737628.7 | R11: =MIN(Q11,P11) -> 870158 | W11: =Q11/L11 -> 0.48866805
A12: Columbus | B12: ='2010-10'!B12 -> 64.046412 | C12: ='2010-10'!C12 -> 74.901795 | D12: =C12*$A$1*1000 -> 74901.795 | E12: ='Interval Circuities'!G12 -> 1.1775894 | F12: =B12/E12 -> 54.387726 | G12: =F12*$A$1 -> 54.387726 | H12: =PI()*G12^2 -> 9292.9089 | I12: =K12/J12 -> 1034.7499 | J12: ='2010-10'!J12 -> 1322.0924 | K12: ='2010-10'!K12 -> 1368035 | L12: =H12*I12 -> 9615836.7 | M12: =MIN(K12,L12) -> 1368035 | N12: . | O12: =P12/J12 -> 567.53144 | P12: ='2010-10'!P12 -> 750329 | Q12: =H12*O12 -> 5274017.9 | R12: =MIN(Q12,P12) -> 750329 | W12: =Q12/L12 -> 0.54847208
A13: Dallas-Fort Worth | B13: ='2010-10'!B13 -> 65.991438 | C13: ='2010-10'!C13 -> 78.097331 | D13: =C13*$A$1*1000 -> 78097.331 | E13: ='Interval Circuities'!G13 -> 1.2313593 | F13: =B13/E13 -> 53.592348 | G13: =F13*$A$1 -> 53.592348 | H13: =PI()*G13^2 -> 9023.0931 | I13: =K13/J13 -> 1111.537 | J13: ='2010-10'!J13 -> 4607.9365 | K13: ='2010-10'!K13 -> 5121892 | L13: =H13*I13 -> 10029502 | M13: =MIN(K13,L13) -> 5121892 | N13: . | O13: =P13/J13 -> 544.77314 | P13: ='2010-10'!P13 -> 2510280 | Q13: =H13*O13 -> 4915538.7 | R13: =MIN(Q13,P13) -> 2510280 | W13: =Q13/L13 -> 0.49010795
A14: Denver | B14: ='2010-10'!B14 -> 60.705618 | C14: ='2010-10'!C14 -> 72.576467 | D14: =C14*$A$1*1000 -> 72576.467 | E14: ='Interval Circuities'!G14 -> 1.3385278 | F14: =B14/E14 -> 45.352528 | G14: =F14*$A$1 -> 45.352528 | H14: =PI()*G14^2 -> 6461.7905 | I14: =K14/J14 -> 1372.3806 | J14: ='2010-10'!J14 -> 1729.9887 | K14: ='2010-10'!K14 -> 2374203 | L14: =H14*I14 -> 8868036.1 | M14: =MIN(K14,L14) -> 2374203 | N14: . | O14: =P14/J14 -> 600.08831 | P14: ='2010-10'!P14 -> 1038146 | Q14: =H14*O14 -> 3877644.9 | R14: =MIN(Q14,P14) -> 1038146 | W14: =Q14/L14 -> 0.43726084
... A53: Washington2 | B53: ='2010-10'!B53 -> 60.64773 | C53: ='2010-10'!C53 -> 74.545005 | D53: =C53*$A$1*1000 -> 74545.005 | E53: ='Interval Circuities'!G53 -> 1.2719084 | F53: =B53/E53 -> 47.682467 | G53: =F53*$A$1 -> 47.682467 | H53: =PI()*G53^2 -> 7142.7804 | I53: =K53/J53 -> 1339.8832 | J53: ='2010-10'!J53 -> 3423.2611 | K53: ='2010-10'!K53 -> 4586770 | L53: =H53*I53 -> 9570491.3 | M53: =MIN(K53,L53) -> 4586770 | N53: . | O53: =P53/J53 -> 692.47741 | P53: ='2010-10'!P53 -> 2370531 | Q53: =H53*O53 -> 4946214.1 | R53: =MIN(Q53,P53) -> 2370531 | W53: =Q53/L53 -> 0.51681924

Sheet 2010-70
A1: =7/6 -> 1.1666667 | B1: Network Speed (congested) [km/h] | C1: Network Speed (freeflow) [km/h] | D1: 70 Minute Distance | E1: Circuity [ ] | F1: Average Airline Speed [km/h] | G1: Airline Radius [km] | H1: Area covered in $A$1$ hrs [km2] | I1: Urbanized area density [people/km2] | J1: Area [km2] | K1: Population | L1: Accessibility | M1: MinPA,P | N1: . | O1: Employment Density | P1: Employment | Q1: Employment Accessibility | R1: Min EA, E | W1: Accessibility Ratio
A2: Area | B2: S_n | C2: S_f | E2: C3 | F2: S_a | G2: R_a | H2: A_X | I2: D_UA | J2: Area | K2: Pop | L2: A_P | M2: MinA_P | N2: . | O2: D_Emp | P2: Emp | Q2: A_E | R2: MinA_E | W2: R=A_E/A_P
A3: Atlanta | B3: ='2010-10'!B3 -> 66.682397 | C3: ='2010-10'!C3 -> 79.773749 | D3: =C3*$A$1*1000 -> 93069.374 | E3: ='Interval Circuities'!H3 -> 1.1994894 | F3: =B3/E3 -> 55.592318 | G3: =F3*$A$1 -> 64.857705 | H3: =PI()*G3^2 -> 13215.178 | I3: =K3/J3 -> 659.04777 | J3: ='2010-10'!J3 -> 6851.429 | K3: ='2010-10'!K3 -> 4515419 | L3: =H3*I3 -> 8709433.7 | M3: =MIN(K3,L3) -> 4515419 | N3: . | O3: =P3/J3 -> 292.35463 | P3: ='2010-10'!P3 -> 2003047 | Q3: =H3*O3 -> 3863518.6 | R3: =MIN(Q3,P3) -> 2003047 | W3: =Q3/L3 -> 0.44360158
A4: Austin | B4: ='2010-10'!B4 -> 67.132189 | C4: ='2010-10'!C4 -> 79.519028 | D4: =C4*$A$1*1000 -> 92772.199 | E4: ='Interval Circuities'!H4 -> 1.2686559 | F4: =B4/E4 -> 52.915996 | G4: =F4*$A$1 -> 61.735328 | H4: =PI()*G4^2 -> 11973.397 | I4: =K4/J4 -> 1005.7321 | J4: ='2010-10'!J4 -> 1354.651 | K4: ='2010-10'!K4 -> 1362416 | L4: =H4*I4 -> 12042030 | M4: =MIN(K4,L4) -> 1362416 | N4: . | O4: =P4/J4 -> 472.86201 | P4: ='2010-10'!P4 -> 640563 | Q4: =H4*O4 -> 5661764.7 | R4: =MIN(Q4,P4) -> 640563 | W4: =Q4/L4 -> 0.47016697
A5: Baltimore2 | B5: ='2010-10'!B5 -> 64.331331 | C5: ='2010-10'!C5 -> 77.15232 | D5: =C5*$A$1*1000 -> 90011.04 | E5: ='Interval Circuities'!H5 -> 1.2246097 | F5: =B5/E5 -> 52.532108 | G5: =F5*$A$1 -> 61.28746 | H5: =PI()*G5^2 -> 11800.302 | I5: =K5/J5 -> 1186.6066 | J5: ='2010-10'!J5 -> 1857.1133 | K5: ='2010-10'!K5 -> 2203663 | L5: =H5*I5 -> 14002316 | M5: =MIN(K5,L5) -> 2203663 | N5: . | O5: =P5/J5 -> 570.5683 | P5: ='2010-10'!P5 -> 1059610 | Q5: =H5*O5 -> 6732878.1 | R5: =MIN(Q5,P5) -> 1059610 | W5: =Q5/L5 -> 0.48084031
A6: Boston | B6: ='2010-10'!B6 -> 59.083844 | C6: ='2010-10'!C6 -> 71.20195 | D6: =C6*$A$1*1000 -> 83068.941 | E6: ='Interval Circuities'!H6 -> 1.1860015 | F6: =B6/E6 -> 49.817682 | G6: =F6*$A$1 -> 58.120629 | H6: =PI()*G6^2 -> 10612.324 | I6: =K6/J6 -> 861.67002 | J6: ='2010-10'!J6 -> 4852.2275 | K6: ='2010-10'!K6 -> 4181019 | L6: =H6*I6 -> 9144321.2 | M6: =MIN(K6,L6) -> 4181019 | N6: . | O6: =P6/J6 -> 598.22978 | P6: ='2010-10'!P6 -> 2902747 | Q6: =H6*O6 -> 6348608 | R6: =MIN(Q6,P6) -> 2902747 | W6: =Q6/L6 -> 0.69426783
A7: Buffalo | B7: ='2010-10'!B7 -> 61.525462 | C7: ='2010-10'!C7 -> 70.650557 | D7: =C7*$A$1*1000 -> 82425.65 | E7: ='Interval Circuities'!H7 -> 1.168929 | F7: =B7/E7 -> 52.634046 | G7: =F7*$A$1 -> 61.406387 | H7: =PI()*G7^2 -> 11846.143 | I7: =K7/J7 -> 951.10926 | J7: ='2010-10'!J7 -> 984.01524 | K7: ='2010-10'!K7 -> 935906 | L7: =H7*I7 -> 11266976 | M7: =MIN(K7,L7) -> 935906 | N7: . | O7: =P7/J7 -> 463.10665 | P7: ='2010-10'!P7 -> 455704 | Q7: =H7*O7 -> 5486027.4 | R7: =MIN(Q7,P7) -> 455704 | W7: =Q7/L7 -> 0.48691215
A8: Charlotte | B8: ='2010-10'!B8 -> 64.052682 | C8: ='2010-10'!C8 -> 75.74246 | D8: =C8*$A$1*1000 -> 88366.203 | E8: ='Interval Circuities'!H8 -> 1.218991 | F8: =B8/E8 -> 52.545656 | G8: =F8*$A$1 -> 61.303265 | H8: =PI()*G8^2 -> 11806.389 | I8: =K8/J8 -> 650.59688 | J8: ='2010-10'!J8 -> 1920.4549 | K8: ='2010-10'!K8 -> 1249442 | L8: =H8*I8 -> 7681199.8 | M8: =MIN(K8,L8) -> 1249442 | N8: . | O8: =P8/J8 -> 378.75609 | P8: ='2010-10'!P8 -> 727384 | Q8: =H8*O8 -> 4471741.6 | R8: =MIN(Q8,P8) -> 727384 | W8: =Q8/L8 -> 0.58216708
A9: Chicago | B9: ='2010-10'!B9 -> 62.255872 | C9: ='2010-10'!C9 -> 73.232676 | D9: =C9*$A$1*1000 -> 85438.122 | E9: ='Interval Circuities'!H9 -> 1.1823959 | F9: =B9/E9 -> 52.652309 | G9: =F9*$A$1 -> 61.427694 | H9: =PI()*G9^2 -> 11854.365 | I9: =K9/J9 -> 1360.6187 | J9: ='2010-10'!J9 -> 6326.6863 | K9: ='2010-10'!K9 -> 8608208 | L9: =H9*I9 -> 16129271 | M9: =MIN(K9,L9) -> 8608208 | N9: . | O9: =P9/J9 -> 600.27822 | P9: ='2010-10'!P9 -> 3797772 | Q9: =H9*O9 -> 7115917.1 | R9: =MIN(Q9,P9) -> 3797772 | W9: =Q9/L9 -> 0.44118032
A10: Cincinnati | B10: ='2010-10'!B10 -> 63.81627 | C10: ='2010-10'!C10 -> 74.142072 | D10: =C10*$A$1*1000 -> 86499.084 | E10: ='Interval Circuities'!H10 -> 1.2682519 | F10: =B10/E10 -> 50.318292 | G10: =F10*$A$1 -> 58.704674 | H10: =PI()*G10^2 -> 10826.678 | I10: =K10/J10 -> 796.39106 | J10: ='2010-10'!J10 -> 2040.2376 | K10: ='2010-10'!K10 -> 1624827 | L10: =H10*I10 -> 8622269.9 | M10: =MIN(K10,L10) -> 1624827 | N10: . | O10: =P10/J10 -> 428.64958 | P10: ='2010-10'!P10 -> 874547 | Q10: =H10*O10 -> 4640851.2 | R10: =MIN(Q10,P10) -> 874547 | W10: =Q10/L10 -> 0.53824007
A11: Cleveland | B11: ='2010-10'!B11 -> 60.59939 | C11: ='2010-10'!C11 -> 69.653954 | D11: =C11*$A$1*1000 -> 81262.946 | E11: ='Interval Circuities'!H11 -> 1.1538474 | F11: =B11/E11 -> 52.519416 | G11: =F11*$A$1 -> 61.272652 | H11: =PI()*G11^2 -> 11794.6 | I11: =K11/J11 -> 890.6046 | J11: ='2010-10'!J11 -> 1999.3979 | K11: ='2010-10'!K11 -> 1780673 | L11: =H11*I11 -> 10504325 | M11: =MIN(K11,L11) -> 1780673 | N11: . | O11: =P11/J11 -> 435.21001 | P11: ='2010-10'!P11 -> 870158 | Q11: =H11*O11 -> 5133128.2 | R11: =MIN(Q11,P11) -> 870158 | W11: =Q11/L11 -> 0.48866805
A12: Columbus | B12: ='2010-10'!B12 -> 64.046412 | C12: ='2010-10'!C12 -> 74.901795 | D12: =C12*$A$1*1000 -> 87385.427 | E12: ='Interval Circuities'!H12 -> 1.1724941 | F12: =B12/E12 -> 54.624081 | G12: =F12*$A$1 -> 63.728094 | H12: =PI()*G12^2 -> 12758.856 | I12: =K12/J12 -> 1034.7499 | J12: ='2010-10'!J12 -> 1322.0924 | K12: ='2010-10'!K12 -> 1368035 | L12: =H12*I12 -> 13202225 | M12: =MIN(K12,L12) -> 1368035 | N12: . | O12: =P12/J12 -> 567.53144 | P12: ='2010-10'!P12 -> 750329 | Q12: =H12*O12 -> 7241051.9 | R12: =MIN(Q12,P12) -> 750329 | W12: =Q12/L12 -> 0.54847208
A13: Dallas-Fort Worth | B13: ='2010-10'!B13 -> 65.991438 | C13: ='2010-10'!C13 -> 78.097331 | D13: =C13*$A$1*1000 -> 91113.553 | E13: ='Interval Circuities'!H13 -> 1.2194441 | F13: =B13/E13 -> 54.116002 | G13: =F13*$A$1 -> 63.135335 | H13: =PI()*G13^2 -> 12522.61 | I13: =K13/J13 -> 1111.537 | J13: ='2010-10'!J13 -> 4607.9365 | K13: ='2010-10'!K13 -> 5121892 | L13: =H13*I13 -> 13919345 | M13: =MIN(K13,L13) -> 5121892 | N13: . | O13: =P13/J13 -> 544.77314 | P13: ='2010-10'!P13 -> 2510280 | Q13: =H13*O13 -> 6821981.5 | R13: =MIN(Q13,P13) -> 2510280 | W13: =Q13/L13 -> 0.49010795
A14: Denver | B14: ='2010-10'!B14 -> 60.705618 | C14: ='2010-10'!C14 -> 72.576467 | D14: =C14*$A$1*1000 -> 84672.545 | E14: ='Interval Circuities'!H14 -> 1.3325881 | F14: =B14/E14 -> 45.554676 | G14: =F14*$A$1 -> 53.147122 | H14: =PI()*G14^2 -> 8873.7947 | I14: =K14/J14 -> 1372.3806 | J14: ='2010-10'!J14 -> 1729.9887 | K14: ='2010-10'!K14 -> 2374203 | L14: =H14*I14 -> 12178224 | M14: =MIN(K14,L14) -> 2374203 | N14: . | O14: =P14/J14 -> 600.08831 | P14: ='2010-10'!P14 -> 1038146 | Q14: =H14*O14 -> 5325060.4 | R14: =MIN(Q14,P14) -> 1038146 | W14: =Q14/L14 -> 0.43726084
... A53: Washington2 | B53: ='2010-10'!B53 -> 60.64773 | C53: ='2010-10'!C53 -> 74.545005 | D53: =C53*$A$1*1000 -> 86969.173 | E53: ='Interval Circuities'!H53 -> 1.2676619 | F53: =B53/E53 -> 47.842197 | G53: =F53*$A$1 -> 55.815896 | H53: =PI()*G53^2 -> 9787.3626 | I53: =K53/J53 -> 1339.8832 | J53: ='2010-10'!J53 -> 3423.2611 | K53: ='2010-10'!K53 -> 4586770 | L53: =H53*I53 -> 13113922 | M53: =MIN(K53,L53) -> 4586770 | N53: . | O53: =P53/J53 -> 692.47741 | P53: ='2010-10'!P53 -> 2370531 | Q53: =H53*O53 -> 6777527.5 | R53: =MIN(Q53,P53) -> 2370531 | W53: =Q53/L53 -> 0.51681924

Sheet 2010-80
A1: =8/6 -> 1.3333333 | B1: Network Speed (congested) [km/h] | C1: Network Speed (freeflow) [km/h] | D1: 80 Minute Distance | E1: Circuity [ ] | F1: Average Airline Speed [km/h] | G1: Airline Radius [km] | H1: Area covered in $A$1$ hrs [km2] | I1: Urbanized area density [people/km2] | J1: Area [km2] | K1: Population | L1: Accessibility | M1: MinPA,P | N1: . | O1: Employment Density | P1: Employment | Q1: Employment Accessibility | R1: Min EA, E | W1: Accessibility Ratio
A2: Area | B2: S_n | C2: S_f | E2: C3 | F2: S_a | G2: R_a | H2: A_X | I2: D_UA | J2: Area | K2: Pop | L2: A_P | M2: MinA_P | N2: . | O2: D_Emp | P2: Emp | Q2: A_E | R2: MinA_E | W2: R=A_E/A_P
A3: Atlanta | B3: ='2010-10'!B3 -> 66.682397 | C3: ='2010-10'!C3 -> 79.773749 | D3: =C3*$A$1*1000 -> 106365 | E3: ='Interval Circuities'!I3 -> 1.1933849 | F3: =B3/E3 -> 55.876687 | G3: =F3*$A$1 -> 74.50225 | H3: =PI()*G3^2 -> 17437.678 | I3: =K3/J3 -> 659.04777 | J3: ='2010-10'!J3 -> 6851.429 | K3: ='2010-10'!K3 -> 4515419 | L3: =H3*I3 -> 11492263 | M3: =MIN(K3,L3) -> 4515419 | N3: . | O3: =P3/J3 -> 292.35463 | P3: ='2010-10'!P3 -> 2003047 | Q3: =H3*O3 -> 5097985.9 | R3: =MIN(Q3,P3) -> 2003047 | W3: =Q3/L3 -> 0.44360158
A4: Austin | B4: ='2010-10'!B4 -> 67.132189 | C4: ='2010-10'!C4 -> 79.519028 | D4: =C4*$A$1*1000 -> 106025.37 | E4: ='Interval Circuities'!I4 -> 1.2630063 | F4: =B4/E4 -> 53.152695 | G4: =F4*$A$1 -> 70.87026 | H4: =PI()*G4^2 -> 15778.943 | I4: =K4/J4 -> 1005.7321 | J4: ='2010-10'!J4 -> 1354.651 | K4: ='2010-10'!K4 -> 1362416 | L4: =H4*I4 -> 15869390 | M4: =MIN(K4,L4) -> 1362416 | N4: . | O4: =P4/J4 -> 472.86201 | P4: ='2010-10'!P4 -> 640563 | Q4: =H4*O4 -> 7461262.8 | R4: =MIN(Q4,P4) -> 640563 | W4: =Q4/L4 -> 0.47016697
A5: Baltimore2 | B5: ='2010-10'!B5 -> 64.331331 | C5: ='2010-10'!C5 -> 77.15232 | D5: =C5*$A$1*1000 -> 102869.76 | E5: ='Interval Circuities'!I5 -> 1.2268115 | F5: =B5/E5 -> 52.437828 | G5: =F5*$A$1 -> 69.917104 | H5: =PI()*G5^2 -> 15357.366 | I5: =K5/J5 -> 1186.6066 | J5: ='2010-10'!J5 -> 1857.1133 | K5: ='2010-10'!K5 -> 2203663 | L5: =H5*I5 -> 18223152 | M5: =MIN(K5,L5) -> 2203663 | N5: . | O5: =P5/J5 -> 570.5683 | P5: ='2010-10'!P5 -> 1059610 | Q5: =H5*O5 -> 8762426.2 | R5: =MIN(Q5,P5) -> 1059610 | W5: =Q5/L5 -> 0.48084031
A6: Boston | B6: ='2010-10'!B6 -> 59.083844 | C6: ='2010-10'!C6 -> 71.20195 | D6: =C6*$A$1*1000 -> 94935.933 | E6: ='Interval Circuities'!I6 -> 1.1822577 | F6: =B6/E6 -> 49.975436 | G6: =F6*$A$1 -> 66.633914 | H6: =PI()*G6^2 -> 13948.918 | I6: =K6/J6 -> 861.67002 | J6: ='2010-10'!J6 -> 4852.2275 | K6: ='2010-10'!K6 -> 4181019 | L6: =H6*I6 -> 12019365 | M6: =MIN(K6,L6) -> 4181019 | N6: . | O6: =P6/J6 -> 598.22978 | P6: ='2010-10'!P6 -> 2902747 | Q6: =H6*O6 -> 8344658.2 | R6: =MIN(Q6,P6) -> 2902747 | W6: =Q6/L6 -> 0.69426783
A7: Buffalo | B7: ='2010-10'!B7 -> 61.525462 | C7: ='2010-10'!C7 -> 70.650557 | D7: =C7*$A$1*1000 -> 94200.742 | E7: ='Interval Circuities'!I7 -> 1.1659231 | F7: =B7/E7 -> 52.769744 | G7: =F7*$A$1 -> 70.359658 | H7: =PI()*G7^2 -> 15552.396 | I7: =K7/J7 -> 951.10926 | J7: ='2010-10'!J7 -> 984.01524 | K7: ='2010-10'!K7 -> 935906 | L7: =H7*I7 -> 14792028 | M7: =MIN(K7,L7) -> 935906 | N7: . | O7: =P7/J7 -> 463.10665 | P7: ='2010-10'!P7 -> 455704 | Q7: =H7*O7 -> 7202418.1 | R7: =MIN(Q7,P7) -> 455704 | W7: =Q7/L7 -> 0.48691215
A8: Charlotte | B8: ='2010-10'!B8 -> 64.052682 | C8: ='2010-10'!C8 -> 75.74246 | D8: =C8*$A$1*1000 -> 100989.95 | E8: ='Interval Circuities'!I8 -> 1.2188103 | F8: =B8/E8 -> 52.553447 | G8: =F8*$A$1 -> 70.071263 | H8: =PI()*G8^2 -> 15425.163 | I8: =K8/J8 -> 650.59688 | J8: ='2010-10'!J8 -> 1920.4549 | K8: ='2010-10'!K8 -> 1249442 | L8: =H8*I8 -> 10035563 | M8: =MIN(K8,L8) -> 1249442 | N8: . | O8: =P8/J8 -> 378.75609 | P8: ='2010-10'!P8 -> 727384 | Q8: =H8*O8 -> 5842374.4 | R8: =MIN(Q8,P8) -> 727384 | W8: =Q8/L8 -> 0.58216708
A9: Chicago | B9: ='2010-10'!B9 -> 62.255872 | C9: ='2010-10'!C9 -> 73.232676 | D9: =C9*$A$1*1000 -> 97643.568 | E9: ='Interval Circuities'!I9 -> 1.1765397 | F9: =B9/E9 -> 52.914381 | G9: =F9*$A$1 -> 70.552508 | H9: =PI()*G9^2 -> 15637.769 | I9: =K9/J9 -> 1360.6187 | J9: ='2010-10'!J9 -> 6326.6863 | K9: ='2010-10'!K9 -> 8608208 | L9: =H9*I9 -> 21277041 | M9: =MIN(K9,L9) -> 8608208 | N9: . | O9: =P9/J9 -> 600.27822 | P9: ='2010-10'!P9 -> 3797772 | Q9: =H9*O9 -> 9387011.9 | R9: =MIN(Q9,P9) -> 3797772 | W9: =Q9/L9 -> 0.44118032
A10: Cincinnati | B10: ='2010-10'!B10 -> 63.81627 | C10: ='2010-10'!C10 -> 74.142072 | D10: =C10*$A$1*1000 -> 98856.096 | E10: ='Interval Circuities'!I10 -> 1.2721393 | F10: =B10/E10 -> 50.164529 | G10: =F10*$A$1 -> 66.886038 | H10: =PI()*G10^2 -> 14054.675 | I10: =K10/J10 -> 796.39106 | J10: ='2010-10'!J10 -> 2040.2376 | K10: ='2010-10'!K10 -> 1624827 | L10: =H10*I10 -> 11193018 | M10: =MIN(K10,L10) -> 1624827 | N10: . | O10: =P10/J10 -> 428.64958 | P10: ='2010-10'!P10 -> 874547 | Q10: =H10*O10 -> 6024530.8 | R10: =MIN(Q10,P10) -> 874547 | W10: =Q10/L10 -> 0.53824007
A11: Cleveland | B11: ='2010-10'!B11 -> 60.59939 | C11: ='2010-10'!C11 -> 69.653954 | D11: =C11*$A$1*1000 -> 92871.939 | E11: ='Interval Circuities'!I11 -> 1.1513174 | F11: =B11/E11 -> 52.634824 | G11: =F11*$A$1 -> 70.179765 | H11: =PI()*G11^2 -> 15472.97 | I11: =K11/J11 -> 890.6046 | J11: ='2010-10'!J11 -> 1999.3979 | K11: ='2010-10'!K11 -> 1780673 | L11: =H11*I11 -> 13780299 | M11: =MIN(K11,L11) -> 1780673 | N11: . | O11: =P11/J11 -> 435.21001 | P11: ='2010-10'!P11 -> 870158 | Q11: =H11*O11 -> 6733991.6 | R11: =MIN(Q11,P11) -> 870158 | W11: =Q11/L11 -> 0.48866805
A12: Columbus | B12: ='2010-10'!B12 -> 64.046412 | C12: ='2010-10'!C12 -> 74.901795 | D12: =C12*$A$1*1000 -> 99869.06 | E12: ='Interval Circuities'!I12 -> 1.1687762 | F12: =B12/E12 -> 54.797841 | G12: =F12*$A$1 -> 73.063788 | H12: =PI()*G12^2 -> 16770.818 | I12: =K12/J12 -> 1034.7499 | J12: ='2010-10'!J12 -> 1322.0924 | K12: ='2010-10'!K12 -> 1368035 | L12: =H12*I12 -> 17353602 | M12: =MIN(K12,L12) -> 1368035 | N12: . | O12: =P12/J12 -> 567.53144 | P12: ='2010-10'!P12 -> 750329 | Q12: =H12*O12 -> 9517966.4 | R12: =MIN(Q12,P12) -> 750329 | W12: =Q12/L12 -> 0.54847208
A13: Dallas-Fort Worth | B13: ='2010-10'!B13 -> 65.991438 | C13: ='2010-10'!C13 -> 78.097331 | D13: =C13*$A$1*1000 -> 104129.78 | E13: ='Interval Circuities'!I13 -> 1.2096246 | F13: =B13/E13 -> 54.555303 | G13: =F13*$A$1 -> 72.740404 | H13: =PI()*G13^2 -> 16622.69 | I13: =K13/J13 -> 1111.537 | J13: ='2010-10'!J13 -> 4607.9365 | K13: ='2010-10'!K13 -> 5121892 | L13: =H13*I13 -> 18476735 | M13: =MIN(K13,L13) -> 5121892 | N13: . | O13: =P13/J13 -> 544.77314 | P13: ='2010-10'!P13 -> 2510280 | Q13: =H13*O13 -> 9055594.7 | R13: =MIN(Q13,P13) -> 2510280 | W13: =Q13/L13 -> 0.49010795
A14: Denver | B14: ='2010-10'!B14 -> 60.705618 | C14: ='2010-10'!C14 -> 72.576467 | D14: =C14*$A$1*1000 -> 96768.623 | E14: ='Interval Circuities'!I14 -> 1.3292653 | F14: =B14/E14 -> 45.668548 | G14: =F14*$A$1 -> 60.891397 | H14: =PI()*G14^2 -> 11648.279 | I14: =K14/J14 -> 1372.3806 | J14: ='2010-10'!J14 -> 1729.9887 | K14: ='2010-10'!K14 -> 2374203 | L14: =H14*I14 -> 15985872 | M14: =MIN(K14,L14) -> 2374203 | N14: . | O14: =P14/J14 -> 600.08831 | P14: ='2010-10'!P14 -> 1038146 | Q14: =H14*O14 -> 6989995.8 | R14: =MIN(Q14,P14) -> 1038146 | W14: =Q14/L14 -> 0.43726084
... A53: Washington2 | B53: ='2010-10'!B53 -> 60.64773 | C53: ='2010-10'!C53 -> 74.545005 | D53: =C53*$A$1*1000 -> 99393.34 | E53: ='Interval Circuities'!I53 -> 1.264491 | F53: =B53/E53 -> 47.962167 | G53: =F53*$A$1 -> 63.949557 | H53: =PI()*G53^2 -> 12847.687 | I53: =K53/J53 -> 1339.8832 | J53: ='2010-10'!J53 -> 3423.2611 | K53: ='2010-10'!K53 -> 4586770 | L53: =H53*I53 -> 17214400 | M53: =MIN(K53,L53) -> 4586770 | N53: . | O53: =P53/J53 -> 692.47741 | P53: ='2010-10'!P53 -> 2370531 | Q53: =H53*O53 -> 8896733 | R53: =MIN(Q53,P53) -> 2370531 | W53: =Q53/L53 -> 0.51681924

Sheet 2010-90
A1: =9/6 -> 1.5 | B1: Network Speed (congested) [km/h] | C1: Network Speed (freeflow) [km/h] | D1: 90 Minute Distance | E1: Circuity [ ] | F1: Average Airline Speed [km/h] | G1: Airline Radius [km] | H1: Area covered in $A$1$ hrs [km2] | I1: Urbanized area density [people/km2] | J1: Area [km2] | K1: Population | L1: Accessibility | M1: MinPA,P | N1: . | O1: Employment Density | P1: Employment | Q1: Employment Accessibility | R1: Min EA, E | W1: Accessibility Ratio
A2: Area | B2: S_n | C2: S_f | E2: C3 | F2: S_a | G2: R_a | H2: A_X | I2: D_UA | J2: Area | K2: Pop | L2: A_P | M2: MinA_P | N2: . | O2: D_Emp | P2: Emp | Q2: A_E | R2: MinA_E | W2: R=A_E/A_P
A3: Atlanta | B3: ='2010-10'!B3 -> 66.682397 | C3: ='2010-10'!C3 -> 79.773749 | D3: =C3*$A$1*1000 -> 119660.62 | E3: ='Interval Circuities'!J3 -> 1.1877772 | F3: =B3/E3 -> 56.140493 | G3: =F3*$A$1 -> 84.210739 | H3: =PI()*G3^2 -> 22278.443 | I3: =K3/J3 -> 659.04777 | J3: ='2010-10'!J3 -> 6851.429 | K3: ='2010-10'!K3 -> 4515419 | L3: =H3*I3 -> 14682558 | M3: =MIN(K3,L3) -> 4515419 | N3: . | O3: =P3/J3 -> 292.35463 | P3: ='2010-10'!P3 -> 2003047 | Q3: =H3*O3 -> 6513206 | R3: =MIN(Q3,P3) -> 2003047 | W3: =Q3/L3 -> 0.44360158
A4: Austin | B4: ='2010-10'!B4 -> 67.132189 | C4: ='2010-10'!C4 -> 79.519028 | D4: =C4*$A$1*1000 -> 119278.54 | E4: ='Interval Circuities'!J4 -> 1.258289 | F4: =B4/E4 -> 53.351962 | G4: =F4*$A$1 -> 80.027943 | H4: =PI()*G4^2 -> 20120.241 | I4: =K4/J4 -> 1005.7321 | J4: ='2010-10'!J4 -> 1354.651 | K4: ='2010-10'!K4 -> 1362416 | L4: =H4*I4 -> 20235572 | M4: =MIN(K4,L4) -> 1362416 | N4: . | O4: =P4/J4 -> 472.86201 | P4: ='2010-10'!P4 -> 640563 | Q4: =H4*O4 -> 9514097.6 | R4: =MIN(Q4,P4) -> 640563 | W4: =Q4/L4 -> 0.47016697
A5: Baltimore2 | B5: ='2010-10'!B5 -> 64.331331 | C5: ='2010-10'!C5 -> 77.15232 | D5: =C5*$A$1*1000 -> 115728.48 | E5: ='Interval Circuities'!J5 -> 1.2337416 | F5: =B5/E5 -> 52.143278 | G5: =F5*$A$1 -> 78.214917 | H5: =PI()*G5^2 -> 19218.923 | I5: =K5/J5 -> 1186.6066 | J5: ='2010-10'!J5 -> 1857.1133 | K5: ='2010-10'!K5 -> 2203663 | L5: =H5*I5 -> 22805301 | M5: =MIN(K5,L5) -> 2203663 | N5: . | O5: =P5/J5 -> 570.5683 | P5: ='2010-10'!P5 -> 1059610 | Q5: =H5*O5 -> 10965708 | R5: =MIN(Q5,P5) -> 1059610 | W5: =Q5/L5 -> 0.48084031
A6: Boston | B6: ='2010-10'!B6 -> 59.083844 | C6: ='2010-10'!C6 -> 71.20195 | D6: =C6*$A$1*1000 -> 106802.92 | E6: ='Interval Circuities'!J6 -> 1.1792959 | F6: =B6/E6 -> 50.100947 | G6: =F6*$A$1 -> 75.151421 | H6: =PI()*G6^2 -> 17742.886 | I6: =K6/J6 -> 861.67002 | J6: ='2010-10'!J6 -> 4852.2275 | K6: ='2010-10'!K6 -> 4181019 | L6: =H6*I6 -> 15288513 | M6: =MIN(K6,L6) -> 4181019 | N6: . | O6: =P6/J6 -> 598.22978 | P6: ='2010-10'!P6 -> 2902747 | Q6: =H6*O6 -> 10614323 | R6: =MIN(Q6,P6) -> 2902747 | W6: =Q6/L6 -> 0.69426783
A7: Buffalo | B7: ='2010-10'!B7 -> 61.525462 | C7: ='2010-10'!C7 -> 70.650557 | D7: =C7*$A$1*1000 -> 105975.84 | E7: ='Interval Circuities'!J7 -> 1.1646573 | F7: =B7/E7 -> 52.827094 | G7: =F7*$A$1 -> 79.240641 | H7: =PI()*G7^2 -> 19726.309 | I7: =K7/J7 -> 951.10926 | J7: ='2010-10'!J7 -> 984.01524 | K7: ='2010-10'!K7 -> 935906 | L7: =H7*I7 -> 18761875 | M7: =MIN(K7,L7) -> 935906 | N7: . | O7: =P7/J7 -> 463.10665 | P7: ='2010-10'!P7 -> 455704 | Q7: =H7*O7 -> 9135384.8 | R7: =MIN(Q7,P7) -> 455704 | W7: =Q7/L7 -> 0.48691215
A8: Charlotte | B8: ='2010-10'!B8 -> 64.052682 | C8: ='2010-10'!C8 -> 75.74246 | D8: =C8*$A$1*1000 -> 113613.69 | E8: ='Interval Circuities'!J8 -> 1.2184606 | F8: =B8/E8 -> 52.568529 | G8: =F8*$A$1 -> 78.852793 | H8: =PI()*G8^2 -> 19533.679 | I8: =K8/J8 -> 650.59688 | J8: ='2010-10'!J8 -> 1920.4549 | K8: ='2010-10'!K8 -> 1249442 | L8: =H8*I8 -> 12708550 | M8: =MIN(K8,L8) -> 1249442 | N8: . | O8: =P8/J8 -> 378.75609 | P8: ='2010-10'!P8 -> 727384 | Q8: =H8*O8 -> 7398499.7 | R8: =MIN(Q8,P8) -> 727384 | W8: =Q8/L8 -> 0.58216708
A9: Chicago | B9: ='2010-10'!B9 -> 62.255872 | C9: ='2010-10'!C9 -> 73.232676 | D9: =C9*$A$1*1000 -> 109849.01 | E9: ='Interval Circuities'!J9 -> 1.1715001 | F9: =B9/E9 -> 53.142009 | G9: =F9*$A$1 -> 79.713014 | H9: =PI()*G9^2 -> 19962.197 | I9: =K9/J9 -> 1360.6187 | J9: ='2010-10'!J9 -> 6326.6863 | K9: ='2010-10'!K9 -> 8608208 | L9: =H9*I9 -> 27160939 | M9: =MIN(K9,L9) -> 8608208 | N9: . | O9: =P9/J9 -> 600.27822 | P9: ='2010-10'!P9 -> 3797772 | Q9: =H9*O9 -> 11982872 | R9: =MIN(Q9,P9) -> 3797772 | W9: =Q9/L9 -> 0.44118032
A10: Cincinnati | B10: ='2010-10'!B10 -> 63.81627 | C10: ='2010-10'!C10 -> 74.142072 | D10: =C10*$A$1*1000 -> 111213.11 | E10: ='Interval Circuities'!J10 -> 1.2779856 | F10: =B10/E10 -> 49.935047 | G10: =F10*$A$1 -> 74.90257 | H10: =PI()*G10^2 -> 17625.576 | I10: =K10/J10 -> 796.39106 | J10: ='2010-10'!J10 -> 2040.2376 | K10: ='2010-10'!K10 -> 1624827 | L10: =H10*I10 -> 14036851 | M10: =MIN(K10,L10) -> 1624827 | N10: . | O10: =P10/J10 -> 428.64958 | P10: ='2010-10'!P10 -> 874547 | Q10: =H10*O10 -> 7555195.8 | R10: =MIN(Q10,P10) -> 874547 | W10: =Q10/L10 -> 0.53824007
A11: Cleveland | B11: ='2010-10'!B11 -> 60.59939 | C11: ='2010-10'!C11 -> 69.653954 | D11: =C11*$A$1*1000 -> 104480.93 | E11: ='Interval Circuities'!J11 -> 1.1498565 | F11: =B11/E11 -> 52.701698 | G11: =F11*$A$1 -> 79.052548 | H11: =PI()*G11^2 -> 19632.772 | I11: =K11/J11 -> 890.6046 | J11: ='2010-10'!J11 -> 1999.3979 | K11: ='2010-10'!K11 -> 1780673 | L11: =H11*I11 -> 17485037 | M11: =MIN(K11,L11) -> 1780673 | N11: . | O11: =P11/J11 -> 435.21001 | P11: ='2010-10'!P11 -> 870158 | Q11: =H11*O11 -> 8544378.7 | R11: =MIN(Q11,P11) -> 870158 | W11: =Q11/L11 -> 0.48866805
A12: Columbus | B12: ='2010-10'!B12 -> 64.046412 | C12: ='2010-10'!C12 -> 74.901795 | D12: =C12*$A$1*1000 -> 112352.69 | E12: ='Interval Circuities'!J12 -> 1.1666681 | F12: =B12/E12 -> 54.896858 | G12: =F12*$A$1 -> 82.345287 | H12: =PI()*G12^2 -> 21302.343 | I12: =K12/J12 -> 1034.7499 | J12: ='2010-10'!J12 -> 1322.0924 | K12: ='2010-10'!K12 -> 1368035 | L12: =H12*I12 -> 22042597 | M12: =MIN(K12,L12) -> 1368035 | N12: . | O12: =P12/J12 -> 567.53144 | P12: ='2010-10'!P12 -> 750329 | Q12: =H12*O12 -> 12089749 | R12: =MIN(Q12,P12) -> 750329 | W12: =Q12/L12 -> 0.54847208
A13: Dallas-Fort Worth | B13: ='2010-10'!B13 -> 65.991438 | C13: ='2010-10'!C13 -> 78.097331 | D13: =C13*$A$1*1000 -> 117146 | E13: ='Interval Circuities'!J13 -> 1.201506 | F13: =B13/E13 -> 54.923933 | G13: =F13*$A$1 -> 82.3859 | H13: =PI()*G13^2 -> 21323.361 | I13: =K13/J13 -> 1111.537 | J13: ='2010-10'!J13 -> 4607.9365 | K13: ='2010-10'!K13 -> 5121892 | L13: =H13*I13 -> 23701705 | M13: =MIN(K13,L13) -> 5121892 | N13: . | O13: =P13/J13 -> 544.77314 | P13: ='2010-10'!P13 -> 2510280 | Q13: =H13*O13 -> 11616394 | R13: =MIN(Q13,P13) -> 2510280 | W13: =Q13/L13 -> 0.49010795
A14: Denver | B14: ='2010-10'!B14 -> 60.705618 | C14: ='2010-10'!C14 -> 72.576467 | D14: =C14*$A$1*1000 -> 108864.7 | E14: ='Interval Circuities'!J14 -> 1.3276511 | F14: =B14/E14 -> 45.724076 | G14: =F14*$A$1 -> 68.586113 | H14: =PI()*G14^2 -> 14778.224 | I14: =K14/J14 -> 1372.3806 | J14: ='2010-10'!J14 -> 1729.9887 | K14: ='2010-10'!K14 -> 2374203 | L14: =H14*I14 -> 20281349 | M14: =MIN(K14,L14) -> 2374203 | N14: . | O14: =P14/J14 -> 600.08831 | P14: ='2010-10'!P14 -> 1038146 | Q14: =H14*O14 -> 8868239.7 | R14: =MIN(Q14,P14) -> 1038146 | W14: =Q14/L14 -> 0.43726084
... A53: Washington2 | B53: ='2010-10'!B53 -> 60.64773 | C53: ='2010-10'!C53 -> 74.545005 | D53: =C53*$A$1*1000 -> 111817.51 | E53: ='Interval Circuities'!J53 -> 1.2618165 | F53: =B53/E53 -> 48.063829 | G53: =F53*$A$1 -> 72.095743 | H53: =PI()*G53^2 -> 16329.358 | I53: =K53/J53 -> 1339.8832 | J53: ='2010-10'!J53 -> 3423.2611 | K53: ='2010-10'!K53 -> 4586770 | L53: =H53*I53 -> 21879432 | M53: =MIN(K53,L53) -> 4586770 | N53: . | O53: =P53/J53 -> 692.47741 | P53: ='2010-10'!P53 -> 2370531 | Q53: =H53*O53 -> 11307712 | R53: =MIN(Q53,P53) -> 2370531 | W53: =Q53/L53 -> 0.51681924

Sheet Interval Circuities
B1: Time Threshold Circuities | K1: ln(Time Threshold Circuities) | T1: ln(C)-ln(t) | X1: C-ln(t) | AA1: ln(C)-t | AB1: C-t
B2: 10 | C2: 20 | D2: 30 | E2: 40 | F2: 50 | G2: 60 | H2: 70 | I2: 80 | J2: 90 | K2: =LN(B2) -> 2.3025851 | L2: =LN(C2) -> 2.9957323 | M2: =LN(D2) -> 3.4011974 | N2: =LN(E2) -> 3.6888795 | O2: =LN(F2) -> 3.912023 | P2: =LN(G2) -> 4.0943446 | Q2: =LN(H2) -> 4.2484952 | R2: =LN(I2) -> 4.3820266 | S2: =LN(J2) -> 4.4998097 | T2: Zeta | V2: Y-Intercept | W2: r2 | X2: Zeta | Y2: Y-Intercept | Z2: r2 | AA2: r2 | AB2: r2
A3: Atlanta | B3: 1.3810679 | C3: 1.3087125 | D3: 1.2678602 | E3: 1.24118 | F3: 1.2210427 | G3: 1.2084406 | H3: 1.1994894 | I3: 1.1933849 | J3: 1.1877772 | K3: =LN(B3) -> 0.32285705 | L3: =LN(C3) -> 0.26904382 | M3: =LN(D3) -> 0.23733059 | N3: =LN(E3) -> 0.21606255 | O3: =LN(F3) -> 0.19970513 | P3: =LN(G3) -> 0.18933075 | Q3: =LN(H3) -> 0.18189597 | R3: =LN(I3) -> 0.17679376 | S3: =LN(J3) -> 0.17208366 | T3: {=LINEST(K3:S3,$K$2:$S$2)} -> -0.0696172 | U3: 0.4776696 | V3: =EXP(U3) -> 1.6123127 | W3: =RSQ(K3:S3,$K$2:$S$2) -> 0.99087232 | X3: {=LINEST(B3:J3,$K$2:$S$2)} -> -0.088754905 | Y3: 1.5760524 | Z3: =RSQ(B3:J3,$K$2:$S$2) -> 0.98706704 | AA3: =RSQ(K3:S3,$B$2:$J$2) -> 0.85229675 | AB3: =RSQ(B3:J3,$B$2:$J$2) -> 0.83791617
A4: Austin | B4: 1.4404459 | C4: 1.3723223 | D4: 1.3315157 | E4: 1.3069706 | F4: 1.2879993 | G4: 1.2747372 | H4: 1.2686559 | I4: 1.2630063 | J4: 1.258289 | K4: =LN(B4) -> 0.36495269 | L4: =LN(C4) -> 0.31650441 | M4: =LN(D4) -> 0.28631791 | N4: =LN(E4) -> 0.26771195 | O4: =LN(F4) -> 0.25309007 | P4: =LN(G4) -> 0.24274003 | Q4: =LN(H4) -> 0.23795798 | R4: =LN(I4) -> 0.23349485 | S4: =LN(J4) -> 0.2297529 | T4: {=LINEST(K4:S4,$K$2:$S$2)} -> -0.062664775 | U4: 0.50370725 | V4: =EXP(U4) -> 1.6548448 | W4: =RSQ(K4:S4,$K$2:$S$2) -> 0.98751276 | X4: {=LINEST(B4:J4,$K$2:$S$2)} -> -0.083982791 | Y4: 1.6243859 | Z4: =RSQ(B4:J4,$K$2:$S$2) -> 0.98384776 | AA4: =RSQ(K4:S4,$B$2:$J$2) -> 0.84141909 | AB4: =RSQ(B4:J4,$B$2:$J$2) -> 0.82860407
A5: Baltimore | B5: 1.382295 | C5: 1.3092659 | D5: 1.2716629 | E5: 1.2476796 | F5: 1.2338764 | G5: 1.2261164 | H5: 1.2246097 | I5: 1.2268115 | J5: 1.2337416 | K5: =LN(B5) -> 0.32374515 | L5: =LN(C5) -> 0.26946659 | M5: =LN(D5) -> 0.24032541 | N5: =LN(E5) -> 0.22128554 | O5: =LN(F5) -> 0.21016072 | P5: =LN(G5) -> 0.20385174 | Q5: =LN(H5) -> 0.2026222 | R5: =LN(I5) -> 0.20441854 | S5: =LN(J5) -> 0.2100515 | T5: {=LINEST(K5:S5,$K$2:$S$2)} -> -0.054393676 | U5: 0.43438672 | V5: =EXP(U5) -> 1.5440158 | W5: =RSQ(K5:S5,$K$2:$S$2) -> 0.91522047 | X5: {=LINEST(B5:J5,$K$2:$S$2)} -> -0.070382426 | Y5: 1.5239596 | Z5: =RSQ(B5:J5,$K$2:$S$2) -> 0.91053107 | AA5: =RSQ(K5:S5,$B$2:$J$2) -> 0.68724128 | AB5: =RSQ(B5:J5,$B$2:$J$2) -> 0.67826313
A6: Boston | B6: 1.3221708 | C6: 1.2579494 | D6: 1.2258528 | E6: 1.2078231 | F6: 1.1956866 | G6: 1.1905718 | H6: 1.1860015 | I6: 1.1822577 | J6: 1.1792959 | K6: =LN(B6) -> 0.27927493 | L6: =LN(C6) -> 0.22948291 | M6: =LN(D6) -> 0.2036368 | N6: =LN(E6) -> 0.18881965 | O6: =LN(F6) -> 0.17872059 | P6: =LN(G6) -> 0.17443366 | Q6: =LN(H6) -> 0.17058754 | R6: =LN(I6) -> 0.16742592 | S6: =LN(J6) -> 0.1649176 | T6: {=LINEST(K6:S6,$K$2:$S$2)} -> -0.051330124 | U6: 0.38646076 | V6: =EXP(U6) -> 1.4717626 | W6: =RSQ(K6:S6,$K$2:$S$2) -> 0.9605205 | X6: {=LINEST(B6:J6,$K$2:$S$2)} -> -0.063790397 | Y6: 1.454021 | Z6: =RSQ(B6:J6,$K$2:$S$2) -> 0.95475565 | AA6: =RSQ(K6:S6,$B$2:$J$2) -> 0.76970687 | AB6: =RSQ(B6:J6,$B$2:$J$2) -> 0.75774828
A7: Buffalo | B7: 1.2726128 | C7: 1.2242187 | D7: 1.2021721 | E7: 1.1895929 | F7: 1.1803914 | G7: 1.173459 | H7: 1.168929 | I7: 1.1659231 | J7: 1.1646573 | K7: =LN(B7) -> 0.24107212 | L7: =LN(C7) -> 0.20230282 | M7: =LN(D7) -> 0.18412999 | N7: =LN(E7) -> 0.17361115 | O7: =LN(F7) -> 0.16584607 | P7: =LN(G7) -> 0.15995577 | Q7: =LN(H7) -> 0.15608794 | R7: =LN(I7) -> 0.15351312 | S7: =LN(J7) -> 0.15242691 | T7: {=LINEST(K7:S7,$K$2:$S$2)} -> -0.040006621 | U7: 0.32557462 | V7: =EXP(U7) -> 1.3848262 | W7: =RSQ(K7:S7,$K$2:$S$2) -> 0.97218112 | X7: {=LINEST(B7:J7,$K$2:$S$2)} -> -0.04851354 | Y7: 1.3742641 | Z7: =RSQ(B7:J7,$K$2:$S$2) -> 0.96801787 | AA7: =RSQ(K7:S7,$B$2:$J$2) -> 0.7966502 | AB7: =RSQ(B7:J7,$B$2:$J$2) -> 0.78703648
A8: Charlotte | B8: 1.3548292 | C8: 1.2718269 | D8: 1.2406031 | E8: 1.225998 | F8: 1.2193397 | G8: 1.2204535 | H8: 1.218991 | I8: 1.2188103 | J8: 1.2184606 | K8: =LN(B8) -> 0.3036754 | L8: =LN(C8) -> 0.24045435 | M8: =LN(D8) -> 0.2155976 | N8: =LN(E8) -> 0.20375523 | O8: =LN(F8) -> 0.19830952 | P8: =LN(G8) -> 0.19922255 | Q8: =LN(H8) -> 0.19802347 | R8: =LN(I8) -> 0.1978752 | S8: =LN(J8) -> 0.19758827 | T8: {=LINEST(K8:S8,$K$2:$S$2)} -> -0.045198213 | U8: 0.38553065 | V8: =EXP(U8) -> 1.4703944 | W8: =RSQ(K8:S8,$K$2:$S$2) -> 0.84481711 | X8: {=LINEST(B8:J8,$K$2:$S$2)} -> -0.05773004 | Y8: 1.4583019 | Z8: =RSQ(B8:J8,$K$2:$S$2) -> 0.83784177 | AA8: =RSQ(K8:S8,$B$2:$J$2) -> 0.58318462 | AB8: =RSQ(B8:J8,$B$2:$J$2) -> 0.57447404
A9: Chicago | B9: 1.3236002 | C9: 1.2622043 | D9: 1.2370142 | E9: 1.2158976 | F9: 1.201806 | G9: 1.1904326 | H9: 1.1823959 | I9: 1.1765397 | J9: 1.1715001 | K9: =LN(B9) -> 0.28035547 | L9: =LN(C9) -> 0.23285966 | M9: =LN(D9) -> 0.21270058 | N9: =LN(E9) -> 0.1954826 | O9: =LN(F9) -> 0.18382545 | P9: =LN(G9) -> 0.17431678 | Q9: =LN(H9) -> 0.16754277 | R9: =LN(I9) -> 0.16257771 | S9: =LN(J9) -> 0.1582851 | T9: {=LINEST(K9:S9,$K$2:$S$2)} -> -0.055240017 | U9: 0.40220809 | V9: =EXP(U9) -> 1.4951224 | W9: =RSQ(K9:S9,$K$2:$S$2) -> 0.99288486 | X9: {=LINEST(B9:J9,$K$2:$S$2)} -> -0.068534319 | Y9: 1.4732234 | Z9: =RSQ(B9:J9,$K$2:$S$2) -> 0.98965973 | AA9: =RSQ(K9:S9,$B$2:$J$2) -> 0.86099053 | AB9: =RSQ(B9:J9,$B$2:$J$2) -> 0.84866721
A10: Cincinnati | B10: 1.4101242 | C10: 1.3346636 | D10: 1.300655 | E10: 1.2806447 | F10: 1.271905 | G10: 1.2662935 | H10: 1.2682519 | I10: 1.2721393 | J10: 1.2779856 | K10: =LN(B10) -> 0.34367782 | L10: =LN(C10) -> 0.28867925 | M10: =LN(D10) -> 0.26286798 | N10: =LN(E10) -> 0.24736364 | O10: =LN(F10) -> 0.24051574 | P10: =LN(G10) -> 0.23609411 | Q10: =LN(H10) -> 0.2376395 | R10: =LN(I10) -> 0.24069999 | S10: =LN(J10) -> 0.24528507 | T10: {=LINEST(K10:S10,$K$2:$S$2)} -> -0.045587402 | U10: 0.43012722 | V10: =EXP(U10) -> 1.5374531 | W10: =RSQ(K10:S10,$K$2:$S$2) -> 0.85739761 | X10: {=LINEST(B10:J10,$K$2:$S$2)} -> -0.06067604 | Y10: 1.5240925 | Z10: =RSQ(B10:J10,$K$2:$S$2) -> 0.85290351 | AA10: =RSQ(K10:S10,$B$2:$J$2) -> 0.59658431 | AB10: =RSQ(B10:J10,$B$2:$J$2) -> 0.59005892
A11: Cleveland | B11: 1.2785144 | C11: 1.2210242 | D11: 1.1941029 | E11: 1.1762375 | F11: 1.165785 | G11: 1.1590297 | H11: 1.1538474 | I11: 1.1513174 | J11: 1.1498565 | K11: =LN(B11) -> 0.2456988 | L11: =LN(C11) -> 0.19969004 | M11: =LN(D11) -> 0.17739521 | N11: =LN(E11) -> 0.16232082 | O11: =LN(F11) -> 0.15339471 | P11: =LN(G11) -> 0.14758316 | Q11: =LN(H11) -> 0.1431019 | R11: =LN(I11) -> 0.14090688 | S11: =LN(J11) -> 0.13963715 | T11: {=LINEST(K11:S11,$K$2:$S$2)} -> -0.048215742 | U11: 0.34735177 | V11: =EXP(U11) -> 1.4153145 | W11: =RSQ(K11:S11,$K$2:$S$2) -> 0.96699484 | X11: {=LINEST(B11:J11,$K$2:$S$2)} -> -0.058175786 | Y11: 1.4000071 | Z11: =RSQ(B11:J11,$K$2:$S$2) -> 0.96201932 | AA11: =RSQ(K11:S11,$B$2:$J$2) -> 0.78350554 | AB11: =RSQ(B11:J11,$B$2:$J$2) -> 0.77244646
A12: Columbus | B12: 1.3249637 | C12: 1.2479549 | D12: 1.2132024 | E12: 1.1959405 | F12: 1.1849892 | G12: 1.1775894 | H12: 1.1724941 | I12: 1.1687762 | J12: 1.1666681 | K12: =LN(B12) -> 0.28138508 | L12: =LN(C12) -> 0.22150614 | M12: =LN(D12) -> 0.19326351 | N12: =LN(E12) -> 0.17893289 | O12: =LN(F12) -> 0.16973365 | P12: =LN(G12) -> 0.1634695 | Q12: =LN(H12) -> 0.15913318 | R12: =LN(I12) -> 0.15595721 | S12: =LN(J12) -> 0.15415189 | T12: {=LINEST(K12:S12,$K$2:$S$2)} -> -0.056421267 | U12: 0.39656236 | V12: =EXP(U12) -> 1.4867052 | W12: =RSQ(K12:S12,$K$2:$S$2) -> 0.94980598 | X12: {=LINEST(B12:J12,$K$2:$S$2)} -> -0.069750288 | Y12: 1.4656626 | Z12: =RSQ(B12:J12,$K$2:$S$2) -> 0.94224958 | AA12: =RSQ(K12:S12,$B$2:$J$2) -> 0.74855196 | AB12: =RSQ(B12:J12,$B$2:$J$2) -> 0.73457725
A13: Dallas-Fort Worth | B13: 1.3824701 | C13: 1.3241222 | D13: 1.2867507 | E13: 1.2625861 | F13: 1.2464303 | G13: 1.2313593 | H13: 1.2194441 | I13: 1.2096246 | J13: 1.201506 | K13: =LN(B13) -> 0.32387184 | L13: =LN(C13) -> 0.28074976 | M13: =LN(D13) -> 0.25212022 | N13: =LN(E13) -> 0.23316205 | O13: =LN(F13) -> 0.22028367 | P13: =LN(G13) -> 0.20811871 | Q13: =LN(H13) -> 0.19839508 | R13: =LN(I13) -> 0.19031008 | S13: =LN(J13) -> 0.1835758 | T13: {=LINEST(K13:S13,$K$2:$S$2)} -> -0.064344578 | U13: 0.47197169 | V13: =EXP(U13) -> 1.603152 | W13: =RSQ(K13:S13,$K$2:$S$2) -> 0.99958714 | X13: {=LINEST(B13:J13,$K$2:$S$2)} -> -0.082752458 | Y13: 1.570953 | Z13: =RSQ(B13:J13,$K$2:$S$2) -> 0.99880088 | AA13: =RSQ(K13:S13,$B$2:$J$2) -> 0.90538449 | AB13: =RSQ(B13:J13,$B$2:$J$2) -> 0.89322531
A14: Denver | B14: 1.3957009 | C14: 1.3823838 | D14: 1.3693023 | E14: 1.3585033 | F14: 1.3458448 | G14: 1.3385278 | H14: 1.3325881 | I14: 1.3292653 | J14: 1.3276511 | K14: =LN(B14) -> 0.33339671 | L14: =LN(C14) -> 0.32380941 | M14: =LN(D14) -> 0.31430137 | N14: =LN(E14) -> 0.30638356 | O14: =LN(F14) -> 0.29702194 | P14: =LN(G14) -> 0.29157032 | Q14: =LN(H14) -> 0.28712297 | R14: =LN(I14) -> 0.28462641 | S14: =LN(J14) -> 0.28341127 | T14: {=LINEST(K14:S14,$K$2:$S$2)} -> -0.024909855 | U14: 0.39519435 | V14: =EXP(U14) -> 1.4846727 | W14: =RSQ(K14:S14,$K$2:$S$2) -> 0.97543747 | X14: {=LINEST(B14:J14,$K$2:$S$2)} -> -0.033887056 | Y14: 1.4795371 | Z14: =RSQ(B14:J14,$K$2:$S$2) -> 0.97686433 | AA14: =RSQ(K14:S14,$B$2:$J$2) -> 0.94645902 | AB14: =RSQ(B14:J14,$B$2:$J$2) -> 0.94406381
... A53: Washington | B53: 1.4280756 | C53: 1.3586073 | D53: 1.3128038 | E53: 1.2903553 | F53: 1.2769937 | G53: 1.2719084 | H53: 1.2676619 | I53: 1.264491 | J53: 1.2618165 | K53: =LN(B53) -> 0.35632779 | L53: =LN(C53) -> 0.30646011 | M53: =LN(D53) -> 0.27216517 | N53: =LN(E53) -> 0.2549176 | O53: =LN(F53) -> 0.24450863 | P53: =LN(G53) -> 0.24051845 | Q53: =LN(H53) -> 0.23717418 | R53: =LN(I53) -> 0.23466969 | S53: =LN(J53) -> 0.23255232 | T53: {=LINEST(K53:S53,$K$2:$S$2)} -> -0.056686157 | U53: 0.47552252 | V53: =EXP(U53) -> 1.6088546 | W53: =RSQ(K53:S53,$K$2:$S$2) -> 0.95160042 | X53: {=LINEST(B53:J53,$K$2:$S$2)} -> -0.075684882 | Y53: 1.5855618 | Z53: =RSQ(B53:J53,$K$2:$S$2) -> 0.94605011 | AA53: =RSQ(K53:S53,$B$2:$J$2) -> 0.75345986 | AB53: =RSQ(B53:J53,$B$2:$J$2) -> 0.74182859
V54: Mean rsq | W54: =AVERAGE(W3:W53) -> 0.8815789 | Z54: =AVERAGE(Z3:Z53) -> 0.87919987 | AA54: =AVERAGE(AA3:AA53) -> 0.74034379 | AB54: =AVERAGE(AB3:AB53) -> 0.73293039

Sheet Complete2011
B2: Urban Area | C2: Population | E2: Population | G2: Peak Period | H2: Commuters | I2: Freeway | K2: Arterial Street | M2: Public Transportation | O2: Cost Components | S2: Congested | T2: Congested | U2: Number of Rush | V2: Annual Excess Fuel Consumed | Z2: Annual Hours of Delay | AD2: Travel Time Index | AF2: Commuter Stress Index | AH2: Freeway Planning Time Index | AL2: Excess CO2 Due to Congestion | AP2: Truck | AQ2: Truck | AR2: Annual Congestion Cost | AV2: Annual Effects of Operations Treatments | AY2: Condition if Public Transportation Service were Discontinued | BB2: Roadway
C3: Group | D3: Year | E3: (000) | F3: Rank | G3: Travelers | H3: (000) | I3: Daily Vehicle- | J3: Lane-miles | K3: Daily Vehicle- | L3: Lane-miles | M3: Annual | N3: Annual Unlinked | O3: Value of Time | P3: Commercial | Q3: Average State | R3: Average State | S3: Travel | T3: System | U3: Hours (time when | V3: Total Gallons | X3: Gallons per | Z3: Total Delay | AB3: per Auto | AH3: 95th Percentile | AJ3: 80th Percentile | AL3: Congested CO2 | AN3: CO2 per Peak | AP3: Congestion | AQ3: Commodity | AR3: Total Dollars | AT3: per Auto | AV3: Delay Reduction | AW3: Delay Reduction | AX3: Congestion Cost | AY3: Annual Delay | AZ3: Annual Delay | BA3: Annual Congestion | BB3: Congestion
G4: (000) | I4: Miles of Travel | K4: Miles of Travel | M4: Passenger-miles | N4: Passenger Trips | O4: ($/hour) | P4: Value of Time | Q4: Gasoline Cost | R4: Diesel Cost | S4: (% of Peak VMT) | T4: (% of lane-miles) | U4: system may be | V4: (000) | W4: Rank | X4: Auto Commuter | Y4: Rank | Z4: (000) | AA4: Rank | AB4: Commuter | AC4: Rank | AD4: Value | AE4: Rank | AF4: Value | AG4: Rank | AH4: Value | AI4: Rank | AJ4: Value | AK4: Rank | AL4: Pounds (million) | AM4: Rank | AN4: Auto Commuter | AP4: Cost ($mil) | AQ4: Value ($mil) | AR4: (million) | AS4: Rank | AT4: Commuter ($) | AU4: Rank | AV4: (1000 hours) | AW4: per Auto Commuter | AX4: Savings ($million) | AY4: Increase | AZ4: Increase per Auto | BA4: Cost Increase | BB4: Index
A5: LEFT | I5: (000) | K5: (000) | M5: (million) | N5: (million) | P5: ($/hour) | Q5: ($/gallon) | R5: ($/gallon) | U5: congested) | AN5: (pounds) | AO5: Rank | AW5: (hours) | AY5: (1000 hours) | AZ5: Commuter (hours) | BA5: ($million)
A8: =LEFT(B8,5) -> All 4 | B8: All 498 Area Average | C8: 498 | D8: 2011 | E8: 452.01406 | G8: 248.83333 | H8: 223.83735 | I8: 3724.0462 | J8: 266.56627 | K8: 4022.9418 | L8: 831.47791 | M8: 112.5 | N8: 22 | O8: 16.79 | P8: 86.81 | Q8: 3.4 | R8: 3.75 | S8: 55 | T8: 43 | U8: 4.25 | V8: 5791.5361 | X8: 19 | Z8: 11084.749 | AB8: 38 | AD8: 1.18 | AF8: 1.29 | AH8: 3.09 | AJ8: 1.65 | AL8: 113.24498 | AN8: 380 | AP8: 54.299197 | AQ8: 15000 | AR8: 243.3494 | AT8: 818 | AV8: 751.50602 | AW8: 3 | AX8: 17.036145 | AY8: 1736.9478 | AZ8: 6 | BA8: 41.767068 | BB8: 0.99
A9: =LEFT(B9,5) -> 101 A | B9: 101 Area Average | C9: 101 | D9: 2011 | E9: 1717.7525 | G9: 943.72277 | H9: 839.37624 | I9: 15677.782 | J9: 1050.1485 | K9: 14739.099 | L9: 2876.4455 | M9: 511.40891 | N9: 95.787129 | O9: 16.79 | P9: 86.81 | Q9: 3.4077021 | R9: 3.7686429 | S9: 62.828039 | T9: 49.519402 | U9: 4.869199 | V9: 22021.475 | X9: 20.181172 | Z9: 47254.564 | AB9: 43.305568 | AD9: 1.2290801 | AF9: 1.3321282 | AH9: 3.54 | AJ9: 1.8209917 | AL9: 426.16832 | AN9: 384.53589 | AP9: 222.43564 | AQ9: 59690.505 | AR9: 1023.8119 | AT9: 921.63448 | AV9: 3342.2772 | AW9: 3.3182152 | AX9: 72.226733 | AY9: 8305.5347 | AZ9: 8.2457408 | BA9: 180.56535 | BB9: 1.06
A10: =LEFT(B10,5) -> Very | B10: Very Large Area Average | C10: Vlg | D10: 2011 | E10: 6158.7333 | G10: 3309.3333 | H10: 2816.8 | I10: 55317.733 | J10: 3175.6 | K10: 50187.467 | L10: 9329.2667 | M10: 2880.1733 | N10: 531.79333 | O10: 16.79 | P10: 86.81 | Q10: 3.4537583 | R10: 3.8203285 | S10: 76.966679 | T10: 56.903758 | U10: 6.0044821 | V10: 90936.267 | X10: 23.83349 | Z10: 195831.13 | AB10: 52.478889 | AD10: 1.267368 | AF10: 1.3196873 | AH10: 4.08 | AJ10: 2.03 | AL10: 1747.2667 | AN10: 464.15538 | AP10: 932.86667 | AQ10: 208893.13 | AR10: 4254.0667 | AT10: 1127.7293 | AV10: 16473.067 | AW10: 4.8734577 | AX10: 356.32667 | AY10: 49464.8 | AZ10: 14.633863 | BA10: 1076.54 | BB10: 1.2
A11: =LEFT(B11,5) -> Large | B11: Large Area Average | C11: Lrg | D11: 2011 | E11: 1609.25 | G11: 909.84375 | H11: 843.8125 | I11: 15487.344 | J11: 1125.0312 | K11: 14205.469 | L11: 2785.3438 | M11: 200.22812 | N11: 40.21875 | O11: 16.79 | P11: 86.81 | Q11: 3.3528806 | R11: 3.7020768 | S11: 55.368237 | T11: 46.073952 | U11: 4.2699741 | V11: 18265 | X11: 16.650618 | Z11: 39747 | AB11: 37.233897 | AD11: 1.2000212 | AF11: 1.2503501 | AH11: 3.12 | AJ11: 1.66 | AL11: 359.4375 | AN11: 328.66804 | AP11: 181.59375 | AQ11: 63077 | AR11: 855.875 | AT11: 780.22711 | AV11: 2193.9375 | AW11: 2.1666914 | AX11: 47.065625 | AY11: 2524.0312 | AZ11: 2.4926857 | BA11: 54.3 | BB11: 0.99
A12: =LEFT(B12,5) -> Mediu | B12: Medium Area Average | C12: Med | D12: 2011 | E12: 673.72727 | G12: 376.33333 | H12: 352.72727 | I12: 5853.6364 | J12: 498.24242 | K12: 6394.0606 | L12: 1385.4242 | M12: 48.418182 | N12: 9.7636364 | O12: 16.79 | P12: 86.81 | Q12: 3.3822164 | R12: 3.7491621 | S12: 36.917078 | T12: 34.863871 | U12: 2.9116797 | V12: 6633.697 | X12: 14.466825 | Z12: 13516.273 | AB12: 29.476408 | AD12: 1.1484301 | AF12: 1.17037 | AH12: 2.66 | AJ12: 1.4653605 | AL12: 128.75758 | AN12: 277.79566 | AP12: 62.333333 | AQ12: 18665.788 | AR12: 292.9697 | AT12: 627.91092 | AV12: 491.57576 | AW12: 1.1613688 | AX12: 10.745455 | AY12: 372.18182 | AZ12: 0.87929553 | BA12: 8.0363636 | BB12: 0.86
A13: =LEFT(B13,5) -> Small | B13: Small Area Average | C13: Sml | D13: 2011 | E13: 351.57143 | G13: 197.2381 | H13: 184.90476 | I13: 3091.6667 | J13: 285.14286 | K13: 3345.619 | L13: 749.14286 | M13: 21.171429 | N13: 4.2095238 | O13: 16.79 | P13: 86.81 | Q13: 3.3300507 | R13: 3.6896846 | S13: 27.210515 | T13: 31.106049 | U13: 1.6429784 | V13: 2701.5714 | X13: 11.238931 | Z13: 5585.8571 | AB13: 23 | AD13: 1.1091542 | AF13: 1.1258868 | AH13: 2.09 | AJ13: 1.29 | AL13: 51.47619 | AN13: 209.14846 | AP13: 28.809524 | AQ13: 12424.238 | AR13: 122.85714 | AT13: 497.10363 | AV13: 192.66667 | AW13: 0.86831488 | AX13: 4.252381 | AY13: 182.66667 | AZ13: 0.82324663 | BA13: 4.1047619 | BB13: 0.81
A14: =LEFT(B14,5) -> Akron | B14: Akron OH | C14: Med | D14: 2011 | E14: 619 | F14: 66 | G14: 346 | H14: 324 | I14: 5729 | J14: 487 | K14: 4704 | L14: 1204 | M14: 26.7 | N14: 6.9 | O14: 16.79 | P14: 86.81 | Q14: 3.25 | R14: 3.69 | S14: 20 | T14: 19 | U14: 2.5 | V14: 4147 | W14: 77 | X14: 10 | Y14: 86 | Z14: 9789 | AA14: 76 | AB14: 23 | AC14: 83 | AD14: 1.12 | AE14: 74 | AF14: 1.13 | AG14: 81 | AH14: 2.23 | AI14: 71 | AJ14: 1.33 | AK14: 68 | AL14: 83 | AM14: 76 | AN14: 195 | AO14: 85 | AP14: 44 | AQ14: 9983 | AR14: 209 | AS14: 76 | AT14: 483 | AU14: 85 | AV14: 68 | AW14: 0 | AX14: 1.4 | AY14: 226 | AZ14: 1 | BA14: 4.8 | BB14: 0.83
A15: =LEFT(B15,5) -> Alban | B15: Albany NY | C15: Med | D15: 2011 | E15: 616 | F15: 67 | G15: 344 | H15: 323 | I15: 7173 | J15: 755 | K15: 5501 | L15: 1162 | M15: 47.7 | N15: 14.4 | O15: 16.79 | P15: 86.81 | Q15: 3.65 | R15: 3.99 | S15: 26 | T15: 32 | U15: 2.5 | V15: 8032 | W15: 56 | X15: 19 | Y15: 24 | Z15: 13092 | AA15: 62 | AB15: 31 | AC15: 50 | AD15: 1.16 | AE15: 51 | AF15: 1.21 | AG15: 45 | AH15: 2.57 | AI15: 60 | AJ15: 1.4 | AK15: 63 | AL15: 162 | AM15: 56 | AN15: 379 | AO15: 28 | AP15: 64 | AQ15: 33017 | AR15: 293 | AS15: 60 | AT15: 682 | AU15: 48 | AV15: 369 | AW15: 1 | AX15: 8.3 | AY15: 567 | AZ15: 2 | BA15: 12.7 | BB15: 0.74
A16: =LEFT(B16,5) -> Albuq | B16: Albuquerque NM | C16: Med | D16: 2011 | E16: 630 | F16: 64 | G16: 352 | H16: 330 | I16: 5469 | J16: 393 | K16: 7627 | L16: 1603 | M16: 105 | N16: 13.9 | O16: 16.79 | P16: 86.81 | Q16: 3.31 | R16: 3.69 | S16: 39 | T16: 33 | U16: 2.5 | V16: 6408 | W16: 62 | X16: 15 | Y16: 48 | Z16: 12488 | AA16: 63 | AB16: 29 | AC16: 60 | AD16: 1.1 | AE16: 87 | AF16: 1.12 | AG16: 89 | AH16: 2.7 | AI16: 54 | AJ16: 1.52 | AK16: 48 | AL16: 74 | AM16: 79 | AN16: 170 | AO16: 90 | AP16: 82 | AQ16: 14125 | AR16: 288 | AS16: 62 | AT16: 658 | AU16: 53 | AV16: 841 | AW16: 3 | AX16: 19.4 | AY16: 252 | AZ16: 1 | BA16: 5.8 | BB16: 0.98
A17: =LEFT(B17,5) -> Allen | B17: Allentown-Bethlehem PA-NJ | C17: Med | D17: 2011 | E17: 635 | F17: 63 | G17: 355 | H17: 333 | I17: 5096 | J17: 448 | K17: 5399 | L17: 969 | M17: 27.3 | N17: 6 | O17: 16.79 | P17: 86.81 | Q17: 3.41 | R17: 3.79 | S17: 38 | T17: 42 | U17: 2.5 | V17: 6339 | W17: 64 | X17: 14 | Y17: 57 | Z17: 13247 | AA17: 60 | AB17: 30 | AC17: 53 | AD17: 1.17 | AE17: 47 | AF17: 1.21 | AG17: 45 | AH17: 2.61 | AI17: 58 | AJ17: 1.39 | AK17: 64 | AL17: 128 | AM17: 62 | AN17: 289 | AO17: 54 | AP17: 69 | AQ17: 16118 | AR17: 292 | AS17: 61 | AT17: 656 | AU17: 54 | AV17: 318 | AW17: 1 | AX17: 7 | AY17: 344 | AZ17: 1 | BA17: 7.6 | BB17: 0.9
A18: =LEFT(B18,5) -> Ancho | B18: Anchorage AK | C18: Sml | D18: 2011 | E18: 307 | F18: 95 | G18: 172 | H18: 161 | I18: 1380 | J18: 190 | K18: 1992 | L18: 386 | M18: 32.3 | N18: 4.7 | O18: 16.79 | P18: 86.81 | Q18: 3.8 | R18: 4.17 | S18: 17 | T18: 26 | U18: 1.5 | V18: 1770 | W18: 95 | X18: 8 | Y18: 91 | Z18: 3627 | AA18: 96 | AB18: 17 | AC18: 93 | AD18: 1.18 | AE18: 37 | AF18: 1.23 | AG18: 32 | AH18: 2.93 | AI18: 46 | AJ18: 1.79 | AK18: 21 | AL18: 31 | AM18: 93 | AN18: 144 | AO18: 93 | AP18: 16 | AQ18: 4507 | AR18: 78 | AS18: 96 | AT18: 367 | AU18: 93 | AV18: 101 | AW18: 1 | AX18: 2.2 | AY18: 258 | AZ18: 2 | BA18: 5.5 | BB18: 0.69
A19: =LEFT(B19,5) -> Atlan | B19: Atlanta GA | C19: Vlg | D19: 2011 | E19: 4360 | F19: 8 | G19: 2372 | H19: 2135 | I19: 49501 | J19: 2970 | K19: 43201 | L19: 7586 | M19: 896.1 | N19: 146.4 | O19: 16.79 | P19: 86.81 | Q19: 3.2 | R19: 3.64 | S19: 78 | T19: 59 | U19: 5 | V19: 63521 | W19: 11 | X19: 23 | Y19: 12 | Z19: 142041 | AA19: 10 | AB19: 51 | AC19: 7 | AD19: 1.24 | AE19: 17 | AF19: 1.33 | AG19: 13 | AH19: 3.71 | AI19: 19 | AJ19: 1.79 | AK19: 21 | AL19: 1284 | AM19: 11 | AN19: 462 | AO19: 11 | AP19: 775 | AQ19: 191563 | AR19: 3135 | AS19: 9 | AT19: 1120 | AU19: 7 | AV19: 6863 | AW19: 3 | AX19: 151.5 | AY19: 10520 | AZ19: 5 | BA19: 232.2 | BB19: 1.18
A20: =LEFT(B20,5) -> Austi | B20: Austin TX | C20: Lrg | D20: 2011 | E20: 1345 | F20: 35 | G20: 767 | H20: 712 | I20: 12650 | J20: 953 | K20: 11004 | L20: 2052 | M20: 154.9 | N20: 33.9 | O20: 16.79 | P20: 86.81 | Q20: 3.29 | R20: 3.56 | S20: 61 | T20: 49 | U20: 5.75 | V20: 17075 | W20: 32 | X20: 20 | Y20: 19 | Z20: 38307 | AA20: 32 | AB20: 44 | AC20: 17 | AD20: 1.32 | AE20: 4 | AF20: 1.38 | AG20: 5 | AH20: 4.26 | AI20: 6 | AJ20: 2.15 | AK20: 4 | AL20: 343 | AM20: 30 | AN20: 398 | AO20: 23 | AP20: 157 | AQ20: 33256 | AR20: 810 | AS20: 33 | AT20: 930 | AU20: 18 | AV20: 1902 | AW20: 3 | AX20: 40.2 | AY20: 2395 | AZ20: 3 | BA20: 50.6 | BB20: 0.98
A21: =LEFT(B21,5) -> Baker | B21: Bakersfield CA | C21: Med | D21: 2011 | E21: 544 | F21: 76 | G21: 304 | H21: 285 | I21: 2173 | J21: 199 | K21: 4481 | L21: 1061 | M21: 26.6 | N21: 7.1 | O21: 16.79 | P21: 86.81 | Q21: 3.51 | R21: 4.02 | S21: 34 | T21: 30 | U21: 2.5 | V21: 2240 | W21: 92 | X21: 6 | Y21: 97 | Z21: 4752 | AA21: 91 | AB21: 12 | AC21: 100 | AD21: 1.11 | AE21: 79 | AF21: 1.13 | AG21: 81 | AH21: 2.28 | AI21: 70 | AJ21: 1.33 | AK21: 68 | AL21: 45 | AM21: 89 | AN21: 118 | AO21: 95 | AP21: 41 | AQ21: 10995 | AR21: 117 | AS21: 91 | AT21: 298 | AU21: 98 | AV21: 187 | AW21: 1 | AX21: 4.6 | AY21: 238 | AZ21: 1 | BA21: 5.9 | BB21: 0.81
A22: =LEFT(B22,5) -> Balti | B22: Baltimore MD | C22: Lrg | D22: 2011 | E22: 2523 | F22: 17 | G22: 1438 | H22: 1336 | I22: 26805 | J22: 1561 | K22: 18338 | L22: 3252 | M22: 754.8 | N22: 118.1 | O22: 16.79 | P22: 86.81 | Q22: 3.41 | R22: 3.66 | S22: 77 | T22: 58 | U22: 4.25 | V22: 33060 | W22: 16 | X22: 19 | Y22: 24 | Z22: 70263 | AA22: 17 | AB22: 41 | AC22: 23 | AD22: 1.23 | AE22: 20 | AF22: 1.29 | AG22: 18 | AH22: 3.81 | AI22: 15 | AJ22: 1.88 | AK22: 16 | AL22: 667 | AM22: 16 | AN22: 392 | AO22: 25 | AP22: 379 | AQ22: 96445 | AR22: 1557 | AS22: 16 | AT22: 908 | AU22: 22 | AV22: 3742 | AW22: 3 | AX22: 82.9 | AY22: 11219 | AZ22: 8 | BA22: 248.6 | BB22: 1.21
A23: =LEFT(B23,5) -> Baton | B23: Baton Rouge LA | C23: Med | D23: 2011 | E23: 610 | F23: 70 | G23: 341 | H23: 320 | I23: 4858 | J23: 283 | K23: 8012 | L23: 1457 | M23: 15.8 | N23: 3.6 | O23: 16.79 | P23: 86.81 | Q23: 3.28 | R23: 3.56 | S23: 44 | T23: 39 | U23: 5 | V23: 10201 | W23: 51 | X23: 26 | Y23: 4 | Z23: 17122 | AA23: 55 | AB23: 42 | AC23: 21 | AD23: 1.22 | AE23: 23 | AF23: 1.26 | AG23: 28 | AH23: 3.74 | AI23: 17 | AJ23: 1.87 | AK23: 18 | AL23: 210 | AM23: 49 | AN23: 526 | AO23: 3 | AP23: 148 | AQ23: 32671 | AR23: 424 | AS23: 53 | AT23: 1052 | AU23: 9 | AV23: 1024 | AW23: 3 | AX23: 25.3 | AY23: 165 | AZ23: 1 | BA23: 4.1 | BB23: 1.18
A24: =LEFT(B24,5) -> Beaum | B24: Beaumont TX | C24: Sml | D24: 2011 | E24: 243 | F24: 98 | G24: 136 | H24: 128 | I24: 2985 | J24: 254 | K24: 3266 | L24: 1011 | M24: 3.9 | N24: 0.7 | O24: 16.79 | P24: 86.81 | Q24: 3.29 | R24: 3.56 | S24: 15 | T24: 15 | U24: 1.5 | V24: 2089 | W24: 94 | X24: 12 | Y24: 69 | Z24: 4205 | AA24: 93 | AB24: 25 | AC24: 75 | AD24: 1.1 | AE24: 87 | AF24: 1.13 | AG24: 81 | AH24: 1.9 | AI24: 89 | AJ24: 1.22 | AK24: 90 | AL24: 42 | AM24: 90 | AN24: 248 | AO24: 67 | AP24: 19 | AQ24: 20767 | AR24: 91 | AS24: 93 | AT24: 531 | AU24: 76 | AV24: 99 | AW24: 1 | AX24: 2.1 | AY24: 40 | AZ24: 0 | BA24: 0.9 | BB24: 0.79
A25: =LEFT(B25,5) -> Birmi | B25: Birmingham AL | C25: Med | D25: 2011 | E25: 861 | F25: 52 | G25: 481 | H25: 451 | I25: 10184 | J25: 810 | K25: 7969 | L25: 1593 | M25: 19.2 | N25: 2.7 | O25: 16.79 | P25: 86.81 | Q25: 3.12 | R25: 3.59 | S25: 45 | T25: 39 | U25: 3.25 | V25: 10304 | W25: 49 | X25: 18 | Y25: 30 | Z25: 20903 | AA25: 49 | AB25: 35 | AC25: 40 | AD25: 1.19 | AE25: 35 | AF25: 1.23 | AG25: 32 | AH25: 2.97 | AI25: 44 | AJ25: 1.52 | AK25: 48 | AL25: 208 | AM25: 50 | AN25: 356 | AO25: 36 | AP25: 107 | AQ25: 38716 | AR25: 458 | AS25: 49 | AT25: 773 | AU25: 42 | AV25: 983 | AW25: 2 | AX25: 21.5 | AY25: 261 | AZ25: 1 | BA25: 5.7 | BB25: 0.92
... A27: =LEFT(B27,5) -> Bosto | B27: Boston MA-NH-RI | C27: Vlg | D27: 2011 | E27: 4320 | F27: 9 | G27: 2199 | H27: 1979 | I27: 42357 | J27: 2911 | K27: 34942 | L27: 7265 | M27: 1907.5 | N27: 398.6 | O27: 16.79 | P27: 86.81 | Q27: 3.49 | R27: 3.73 | S27: 56 | T27: 39 | U27: 5 | V27: 66615 | W27: 8 | X27: 26 | Y27: 4 | Z27: 136966 | AA27: 11 | AB27: 53 | AC27: 5 | AD27: 1.28 | AE27: 6 | AF27: 1.35 | AG27: 6 | AH27: 4.25 | AI27: 8 | AJ27: 2.02 | AK27: 8 | AL27: 1338 | AM27: 8 | AN27: 526 | AO27: 3 | AP27: 561 | AQ27: 129308 | AR27: 2922 | AS27: 11 | AT27: 1147 | AU27: 6 | AV27: 5827 | AW27: 3 | AX27: 124.3 | AY27: 37943 | AZ27: 19 | BA27: 809.4 | BB27: 1.02
A28: =LEFT(B28,5) -> Bould | B28: Boulder CO | C28: Sml | D28: 2011 | E28: 152 | F28: 101 | G28: 85 | H28: 80 | I28: 682 | J28: 63 | K28: 1039 | L28: 200 | O28: 16.79 | P28: 86.81 | Q28: 3.27 | R28: 3.67 | S28: 17 | T28: 22 | U28: 3 | V28: 1193 | W28: 100 | X28: 12 | Y28: 69 | Z28: 2237 | AA28: 101 | AB28: 22 | AC28: 86 | AD28: 1.18 | AE28: 37 | AF28: 1.2 | AG28: 50 | AH28: 3.68 | AI28: 20 | AJ28: 1.79 | AK28: 21 | AL28: 24 | AM28: 97 | AN28: 229 | AO28: 75 | AP28: 5 | AQ28: 825 | AR28: 45 | AS28: 101 | AT28: 436 | AU28: 88 | AV28: 50 | AW28: 1 | AX28: 1 | AY28: 116 | AZ28: 1 | BA28: 2.4 | BB28: 0.87
A29: =LEFT(B29,5) -> Bridg | B29: Bridgeport-Stamford CT-NY | C29: Med | D29: 2011 | E29: 938 | F29: 50 | G29: 524 | H29: 491 | I29: 10873 | J29: 686 | K29: 5974 | L29: 1354 | M29: 39.1 | N29: 11.6 | O29: 16.79 | P29: 86.81 | Q29: 3.59 | R29: 3.9 | S29: 59 | T29: 40 | U29: 5 | V29: 12226 | W29: 41 | X29: 19 | Y29: 24 | Z29: 26503 | AA29: 41 | AB29: 42 | AC29: 21 | AD29: 1.27 | AE29: 8 | AF29: 1.27 | AG29: 24 | AH29: 4.4 | AI29: 4 | AJ29: 2.05 | AK29: 7 | AL29: 246 | AM29: 42 | AN29: 392 | AO29: 25 | AP29: 111 | AQ29: 11199 | AR29: 566 | AS29: 42 | AT29: 902 | AU29: 24 | AV29: 1107 | AW29: 2 | AX29: 23.7 | AY29: 382 | AZ29: 1 | BA29: 8.2 | BB29: 1.09
A30: =LEFT(B30,5) -> Brown | B30: Brownsville TX | C30: Sml | D30: 2011 | E30: 214 | F30: 100 | G30: 120 | H30: 112 | I30: 842 | J30: 81 | K30: 1517 | L30: 432 | M30: 15.1 | N30: 1.8 | O30: 16.79 | P30: 86.81 | Q30: 3.29 | R30: 3.56 | S30: 17 | T30: 24 | U30: 1.5 | V30: 2292 | W30: 91 | X30: 15 | Y30: 48 | Z30: 3697 | AA30: 94 | AB30: 25 | AC30: 75 | AD30: 1.18 | AE30: 37 | AF30: 1.19 | AG30: 55 | AH30: 1.46 | AI30: 99 | AJ30: 1.18 | AK30: 94 | AL30: 46 | AM30: 88 | AN30: 308 | AO30: 46 | AP30: 23 | AQ30: 2414 | AR30: 85 | AS30: 95 | AT30: 565 | AU30: 72 | AV30: 69 | AW30: 1 | AX30: 1.6 | AY30: 316 | AZ30: 3 | BA30: 7.3 | BB30: 0.73
A31: =LEFT(B31,5) -> Buffa | B31: Buffalo NY | C31: Lrg | D31: 2011 | E31: 1048 | F31: 46 | G31: 508 | H31: 472 | I31: 6931 | J31: 815 | K31: 9604 | L31: 2380 | M31: 101.8 | N31: 30.5 | O31: 16.79 | P31: 86.81 | Q31: 3.65 | R31: 3.99 | S31: 20 | T31: 21 | U31: 4 | V31: 11611 | W31: 46 | X31: 18 | Y31: 30 | Z31: 21545 | AA31: 48 | AB31: 33 | AC31: 45 | AD31: 1.17 | AE31: 47 | AF31: 1.19 | AG31: 55 | AH31: 2.79 | AI31: 52 | AJ31: 1.48 | AK31: 52 | AL31: 234 | AM31: 46 | AN31: 357 | AO31: 35 | AP31: 102 | AQ31: 48933 | AR31: 474 | AS31: 47 | AT31: 718 | AU31: 43 | AV31: 539 | AW31: 1 | AX31: 11.9 | AY31: 1513 | AZ31: 3 | BA31: 33.3 | BB31: 0.67
A32: =LEFT(B32,5) -> Cape | B32: Cape Coral FL | C32: Sml | D32: 2011 | E32: 473 | F32: 83 | G32: 265 | H32: 249 | I32: 1793 | J32: 154 | K32: 5879 | L32: 911 | M32: 19.1 | N32: 3.5 | O32: 16.79 | P32: 86.81 | Q32: 3.24 | R32: 3.65 | S32: 43 | T32: 40 | U32: 2.25 | V32: 5118 | W32: 68 | X32: 15 | Y32: 48 | Z32: 9964 | AA32: 74 | AB32: 30 | AC32: 53 | AD32: 1.15 | AE32: 57 | AF32: 1.2 | AG32: 50 | AH32: 1.86 | AI32: 91 | AJ32: 1.13 | AK32: 98 | AL32: 103 | AM32: 67 | AN32: 302 | AO32: 49 | AP32: 53 | AQ32: 6033 | AR32: 220 | AS32: 71 | AT32: 645 | AU32: 56 | AV32: 501 | AW32: 2 | AX32: 11.1 | AY32: 173 | AZ32: 1 | BA32: 3.8 | BB32: 1.08
A33: =LEFT(B33,5) -> Charl | B33: Charleston-North Charleston SC | C33: Med | D33: 2011 | E33: 535 | F33: 77 | G33: 299 | H33: 280 | I33: 3754 | J33: 268 | K33: 6021 | L33: 858 | M33: 17.2 | N33: 4.5 | O33: 16.79 | P33: 86.81 | Q33: 3.14 | R33: 3.53 | S33: 52 | T33: 51 | U33: 4.25 | V33: 5108 | W33: 70 | X33: 14 | Y33: 57 | Z33: 10885 | AA33: 68 | AB33: 30 | AC33: 53 | AD33: 1.15 | AE33: 57 | AF33: 1.18 | AG33: 61 | AH33: 3.24 | AI33: 29 | AJ33: 1.56 | AK33: 41 | AL33: 103 | AM33: 67 | AN33: 280 | AO33: 55 | AP33: 58 | AQ33: 10677 | AR33: 240 | AS33: 68 | AT33: 647 | AU33: 55 | AV33: 354 | AW33: 1 | AX33: 7.8 | AY33: 126 | AZ33: 0 | BA33: 2.8 | BB33: 1.15
A34: =LEFT(B34,5) -> Charl | B34: Charlotte NC-SC | C34: Lrg | D34: 2011 | E34: 1070 | F34: 43 | G34: 610 | H34: 567 | I34: 12797 | J34: 978 | K34: 10066 | L34: 1686 | M34: 139.3 | N34: 26.9 | O34: 16.79 | P34: 86.81 | Q34: 3.32 | R34: 3.64 | S34: 59 | T34: 51 | U34: 4 | V34: 14599 | W34: 37 | X34: 20 | Y34: 19 | Z34: 28974 | AA34: 38 | AB34: 40 | AC34: 25 | AD34: 1.2 | AE34: 27 | AF34: 1.26 | AG34: 28 | AH34: 3.2 | AI34: 31 | AJ34: 1.61 | AK34: 39 | AL34: 296 | AM34: 36 | AN34: 412 | AO34: 19 | AP34: 168 | AQ34: 69136 | AR34: 653 | AS34: 37 | AT34: 898 | AU34: 25 | AV34: 1313 | AW34: 2 | AX34: 29.6 | AY34: 1087 | AZ34: 2 | BA34: 24.5 | BB34: 0.99
A35: =LEFT(B35,5) -> Chica | B35: Chicago IL-IN | C35: Vlg | D35: 2011 | E35: 8605 | F35: 3 | G35: 4707 | H35: 3959 | I35: 62791 | J35: 3500 | K35: 51500 | L35: 13959 | M35: 4098.9 | N35: 646.6 | O35: 16.79 | P35: 86.81 | Q35: 3.51 | R35: 3.74 | S35: 88 | T35: 70 | U35: 5.25 | V35: 127016 | W35: 3 | X35: 24 | Y35: 8 | Z35: 271718 | AA35: 3 | AB35: 51 | AC35: 7 | AD35: 1.25 | AE35: 14 | AF35: 1.31 | AG35: 16 | AH35: 3.95 | AI35: 13 | AJ35: 2.02 | AK35: 8 | AL35: 2320 | AM35: 3 | AN35: 434 | AO35: 16 | AP35: 1716 | AQ35: 362328 | AR35: 6214 | AS35: 3 | AT35: 1153 | AU35: 5 | AV35: 11710 | AW35: 3 | AX35: 267.8 | AY35: 67432 | AZ35: 17 | BA35: 1542.1 | BB35: 1.16
A36: =LEFT(B36,5) -> Cinci | B36: Cincinnati OH-KY-IN | C36: Lrg | D36: 2011 | E36: 1717 | F36: 27 | G36: 986 | H36: 887 | I36: 19370 | J36: 1358 | K36: 13323 | L36: 2890 | M36: 112 | N36: 20.7 | O36: 16.79 | P36: 86.81 | Q36: 3.25 | R36: 3.69 | S36: 47 | T36: 35 | U36: 4 | V36: 20783 | W36: 27 | X36: 18 | Y36: 30 | Z36: 42785 | AA36: 29 | AB36: 37 | AC36: 37 | AD36: 1.2 | AE36: 27 | AF36: 1.23 | AG36: 32 | AH36: 3.2 | AI36: 31 | AJ36: 1.65 | AK36: 33 | AL36: 421 | AM36: 26 | AN36: 364 | AO36: 33 | AP36: 230 | AQ36: 65182 | AR36: 947 | AS36: 27 | AT36: 814 | AU36: 33 | AV36: 1313 | AW36: 1 | AX36: 29.1 | AY36: 2305 | AZ36: 3 | BA36: 51 | BB36: 1
A37: =LEFT(B37,5) -> Cleve | B37: Cleveland OH | C37: Lrg | D37: 2011 | E37: 1700 | F37: 28 | G37: 955 | H37: 857 | I37: 18569 | J37: 1580 | K37: 12222 | L37: 3111 | M37: 195.2 | N37: 47 | O37: 16.79 | P37: 86.81 | Q37: 3.25 | R37: 3.69 | S37: 21 | T37: 21 | U37: 4 | V37: 17481 | W37: 31 | X37: 15 | Y37: 48 | Z37: 34980 | AA37: 36 | AB37: 31 | AC37: 50 | AD37: 1.16 | AE37: 51 | AF37: 1.2 | AG37: 50 | AH37: 2.49 | AI37: 63 | AJ37: 1.48 | AK37: 52 | AL37: 350 | AM37: 29 | AN37: 308 | AO37: 46 | AP37: 130 | AQ37: 68720 | AR37: 736 | AS37: 36 | AT37: 642 | AU37: 57 | AV37: 1193 | AW37: 1 | AX37: 25.1 | AY37: 3432 | AZ37: 4 | BA37: 72.3 | BB37: 0.83
A38: =LEFT(B38,5) -> Color | B38: Colorado Springs CO | C38: Med | D38: 2011 | E38: 557 | F38: 74 | G38: 311 | H38: 292 | I38: 4624 | J38: 407 | K38: 5129 | L38: 1335 | M38: 21.1 | N38: 3 | O38: 16.79 | P38: 86.81 | Q38: 3.27 | R38: 3.67 | S38: 32 | T38: 28 | U38: 3 | V38: 4128 | W38: 78 | X38: 11 | Y38: 80 | Z38: 9941 | AA38: 75 | AB38: 26 | AC38: 71 | AD38: 1.13 | AE38: 68 | AF38: 1.16 | AG38: 69 | AH38: 3.06 | AI38: 39 | AJ38: 1.47 | AK38: 55 | AL38: 83 | AM38: 76 | AN38: 214 | AO38: 81 | AP38: 36 | AQ38: 6588 | AR38: 205 | AS38: 77 | AT38: 530 | AU38: 78 | AV38: 343 | AW38: 1 | AX38: 7.1 | AY38: 325 | AZ38: 1 | BA38: 6.7 | BB38: 0.8
A39: =LEFT(B39,5) -> Colum | B39: Columbia SC | C39: Sml | D39: 2011 | E39: 490 | F39: 81 | G39: 275 | H39: 258 | I39: 6106 | J39: 495 | K39: 5174 | L39: 1054 | M39: 9.6 | N39: 1.8 | O39: 16.79 | P39: 86.81 | Q39: 3.14 | R39: 3.53 | S39: 34 | T39: 40 | U39: 1.5 | V39: 4850 | W39: 73 | X39: 14 | Y39: 57 | Z39: 10081 | AA39: 72 | AB39: 30 | AC39: 53 | AD39: 1.11 | AE39: 79 | AF39: 1.14 | AG39: 78 | AH39: 1.95 | AI39: 88 | AJ39: 1.21 | AK39: 91 | AL39: 98 | AM39: 71 | AN39: 291 | AO39: 53 | AP39: 58 | AQ39: 12552 | AR39: 225 | AS39: 69 | AT39: 663 | AU39: 52 | AV39: 184 | AW39: 1 | AX39: 4.1 | AY39: 301 | AZ39: 1 | BA39: 6.7 | BB39: 0.9
A40: =LEFT(B40,5) -> Colum | B40: Columbus OH | C40: Lrg | D40: 2011 | E40: 1289 | F40: 36 | G40: 735 | H40: 683 | I40: 16466 | J40: 1104 | K40: 10872 | L40: 2170 | M40: 72.3 | N40: 19 | O40: 16.79 | P40: 86.81 | Q40: 3.25 | R40: 3.69 | S40: 49 | T40: 36 | U40: 4 | V40: 15494 | W40: 36 | X40: 18 | Y40: 30 | Z40: 35689 | AA40: 34 | AB40: 40 | AC40: 25 | AD40: 1.18 | AE40: 37 | AF40: 1.22 | AG40: 37 | AH40: 2.86 | AI40: 50 | AJ40: 1.51 | AK40: 50 | AL40: 311 | AM40: 34 | AN40: 353 | AO40: 39 | AP40: 145 | AQ40: 70584 | AR40: 753 | AS40: 35 | AT40: 847 | AU40: 29 | AV40: 1150 | AW40: 2 | AX40: 24.3 | AY40: 755 | AZ40: 1 | BA40: 15.9 | BB40: 1.05
... A86: =LEFT(B86,5) -> Provi | B86: Providence RI-MA | C86: Lrg | D86: 2011 | E86: 1236 | F86: 37 | G86: 685 | H86: 636 | I86: 11861 | J86: 1069 | K86: 10431 | L86: 2189 | M86: 96.2 | N86: 20.2 | O86: 16.79 | P86: 86.81 | Q86: 3.53 | R86: 3.76 | S86: 33 | T86: 34 | U86: 4 | V86: 12148 | W86: 42 | X86: 15 | Y86: 48 | Z86: 24618 | AA86: 44 | AB86: 30 | AC86: 53 | AD86: 1.16 | AE86: 51 | AF86: 1.19 | AG86: 55 | AH86: 2.86 | AI86: 50 | AJ86: 1.55 | AK86: 43 | AL86: 242 | AM86: 43 | AN86: 293 | AO86: 51 | AP86: 69 | AQ86: 21863 | AR86: 503 | AS86: 44 | AT86: 611 | AU86: 62 | AV86: 513 | AW86: 1 | AX86: 10.5 | AY86: 1184 | AZ86: 2 | BA86: 24.2 | BB86: 0.83
A87: =LEFT(B87,5) -> Provo | B87: Provo-Orem UT | C87: Sml | D87: 2011 | E87: 479 | F87: 82 | G87: 269 | H87: 252 | I87: 4031 | J87: 292 | K87: 3141 | L87: 706 | O87: 16.79 | P87: 86.81 | Q87: 3.33 | R87: 3.69 | S87: 32 | T87: 35 | U87: 1.5 | V87: 3459 | W87: 81 | X87: 10 | Y87: 86 | Z87: 8312 | AA87: 79 | AB87: 25 | AC87: 75 | AD87: 1.14 | AE87: 61 | AF87: 1.15 | AG87: 73 | AH87: 4.39 | AI87: 5 | AJ87: 1.54 | AK87: 44 | AL87: 69 | AM87: 81 | AN87: 208 | AO87: 83 | AP87: 30 | AQ87: 12905 | AR87: 172 | AS87: 80 | AT87: 514 | AU87: 80 | AV87: 369 | AW87: 1 | AX87: 7.7 | AY87: 80 | AZ87: 0 | BA87: 1.7 | BB87: 0.97
A88: =LEFT(B88,5) -> Ralei | B88: Raleigh-Durham NC | C88: Lrg | D88: 2011 | E88: 1142 | F88: 40 | G88: 651 | H88: 605 | I88: 12738 | J88: 1000 | K88: 12427 | L88: 2216 | M88: 100.4 | N88: 24.4 | O88: 16.79 | P88: 86.81 | Q88: 3.32 | R88: 3.64 | S88: 50 | T88: 52 | U88: 4 | V88: 8407 | W88: 55 | X88: 11 | Y88: 80 | Z88: 17923 | AA88: 54 | AB88: 23 | AC88: 83 | AD88: 1.14 | AE88: 61 | AF88: 1.21 | AG88: 45 | AH88: 2.34 | AI88: 68 | AJ88: 1.33 | AK88: 68 | AL88: 170 | AM88: 55 | AN88: 217 | AO88: 77 | AP88: 96 | AQ88: 50194 | AR88: 396 | AS88: 55 | AT88: 502 | AU88: 82 | AV88: 742 | AW88: 1 | AX88: 16.4 | AY88: 638 | AZ88: 1 | BA88: 14.1 | BB88: 0.96
A89: =LEFT(B89,5) -> Richm | B89: Richmond VA | C89: Med | D89: 2011 | E89: 974 | F89: 49 | G89: 544 | H89: 510 | I89: 11843 | J89: 1107 | K89: 9982 | L89: 2254 | M89: 65.8 | N89: 12.8 | O89: 16.79 | P89: 86.81 | Q89: 3.29 | R89: 3.6 | S89: 33 | T89: 36 | U89: 2.5 | V89: 7944 | W89: 57 | X89: 12 | Y89: 69 | Z89: 19499 | AA89: 51 | AB89: 29 | AC89: 60 | AD89: 1.11 | AE89: 79 | AF89: 1.14 | AG89: 78 | AH89: 2.22 | AI89: 72 | AJ89: 1.28 | AK89: 80 | AL89: 159 | AM89: 57 | AN89: 234 | AO89: 72 | AP89: 62 | AQ89: 38036 | AR89: 398 | AS89: 54 | AT89: 581 | AU89: 69 | AV89: 769 | AW89: 2 | AX89: 15.7 | AY89: 806 | AZ89: 2 | BA89: 16.5 | BB89: 0.79
A90: =LEFT(B90,5) -> River | B90: Riverside-San Bernardino CA | C90: Lrg | D90: 2011 | E90: 2025 | F90: 22 | G90: 1112 | H90: 1033 | I90: 22302 | J90: 1060 | K90: 14021 | L90: 2807 | M90: 135 | N90: 24.5 | O90: 16.79 | P90: 86.81 | Q90: 3.51 | R90: 4.02 | S90: 82 | T90: 52 | U90: 4 | V90: 21243 | W90: 26 | X90: 16 | Y90: 43 | Z90: 51195 | AA90: 21 | AB90: 38 | AC90: 30 | AD90: 1.23 | AE90: 20 | AF90: 1.23 | AG90: 32 | AH90: 3.31 | AI90: 28 | AJ90: 1.81 | AK90: 20 | AL90: 339 | AM90: 32 | AN90: 257 | AO90: 60 | AP90: 310 | AQ90: 109604 | AR90: 1152 | AS90: 20 | AT90: 854 | AU90: 28 | AV90: 4554 | AW90: 4 | AX90: 102.5 | AY90: 1428 | AZ90: 1 | BA90: 32.1 | BB90: 1.41
A91: =LEFT(B91,5) -> Roche | B91: Rochester NY | C91: Med | D91: 2011 | E91: 749 | F91: 53 | G91: 419 | H91: 392 | I91: 6302 | J91: 600 | K91: 6588 | L91: 1572 | M91: 64.9 | N91: 17.6 | O91: 16.79 | P91: 86.81 | Q91: 3.65 | R91: 3.99 | S91: 17 | T91: 18 | U91: 2.5 | V91: 6719 | W91: 60 | X91: 13 | Y91: 60 | Z91: 14850 | AA91: 58 | AB91: 28 | AC91: 63 | AD91: 1.13 | AE91: 68 | AF91: 1.17 | AG91: 63 | AH91: 1.96 | AI91: 87 | AJ91: 1.28 | AK91: 80 | AL91: 134 | AM91: 60 | AN91: 257 | AO91: 60 | AP91: 51 | AQ91: 26369 | AR91: 309 | AS91: 58 | AT91: 590 | AU91: 65 | AV91: 388 | AW91: 1 | AX91: 8 | AY91: 514 | AZ91: 1 | BA91: 10.7 | BB91: 0.77
A92: =LEFT(B92,5) -> Sacra | B92: Sacramento CA | C92: Lrg | D92: 2011 | E92: 1895 | F92: 24 | G92: 1031 | H92: 933 | I92: 15556 | J92: 835 | K92: 14377 | L92: 2421 | M92: 171.4 | N92: 31.4 | O92: 16.79 | P92: 86.81 | Q92: 3.51 | R92: 3.65 | S92: 81 | T92: 60 | U92: 4 | V92: 16384 | W92: 35 | X92: 13 | Y92: 60 | Z92: 39138 | AA92: 31 | AB92: 32 | AC92: 47 | AD92: 1.2 | AE92: 27 | AF92: 1.22 | AG92: 37 | AH92: 3.01 | AI92: 41 | AJ92: 1.68 | AK92: 30 | AL92: 254 | AM92: 39 | AN92: 207 | AO92: 84 | AP92: 172 | AQ92: 52561 | AR92: 834 | AS92: 30 | AT92: 669 | AU92: 50 | AV92: 3636 | AW92: 4 | AX92: 77.5 | AY92: 1807 | AZ92: 2 | BA92: 38.5 | BB92: 1.3
A93: =LEFT(B93,5) -> Salem | B93: Salem OR | C93: Sml | D93: 2011 | E93: 246 | F93: 97 | G93: 138 | H93: 129 | I93: 1617 | J93: 152 | K93: 2049 | L93: 425 | M93: 17.5 | N93: 4.3 | O93: 16.79 | P93: 86.81 | Q93: 3.56 | R93: 3.91 | S93: 24 | T93: 29 | U93: 1.5 | V93: 2106 | W93: 93 | X93: 12 | Y93: 69 | Z93: 4593 | AA93: 92 | AB93: 27 | AC93: 68 | AD93: 1.14 | AE93: 61 | AF93: 1.17 | AG93: 63 | AH93: 2.15 | AI93: 77 | AJ93: 1.29 | AK93: 78 | AL93: 42 | AM93: 90 | AN93: 244 | AO93: 69 | AP93: 24 | AQ93: 3889 | AR93: 101 | AS93: 92 | AT93: 580 | AU93: 70 | AV93: 106 | AW93: 1 | AX93: 2.3 | AY93: 239 | AZ93: 2 | BA93: 5.2 | BB93: 0.82
A94: =LEFT(B94,5) -> Salt | B94: Salt Lake City UT | C94: Lrg | D94: 2011 | E94: 1027 | F94: 47 | G94: 574 | H94: 538 | I94: 8444 | J94: 612 | K94: 8403 | L94: 1570 | M94: 299.6 | N94: 41.6 | O94: 16.79 | P94: 86.81 | Q94: 3.33 | R94: 3.69 | S94: 58 | T94: 54 | U94: 4 | V94: 9266 | W94: 53 | X94: 13 | Y94: 60 | Z94: 21903 | AA94: 47 | AB94: 30 | AC94: 53 | AD94: 1.14 | AE94: 61 | AF94: 1.17 | AG94: 63 | AH94: 2.02 | AI94: 84 | AJ94: 1.3 | AK94: 76 | AL94: 185 | AM94: 53 | AN94: 257 | AO94: 60 | AP94: 71 | AQ94: 56934 | AR94: 449 | AS94: 50 | AT94: 620 | AU94: 61 | AV94: 905 | AW94: 2 | AX94: 18.6 | AY94: 3877 | AZ94: 7 | BA94: 79.6 | BB94: 1.01
A95: =LEFT(B95,5) -> San A | B95: San Antonio TX | C95: Lrg | D95: 2011 | E95: 1558 | F95: 30 | G95: 888 | H95: 825 | I95: 19114 | J95: 1248 | K95: 13345 | L95: 3035 | M95: 207 | N95: 46.1 | O95: 16.79 | P95: 86.81 | Q95: 3.29 | R95: 3.56 | S95: 63 | T95: 46 | U95: 4 | V95: 16776 | W95: 33 | X95: 16 | Y95: 43 | Z95: 39998 | AA95: 30 | AB95: 38 | AC95: 30 | AD95: 1.19 | AE95: 35 | AF95: 1.26 | AG95: 28 | AH95: 2.91 | AI95: 47 | AJ95: 1.6 | AK95: 40 | AL95: 336 | AM95: 33 | AN95: 323 | AO95: 44 | AP95: 139 | AQ95: 51263 | AR95: 825 | AS95: 31 | AT95: 787 | AU95: 38 | AV95: 1450 | AW95: 2 | AX95: 29.9 | AY95: 1808 | AZ95: 2 | BA95: 37.3 | BB95: 1.05
