Workbook
Name Beta: 'Summary-2000'!$B$55

Sheet 1990
B1: Network Speed (congested) [km/h] | C1: Network Speed (freeflow) [km/h] | D1: Circuity [ ] | E1: Average Airline Speed [km/h] | F1: Airline Radius [km] | G1: Area covered in 30 mins [km2] | H1: Urbanized area density [people/km2] | I1: Urbanized Area [km2] | J1: Population | K1: Accessibility | L1: MinPA,P | M1: . | N1: Employment Density | O1: Employment | P1: Employment Accessibility | Q1: Min EA, E
A2: Area | B2: S_n | D2: C1 | E2: S_a | F2: R_a | G2: A_30 | H2: D_UA | L2: =MIN(J2,K2) -> 0 | M2: .
A3: Atlanta | B3: 60.375468 | C3: 63.997996 | D3: 1.2804196 | E3: =B3/D3 -> 47.152878 | F3: =E3*0.5 -> 23.576439 | G3: =PI()*F3^2 -> 1746.2495 | H3: =J3/I3 -> 964.67391 | I3: 2944 | J3: 2840000 | K3: =G3*H3 -> 1684561.3 | L3: =MIN(J3,K3) -> 1684561.3 | M3: . | N3: =O3/I3 -> 503.32235 | O3: 1481781 | P3: =G3*N3 -> 878926.38 | Q3: =MIN(P3,O3) -> 878926.38
A4: Austin* | B4: 63.478689 | C4: 67.922197 | D4: 1.3588387 | E4: =B4/D4 -> 46.715398 | F4: =E4*0.5 -> 23.357699 | G4: =PI()*F4^2 -> 1713.9968 | H4: =J4/I4 -> 932.86219 | I4: 707.5 | J4: 660000 | K4: =G4*H4 -> 1598922.8 | L4: =MIN(J4,K4) -> 660000 | M4: . | N4: =O4/I4 -> 571.04735 | O4: 404016 | P4: =G4*N4 -> 978773.3 | Q4: =MIN(P4,O4) -> 404016
A5: Baltimore | B5: 60.37745 | C5: 64.603872 | D5: 1.252585 | E5: =B5/D5 -> 48.202277 | F5: =E5*0.5 -> 24.101139 | G5: =PI()*F5^2 -> 1824.8408 | H5: =J5/I5 -> 1296.8394 | I5: 1534.5 | J5: 1990000 | K5: =G5*H5 -> 2366525.4 | L5: =MIN(J5,K5) -> 1990000 | M5: . | N5: =O5/I5 -> 776.6784 | O5: 1191813 | P5: =G5*N5 -> 1417314.5 | Q5: =MIN(P5,O5) -> 1191813
A6: Boston | B6: 61.541691 | C6: 67.69586 | D6: 1.2423921 | E6: =B6/D6 -> 49.534838 | F6: =E6*0.5 -> 24.767419 | G6: =PI()*F6^2 -> 1927.1316 | H6: =J6/I6 -> 1563.9893 | I6: 2308.2 | J6: 3610000 | K6: =G6*H6 -> 3014013.1 | L6: =MIN(J6,K6) -> 3014013.1 | M6: . | N6: =O6/I6 -> 927.87323 | O6: 2141717 | P6: =G6*N6 -> 1788133.8 | Q6: =MIN(P6,O6) -> 1788133.8
A7: Buffalo | B7: 73.276598 | C7: 76.207662 | D7: 1.2197721 | E7: =B7/D7 -> 60.074008 | F7: =E7*0.5 -> 30.037004 | G7: =PI()*F7^2 -> 2834.4127 | H7: =J7/I7 -> 1440.1623 | I7: 739.5 | J7: 1065000 | K7: =G7*H7 -> 4082014.3 | L7: =MIN(J7,K7) -> 1065000 | M7: . | N7: =O7/I7 -> 718.21771 | O7: 531122 | P7: =G7*N7 -> 2035725.4 | Q7: =MIN(P7,O7) -> 531122
A8: Charlotte | B8: 66.908177 | C8: 71.591749 | D8: 1.2963499 | E8: =B8/D8 -> 51.612743 | F8: =E8*0.5 -> 25.806372 | G8: =PI()*F8^2 -> 2092.2027 | H8: =J8/I8 -> 862.48203 | I8: 626.1 | J8: 540000 | K8: =G8*H8 -> 1804487.3 | L8: =MIN(J8,K8) -> 540000 | M8: . | N8: =O8/I8 -> 966.06932 | O8: 604856 | P8: =G8*N8 -> 2021212.9 | Q8: =MIN(P8,O8) -> 604856
A9: Chicago | B9: 59.830535 | C9: 64.616977 | D9: 1.2306496 | E9: =B9/D9 -> 48.617034 | F9: =E9*0.5 -> 24.308517 | G9: =PI()*F9^2 -> 1856.3797 | H9: =J9/I9 -> 1830.0112 | I9: 4103.8 | J9: 7510000 | K9: =G9*H9 -> 3397195.6 | L9: =MIN(J9,K9) -> 3397195.6 | M9: . | N9: =O9/I9 -> 936.04391 | O9: 3841337 | P9: =G9*N9 -> 1737652.9 | Q9: =MIN(P9,O9) -> 1737652.9
A10: Cincinnati | B10: 67.518821 | C10: 74.270703 | D10: 1.3292592 | E10: =B10/D10 -> 50.794323 | F10: =E10*0.5 -> 25.397161 | G10: =PI()*F10^2 -> 2026.3769 | H10: =J10/I10 -> 860.24751 | I10: 1325.2 | J10: 1140000 | K10: =G10*H10 -> 1743185.7 | L10: =MIN(J10,K10) -> 1140000 | M10: . | N10: =O10/I10 -> 613.31573 | O10: 812766 | P10: =G10*N10 -> 1242808.8 | Q10: =MIN(P10,O10) -> 812766
A11: Cleveland | B11: 70.270148 | C11: 77.297163 | D11: 1.2049847 | E11: =B11/D11 -> 58.316215 | F11: =E11*0.5 -> 29.158108 | G11: =PI()*F11^2 -> 2670.9671 | H11: =J11/I11 -> 1068.6096 | I11: 1647 | J11: 1760000 | K11: =G11*H11 -> 2854221.1 | L11: =MIN(J11,K11) -> 1760000 | M11: . | N11: =O11/I11 -> 754.15847 | O11: 1242099 | P11: =G11*N11 -> 2014332.5 | Q11: =MIN(P11,O11) -> 1242099
A12: Columbus | B12: 67.725933 | C12: 77.207564 | D12: 1.2627799 | E12: =B12/D12 -> 53.632411 | F12: =E12*0.5 -> 26.816206 | G12: =PI()*F12^2 -> 2259.1472 | H12: =J12/I12 -> 973.91694 | I12: 893.3 | J12: 870000 | K12: =G12*H12 -> 2200221.7 | L12: =MIN(J12,K12) -> 870000 | M12: . | N12: =O12/I12 -> 758.8257 | O12: 677859 | P12: =G12*N12 -> 1714299 | Q12: =MIN(P12,O12) -> 677859
A13: Dallas-Fort Worth | B13: 66.031469 | C13: 76.596505 | D13: 1.3065071 | E13: =B13/D13 -> 50.540461 | F13: =E13*0.5 -> 25.27023 | G13: =PI()*F13^2 -> 2006.1725 | H13: =J13/I13 -> 869.56522 | I13: 3737.5 | J13: 3250000 | K13: =G13*H13 -> 1744497.8 | L13: =MIN(J13,K13) -> 1744497.8 | M13: . | N13: =O13/I13 -> 528.85779 | O13: 1976606 | P13: =G13*N13 -> 1060980 | Q13: =MIN(P13,O13) -> 1060980
A14: Denver | B14: 65.002141 | C14: 76.052505 | D14: 1.3654163 | E14: =B14/D14 -> 47.606098 | F14: =E14*0.5 -> 23.803049 | G14: =PI()*F14^2 -> 1779.9797 | H14: =J14/I14 -> 1329.5187 | I14: 1188.4 | J14: 1580000 | K14: =G14*H14 -> 2366516.3 | L14: =MIN(J14,K14) -> 1580000 | M14: . | N14: =O14/I14 -> 811.94211 | O14: 964912 | P14: =G14*N14 -> 1445240.5 | Q14: =MIN(P14,O14) -> 964912
A15: Detroit | B15: 59.740127 | C15: 69.895948 | D15: 1.2288146 | E15: =B15/D15 -> 48.616062 | F15: =E15*0.5 -> 24.308031 | G15: =PI()*F15^2 -> 1856.3055 | H15: =J15/I15 -> 1369.2488 | I15: 2899.4 | J15: 3970000 | K15: =G15*H15 -> 2541744.1 | L15: =MIN(J15,K15) -> 2541744.1 | M15: . | N15: =O15/I15 -> 717.34842 | O15: 2079880 | P15: =G15*N15 -> 1331617.8 | Q15: =MIN(P15,O15) -> 1331617.8
A16: Grand Rapids*2 | B16: 70.939381 | C16: 83.70847 | D16: 1.2825248 | E16: =B16/D16 -> 55.312286 | F16: =E16*0.5 -> 27.656143 | G16: =PI()*F16^2 -> 2402.8856 | H16: =J16/I16 -> 1190.5898 | I16: 578.2 | J16: 688399 | K16: =G16*H16 -> 2860851 | L16: =MIN(J16,K16) -> 688399 | M16: . | N16: =O16/I16 -> 693.86026 | O16: =337335+63855 -> 401190 | P16: =G16*N16 -> 1667266.8 | Q16: =MIN(P16,O16) -> 401190
A17: Hampton Roads | B17: 64.898649 | C17: 85.666217 | D17: 1.3571401 | E17: =B17/D17 -> 47.820155 | F17: =E17*0.5 -> 23.910078 | G17: =PI()*F17^2 -> 1796.0228 | H17: =J17/I17 -> 770.84182 | I17: 1718.9 | J17: 1325000 | K17: =G17*H17 -> 1384449.5 | L17: =MIN(J17,K17) -> 1325000 | M17: . | N17: =O17/I17 -> 406.65484 | O17: 698999 | P17: =G17*N17 -> 730361.36 | Q17: =MIN(P17,O17) -> 698999
A18: Hartford | B18: 70.550118 | C18: 84.660141 | D18: 1.3223702 | E18: =B18/D18 -> 53.351261 | F18: =E18*0.5 -> 26.675631 | G18: =PI()*F18^2 -> 2235.5236 | H18: =J18/I18 -> 1320.2112 | I18: 624.9 | J18: 825000 | K18: =G18*H18 -> 2951363.4 | L18: =MIN(J18,K18) -> 825000 | M18: . | N18: =O18/I18 -> 899.29429 | O18: 561969 | P18: =G18*N18 -> 2010393.6 | Q18: =MIN(P18,O18) -> 561969
A19: Honolulu*2 | B19: 61.851771 | C19: 73.603607 | D19: 1.3847021 | E19: =B19/D19 -> 44.667925 | F19: =E19*0.5 -> 22.333962 | G19: =PI()*F19^2 -> 1567.0449 | H19: =J19/I19 -> 2328.0373 | I19: 359.2 | J19: 836231 | K19: =G19*H19 -> 3648138.9 | L19: =MIN(J19,K19) -> 836231 | M19: . | N19: =O19/I19 -> 1218.0345 | O19: 437518 | P19: =G19*N19 -> 1908714.7 | Q19: =MIN(P19,O19) -> 437518
A20: Houston | B20: 61.86593 | C20: 73.620457 | D20: 1.3197846 | E20: =B20/D20 -> 46.875778 | F20: =E20*0.5 -> 23.437889 | G20: =PI()*F20^2 -> 1725.7856 | H20: =J20/I20 -> 951.03794 | I20: 3049.3 | J20: 2900000 | K20: =G20*H20 -> 1641287.6 | L20: =MIN(J20,K20) -> 1641287.6 | M20: . | N20: =O20/I20 -> 577.11475 | O20: 1759796 | P20: =G20*N20 -> 995976.35 | Q20: =MIN(P20,O20) -> 995976.35
A21: Indianapolis | B21: 66.181817 | C21: 78.094544 | D21: 1.2722485 | E21: =B21/D21 -> 52.019567 | F21: =E21*0.5 -> 26.009784 | G21: =PI()*F21^2 -> 2125.3152 | H21: =J21/I21 -> 778.16206 | I21: 1214.4 | J21: 945000 | K21: =G21*H21 -> 1653839.6 | L21: =MIN(J21,K21) -> 945000 | M21: . | N21: =O21/I21 -> 514.63356 | O21: 624971 | P21: =G21*N21 -> 1093758.5 | Q21: =MIN(P21,O21) -> 624971
A22: Inland Empire** | B22: 65.102211 | C22: 72.914476 | D22: 1.3359338 | E22: =B22/D22 -> 48.731614 | F22: =E22*0.5 -> 24.365807 | G22: =PI()*F22^2 -> 1865.1401 | H22: =J22/I22 -> 1078.382 | I22: 1191.6 | J22: 1285000 | K22: =G22*H22 -> 2011333.6 | L22: =MIN(J22,K22) -> 1285000 | M22: . | N22: =O22/I22 -> 643.63293 | O22: 766953 | P22: =G22*N22 -> 1200465.6 | Q22: =MIN(P22,O22) -> 766953
A23: Jacksonville* | B23: 55.540281 | C23: 57.20649 | D23: 1.3671479 | E23: =B23/D23 -> 40.624926 | F23: =E23*0.5 -> 20.312463 | G23: =PI()*F23^2 -> 1296.209 | H23: =J23/I23 -> 547.57016 | I23: 1314.9 | J23: 720000 | K23: =G23*H23 -> 709765.38 | L23: =MIN(J23,K23) -> 709765.38 | M23: . | N23: =O23/I23 -> 337.57852 | O23: 443882 | P23: =G23*N23 -> 437572.33 | Q23: =MIN(P23,O23) -> 437572.33
A24: Kansas City | B24: 63.219918 | C24: 65.116516 | D24: 1.2881189 | E24: =B24/D24 -> 49.079255 | F24: =E24*0.5 -> 24.539628 | G24: =PI()*F24^2 -> 1891.8461 | H24: =J24/I24 -> 587.90735 | I24: 1973.1 | J24: 1160000 | K24: =G24*H24 -> 1112230.2 | L24: =MIN(J24,K24) -> 1112230.2 | M24: . | N24: =O24/I24 -> 390.91227 | O24: 771309 | P24: =G24*N24 -> 739545.86 | Q24: =MIN(P24,O24) -> 739545.86
A25: Las Vegas* | B25: 58.291698 | C25: 60.040449 | D25: 1.3334071 | E25: =B25/D25 -> 43.716355 | F25: =E25*0.5 -> 21.858178 | G25: =PI()*F25^2 -> 1500.9899 | H25: =J25/I25 -> 1175.4828 | I25: 595.5 | J25: 700000 | K25: =G25*H25 -> 1764387.8 | L25: =MIN(J25,K25) -> 700000 | M25: . | N25: =O25/I25 -> 623.22082 | O25: 371128 | P25: =G25*N25 -> 935448.18 | Q25: =MIN(P25,O25) -> 371128
A26: Los Angeles | B26: 48.116228 | C26: 49.559715 | D26: 1.2467602 | E26: =B26/D26 -> 38.59301 | F26: =E26*0.5 -> 19.296505 | G26: =PI()*F26^2 -> 1169.7881 | H26: =J26/I26 -> 2243.0421 | I26: 5091.3 | J26: 11420000 | K26: =G26*H26 -> 2623883.9 | L26: =MIN(J26,K26) -> 2623883.9 | M26: . | N26: =O26/I26 -> 1337.3879 | O26: 6809043 | P26: =G26*N26 -> 1564460.4 | Q26: =MIN(P26,O26) -> 1564460.4
A27: Louisville* | B27: 62.487213 | C27: 64.986701 | D27: 1.3589322 | E27: =B27/D27 -> 45.982583 | F27: =E27*0.5 -> 22.991292 | G27: =PI()*F27^2 -> 1660.6443 | H27: =J27/I27 -> 1106.8598 | I27: 731.8 | J27: 810000 | K27: =G27*H27 -> 1838100.4 | L27: =MIN(J27,K27) -> 810000 | M27: . | N27: =O27/I27 -> 610.65318 | O27: 446876 | P27: =G27*N27 -> 1014077.7 | Q27: =MIN(P27,O27) -> 446876
A28: Memphis* | B28: 65.308032 | C28: 67.920353 | D28: 1.331226 | E28: =B28/D28 -> 49.058562 | F28: =E28*0.5 -> 24.529281 | G28: =PI()*F28^2 -> 1890.2511 | H28: =J28/I28 -> 973.62165 | I28: 883.3 | J28: 860000 | K28: =G28*H28 -> 1840389.4 | L28: =MIN(J28,K28) -> 860000 | M28: . | N28: =O28/I28 -> 507.45726 | O28: 448237 | P28: =G28*N28 -> 959221.65 | Q28: =MIN(P28,O28) -> 448237
... A53: Washington | B53: 57.166397 | C53: 76.031308 | D53: 1.3152548 | E53: =B53/D53 -> 43.464123 | F53: =E53*0.5 -> 21.732062 | G53: =PI()*F53^2 -> 1483.7193 | H53: =J53/I53 -> 1267.0645 | I53: 2446.6 | J53: 3100000 | K53: =G53*H53 -> 1879968 | L53: =MIN(J53,K53) -> 1879968 | M53: . | N53: =O53/I53 -> 905.07235 | O53: 2214350 | P53: =G53*N53 -> 1342873.3 | Q53: =MIN(P53,O53) -> 1342873.3
A55: Notes:
A56: 1 Circuity is from a sample of OD points with network distance matched to average commute distance
A57: 2 Population from 1990 Census
A58: * Circuity is based on either 1995 or 2001 commute distance; 1990 commute distance not available
A59: ** Uses 1995 Employment
A60: Data Sources:
A61: Network Speed (congested), Network Speed (freeflow), Population: TTI complete data 1982-2007 (calculated from 1990 values only)
A62: Circuity: Networks are Census Tiger 2008 county-level shapefiles merged together, commute distances are from 1990 NPTS
A63: Urbanized Area: Census 1990 Population and Housing Unit Counts (census.gov)
A64: Employment: Census 1990, sum of responses to question P050. Travel Time to Work: Workers 16 years and over (American FactFinder)

Sheet 1995
B1: Network Speed (congested) [km/h] | C1: Network Speed (freeflow) [km/h] | D1: Circuity [ ] | E1: Average Airline Speed [km/h] | F1: Airline Radius [km] | G1: Area covered in 30 mins [km2] | H1: Urbanized area density [people/km2] | I1: Area [km2] | J1: Population | K1: Accessibility | L1: MinPA,P | M1: . | N1: Employment Density | O1: Employment | P1: Employment Accessibility | Q1: Min EA, E
A2: Area | B2: S_n | D2: C1 | E2: S_a | F2: R_a | G2: A_30 | H2: D_UA | L2: =MIN(J2,K2) -> 0 | M2: .
A3: Atlanta | B3: 57.036474 | C3: 70.725228 | D3: 1.2545032 | E3: =B3/D3 -> 45.465387 | F3: =E3*0.5 -> 22.732694 | G3: =PI()*F3^2 -> 1623.4977 | H3: =J3/I3 -> 1103.9402 | I3: 2944 | J3: 3250000 | K3: =G3*H3 -> 1792244.4 | L3: =MIN(J3,K3) -> 1792244.4 | M3: . | N3: =O3/I3 -> 643.62636 | O3: 1894836 | P3: =G3*N3 -> 1044925.9 | Q3: =MIN(P3,O3) -> 1044925.9
A4: Austin* | B4: 62.912833 | C4: 73.608014 | D4: 1.3588387 | E4: =B4/D4 -> 46.298972 | F4: =E4*0.5 -> 23.149486 | G4: =PI()*F4^2 -> 1683.5754 | H4: =J4/I4 -> 1074.2049 | I4: 707.5 | J4: 760000 | K4: =G4*H4 -> 1808505 | L4: =MIN(J4,K4) -> 760000 | M4: . | N4: =O4/I4 -> 678.06502 | O4: 479731 | P4: =G4*N4 -> 1141573.6 | Q4: =MIN(P4,O4) -> 479731
A5: Baltimore | B5: 60.832586 | C5: 72.390778 | D5: 1.252585 | E5: =B5/D5 -> 48.565634 | F5: =E5*0.5 -> 24.282817 | G5: =PI()*F5^2 -> 1852.4565 | H5: =J5/I5 -> 1394.5911 | I5: 1534.5 | J5: 2140000 | K5: =G5*H5 -> 2583419.3 | L5: =MIN(J5,K5) -> 2140000 | M5: . | N5: =O5/I5 -> 646.30108 | O5: 991749 | P5: =G5*N5 -> 1197244.6 | Q5: =MIN(P5,O5) -> 991749
A6: Boston | B6: 59.830799 | C6: 71.198651 | D6: 1.2257226 | E6: =B6/D6 -> 48.812674 | F6: =E6*0.5 -> 24.406337 | G6: =PI()*F6^2 -> 1871.3502 | H6: =J6/I6 -> 1594.3159 | I6: 2308.2 | J6: 3680000 | K6: =G6*H6 -> 2983523.4 | L6: =MIN(J6,K6) -> 2983523.4 | M6: . | N6: =O6/I6 -> 1247.0938 | O6: 2878542 | P6: =G6*N6 -> 2333749.3 | Q6: =MIN(P6,O6) -> 2333749.3
A7: Buffalo | B7: 66.3074 | C7: 68.959696 | D7: 1.2376013 | E7: =B7/D7 -> 53.57735 | F7: =E7*0.5 -> 26.788675 | G7: =PI()*F7^2 -> 2254.5109 | H7: =J7/I7 -> 1446.9236 | I7: 739.5 | J7: 1070000 | K7: =G7*H7 -> 3262105 | L7: =MIN(J7,K7) -> 1070000 | M7: . | N7: =O7/I7 -> 630.65585 | O7: 466370 | P7: =G7*N7 -> 1421820.5 | Q7: =MIN(P7,O7) -> 466370
A8: Charlotte | B8: 61.905551 | C8: 69.953273 | D8: 1.2806694 | E8: =B8/D8 -> 48.338432 | F8: =E8*0.5 -> 24.169216 | G8: =PI()*F8^2 -> 1835.1645 | H8: =J8/I8 -> 1054.1447 | I8: 626.1 | J8: 660000 | K8: =G8*H8 -> 1934528.9 | L8: =MIN(J8,K8) -> 660000 | M8: . | N8: =O8/I8 -> 1161.0174 | O8: 726913 | P8: =G8*N8 -> 2130657.9 | Q8: =MIN(P8,O8) -> 726913
A9: Chicago | B9: 54.90711 | C9: 71.379243 | D9: 1.2306496 | E9: =B9/D9 -> 44.616363 | F9: =E9*0.5 -> 22.308182 | G9: =PI()*F9^2 -> 1563.4292 | H9: =J9/I9 -> 1887.2752 | I9: 4103.8 | J9: 7745000 | K9: =G9*H9 -> 2950621.2 | L9: =MIN(J9,K9) -> 2950621.2 | M9: . | N9: =O9/I9 -> 977.85272 | O9: =3741075+224929+46908 -> 4012912 | P9: =G9*N9 -> 1528803.5 | Q9: =MIN(P9,O9) -> 1528803.5
A10: Cincinnati | B10: 64.694239 | C10: 75.045318 | D10: 1.3292592 | E10: =B10/D10 -> 48.669394 | F10: =E10*0.5 -> 24.334697 | G10: =PI()*F10^2 -> 1860.3804 | H10: =J10/I10 -> 980.984 | I10: 1325.2 | J10: 1300000 | K10: =G10*H10 -> 1825003.4 | L10: =MIN(J10,K10) -> 1300000 | M10: . | N10: =O10/I10 -> 673.15801 | O10: =789795+102274 -> 892069 | P10: =G10*N10 -> 1252330 | Q10: =MIN(P10,O10) -> 892069
A11: Cleveland | B11: 68.272477 | C11: 75.78245 | D11: 1.2227035 | E11: =B11/D11 -> 55.837312 | F11: =E11*0.5 -> 27.918656 | G11: =PI()*F11^2 -> 2448.7187 | H11: =J11/I11 -> 1074.6812 | I11: 1647 | J11: 1770000 | K11: =G11*H11 -> 2631592 | L11: =MIN(J11,K11) -> 1770000 | M11: . | N11: =O11/I11 -> 633.32848 | O11: 1043092 | P11: =G11*N11 -> 1550843.3 | Q11: =MIN(P11,O11) -> 1043092
A12: Columbus | B12: 64.21199 | C12: 73.843788 | D12: 1.2387292 | E12: =B12/D12 -> 51.836988 | F12: =E12*0.5 -> 25.918494 | G12: =PI()*F12^2 -> 2110.4224 | H12: =J12/I12 -> 1130.6392 | I12: 893.3 | J12: 1010000 | K12: =G12*H12 -> 2386126.3 | L12: =MIN(J12,K12) -> 1010000 | M12: . | N12: =O12/I12 -> 810.5295 | O12: 724046 | P12: =G12*N12 -> 1710559.6 | Q12: =MIN(P12,O12) -> 724046
A13: Dallas-Fort Worth | B13: 62.831555 | C13: 72.884604 | D13: 1.2669463 | E13: =B13/D13 -> 49.592911 | F13: =E13*0.5 -> 24.796456 | G13: =PI()*F13^2 -> 1931.6529 | H13: =J13/I13 -> 936.45485 | I13: 3737.5 | J13: 3500000 | K13: =G13*H13 -> 1808905.7 | L13: =MIN(J13,K13) -> 1808905.7 | M13: . | N13: =O13/I13 -> 638.19746 | O13: =1747902+637361 -> 2385263 | P13: =G13*N13 -> 1232776 | Q13: =MIN(P13,O13) -> 1232776
A14: Denver | B14: 57.288368 | C14: 69.891808 | D14: 1.3381636 | E14: =B14/D14 -> 42.811183 | F14: =E14*0.5 -> 21.405592 | G14: =PI()*F14^2 -> 1439.4757 | H14: =J14/I14 -> 1455.7388 | I14: 1188.4 | J14: 1730000 | K14: =G14*H14 -> 2095500.6 | L14: =MIN(J14,K14) -> 1730000 | M14: . | N14: =O14/I14 -> 816.15113 | O14: 969914 | P14: =G14*N14 -> 1174829.7 | Q14: =MIN(P14,O14) -> 969914
A15: Detroit | B15: 53.475546 | C15: 67.379188 | D15: 1.239001 | E15: =B15/D15 -> 43.160214 | F15: =E15*0.5 -> 21.580107 | G15: =PI()*F15^2 -> 1463.0429 | H15: =J15/I15 -> 1384.7693 | I15: 2899.4 | J15: 4015000 | K15: =G15*H15 -> 2025976.8 | L15: =MIN(J15,K15) -> 2025976.8 | M15: . | N15: =O15/I15 -> 664.662 | O15: 1927121 | P15: =G15*N15 -> 972429 | Q15: =MIN(P15,O15) -> 972429
A16: Grand Rapids* | B16: 60.555305 | C16: 66.005283 | D16: 1.2825248 | E16: =B16/D16 -> 47.215698 | F16: =E16*0.5 -> 23.607849 | G16: =PI()*F16^2 -> 1750.9055 | H16: =J16/I16 -> 830.16257 | I16: 578.2 | J16: 480000 | K16: =G16*H16 -> 1453536.2 | L16: =MIN(J16,K16) -> 480000 | M16: . | N16: =O16/I16 -> 892.0339 | O16: 515774 | P16: =G16*N16 -> 1561867 | Q16: =MIN(P16,O16) -> 515774
A17: Hampton Roads | B17: 59.158545 | C17: 68.032326 | D17: 1.3437943 | E17: =B17/D17 -> 44.023514 | F17: =E17*0.5 -> 22.011757 | G17: =PI()*F17^2 -> 1522.1564 | H17: =J17/I17 -> 823.20088 | I17: 1718.9 | J17: 1415000 | K17: =G17*H17 -> 1253040.5 | L17: =MIN(J17,K17) -> 1253040.5 | M17: . | N17: =O17/I17 -> 318.17034 | O17: 546903 | P17: =G17*N17 -> 484305.03 | Q17: =MIN(P17,O17) -> 484305.03
A18: Hartford | B18: 70.476777 | C18: 76.11492 | D18: 1.3223702 | E18: =B18/D18 -> 53.2958 | F18: =E18*0.5 -> 26.6479 | G18: =PI()*F18^2 -> 2230.8782 | H18: =J18/I18 -> 1344.2151 | I18: 624.9 | J18: 840000 | K18: =G18*H18 -> 2998780.1 | L18: =MIN(J18,K18) -> 840000 | M18: . | N18: =O18/I18 -> 872.53321 | O18: 545246 | P18: =G18*N18 -> 1946515.3 | Q18: =MIN(P18,O18) -> 545246
A19: Honolulu* | B19: 62.589105 | C19: 75.732818 | D19: 1.3847021 | E19: =B19/D19 -> 45.200411 | F19: =E19*0.5 -> 22.600205 | G19: =PI()*F19^2 -> 1604.629 | H19: =J19/I19 -> 1948.7751 | I19: 359.2 | J19: 700000 | K19: =G19*H19 -> 3127061 | L19: =MIN(J19,K19) -> 700000 | M19: . | N19: =O19/I19 -> 861.60078 | O19: 309487 | P19: =G19*N19 -> 1382549.6 | Q19: =MIN(P19,O19) -> 309487
A20: Houston | B20: 61.72194 | C20: 73.449109 | D20: 1.3274916 | E20: =B20/D20 -> 46.495165 | F20: =E20*0.5 -> 23.247582 | G20: =PI()*F20^2 -> 1697.874 | H20: =J20/I20 -> 996.95012 | I20: 3049.3 | J20: 3040000 | K20: =G20*H20 -> 1692695.7 | L20: =MIN(J20,K20) -> 1692695.7 | M20: . | N20: =O20/I20 -> 577.52173 | O20: 1761037 | P20: =G20*N20 -> 980559.14 | Q20: =MIN(P20,O20) -> 980559.14
A21: Indianapolis | B21: 56.481833 | C21: 70.037473 | D21: 1.2722485 | E21: =B21/D21 -> 44.395284 | F21: =E21*0.5 -> 22.197642 | G21: =PI()*F21^2 -> 1547.9736 | H21: =J21/I21 -> 811.10013 | I21: 1214.4 | J21: 985000 | K21: =G21*H21 -> 1255561.6 | L21: =MIN(J21,K21) -> 985000 | M21: . | N21: =O21/I21 -> 628.12912 | O21: 762800 | P21: =G21*N21 -> 972327.29 | Q21: =MIN(P21,O21) -> 762800
A22: Inland Empire | B22: 63.440181 | C22: 74.225012 | D22: 1.3453292 | E22: =B22/D22 -> 47.15588 | F22: =E22*0.5 -> 23.57794 | G22: =PI()*F22^2 -> 1746.4718 | H22: =J22/I22 -> 1191.6751 | I22: 1191.6 | J22: 1420000 | K22: =G22*H22 -> 2081226.9 | L22: =MIN(J22,K22) -> 1420000 | M22: . | N22: =O22/I22 -> 643.63293 | O22: 766953 | P22: =G22*N22 -> 1124086.8 | Q22: =MIN(P22,O22) -> 766953
A23: Jacksonville* | B23: 57.215795 | C23: 68.658954 | D23: 1.3671479 | E23: =B23/D23 -> 41.85048 | F23: =E23*0.5 -> 20.92524 | G23: =PI()*F23^2 -> 1375.5955 | H23: =J23/I23 -> 612.21386 | I23: 1314.9 | J23: 805000 | K23: =G23*H23 -> 842158.66 | L23: =MIN(J23,K23) -> 805000 | M23: . | N23: =O23/I23 -> 349.42505 | O23: 459459 | P23: =G23*N23 -> 480667.55 | Q23: =MIN(P23,O23) -> 459459
A24: Kansas City | B24: 68.436669 | C24: 73.227236 | D24: 1.282665 | E24: =B24/D24 -> 53.355062 | F24: =E24*0.5 -> 26.677531 | G24: =PI()*F24^2 -> 2235.8421 | H24: =J24/I24 -> 674.06619 | I24: 1973.1 | J24: 1330000 | K24: =G24*H24 -> 1507105.6 | L24: =MIN(J24,K24) -> 1330000 | M24: . | N24: =O24/I24 -> 418.47397 | O24: 825691 | P24: =G24*N24 -> 935641.74 | Q24: =MIN(P24,O24) -> 825691
A25: Las Vegas | B25: 52.889872 | C25: 65.583442 | D25: 1.3334071 | E25: =B25/D25 -> 39.66521 | F25: =E25*0.5 -> 19.832605 | G25: =PI()*F25^2 -> 1235.6896 | H25: =J25/I25 -> 1595.2981 | I25: 595.5 | J25: 950000 | K25: =G25*H25 -> 1971293.3 | L25: =MIN(J25,K25) -> 950000 | M25: . | N25: =O25/I25 -> 983.45256 | O25: 585646 | P25: =G25*N25 -> 1215242.1 | Q25: =MIN(P25,O25) -> 585646
A26: Los Angeles | B26: 50.562417 | C26: 71.798632 | D26: 1.2409046 | E26: =B26/D26 -> 40.746416 | F26: =E26*0.5 -> 20.373208 | G26: =PI()*F26^2 -> 1303.9734 | H26: =J26/I26 -> 2374.6391 | I26: 5091.3 | J26: 12090000 | K26: =G26*H26 -> 3096466.1 | L26: =MIN(J26,K26) -> 3096466.1 | M26: . | N26: =O26/I26 -> 975.70581 | O26: =3693537+1274074 -> 4967611 | P26: =G26*N26 -> 1272294.4 | Q26: =MIN(P26,O26) -> 1272294.4
A27: Louisville* | B27: 61.310499 | C27: 71.120178 | D27: 1.3589322 | E27: =B27/D27 -> 45.116672 | F27: =E27*0.5 -> 22.558336 | G27: =PI()*F27^2 -> 1598.689 | H27: =J27/I27 -> 1127.3572 | I27: 731.8 | J27: 825000 | K27: =G27*H27 -> 1802293.6 | L27: =MIN(J27,K27) -> 825000 | M27: . | N27: =O27/I27 -> 674.68844 | O27: 493737 | P27: =G27*N27 -> 1078617 | Q27: =MIN(P27,O27) -> 493737
A28: Memphis | B28: 58.655633 | C28: 65.107753 | D28: 1.331226 | E28: =B28/D28 -> 44.061364 | F28: =E28*0.5 -> 22.030682 | G28: =PI()*F28^2 -> 1524.775 | H28: =J28/I28 -> 1052.8699 | I28: 883.3 | J28: 930000 | K28: =G28*H28 -> 1605389.7 | L28: =MIN(J28,K28) -> 930000 | M28: . | N28: =O28/I28 -> 578.7275 | O28: 511190 | P28: =G28*N28 -> 882429.21 | Q28: =MIN(P28,O28) -> 511190
A29: Milwaukee | B29: 59.418221 | C29: 67.14259 | D29: 1.2176021 | E29: =B29/D29 -> 48.799376 | F29: =E29*0.5 -> 24.399688 | G29: =PI()*F29^2 -> 1870.3308 | H29: =J29/I29 -> 942.68477 | I29: 1326 | J29: 1250000 | K29: =G29*H29 -> 1763132.3 | L29: =MIN(J29,K29) -> 1250000 | M29: . | N29: =O29/I29 -> 580.19759 | O29: 769342 | P29: =G29*N29 -> 1085161.4 | Q29: =MIN(P29,O29) -> 769342
A30: Minneapolis-St.Paul | B30: 61.666325 | C30: 72.1496 | D30: 1.2383391 | E30: =B30/D30 -> 49.797608 | F30: =E30*0.5 -> 24.898804 | G30: =PI()*F30^2 -> 1947.6317 | H30: =J30/I30 -> 806.36374 | I30: 2753.1 | J30: 2220000 | K30: =G30*H30 -> 1570499.6 | L30: =MIN(J30,K30) -> 1570499.6 | M30: . | N30: =O30/I30 -> 558.99059 | O30: 1538957 | P30: =G30*N30 -> 1088707.8 | Q30: =MIN(P30,O30) -> 1088707.8
A31: Nashville | B31: 63.173996 | C31: 71.386616 | D31: 1.3533327 | E31: =B31/D31 -> 46.680315 | F31: =E31*0.5 -> 23.340157 | G31: =PI()*F31^2 -> 1711.4233 | H31: =J31/I31 -> 511.10046 | I31: 1252.2 | J31: 640000 | K31: =G31*H31 -> 874709.22 | L31: =MIN(J31,K31) -> 640000 | M31: . | N31: =O31/I31 -> 488.76777 | O31: 612035 | P31: =G31*N31 -> 836488.53 | Q31: =MIN(P31,O31) -> 612035
A32: New Orleans | B32: 58.965102 | C32: 67.809867 | D32: 1.3763526 | E32: =B32/D32 -> 42.841567 | F32: =E32*0.5 -> 21.420784 | G32: =PI()*F32^2 -> 1441.5197 | H32: =J32/I32 -> 1551.1079 | I32: 699.5 | J32: 1085000 | K32: =G32*H32 -> 2235952.6 | L32: =MIN(J32,K32) -> 1085000 | M32: . | N32: =O32/I32 -> 763.52538 | O32: 534086 | P32: =G32*N32 -> 1100636.9 | Q32: =MIN(P32,O32) -> 534086
A33: New York | B33: 58.662283 | C33: 72.154609 | D33: 1.2603547 | E33: =B33/D33 -> 46.544265 | F33: =E33*0.5 -> 23.272132 | G33: =PI()*F33^2 -> 1701.4619 | H33: =J33/I33 -> 2117.6348 | I33: 7683.1 | J33: 16270000 | K33: =G33*H33 -> 3603074.9 | L33: =MIN(J33,K33) -> 3603074.9 | M33: . | N33: =O33/I33 -> 958.84916 | O33: =3557965+617736+210152+305726+1019809+895963+759583 -> 7366934 | P33: =G33*N33 -> 1631445.3 | Q33: =MIN(P33,O33) -> 1631445.3
A34: Oklahoma City | B34: 65.428156 | C34: 70.008126 | D34: 1.2964578 | E34: =B34/D34 -> 50.466863 | F34: =E34*0.5 -> 25.233431 | G34: =PI()*F34^2 -> 2000.3339 | H34: =J34/I34 -> 447.68101 | I34: 1675.3 | J34: 750000 | K34: =G34*H34 -> 895511.51 | L34: =MIN(J34,K34) -> 750000 | M34: . | N34: =O34/I34 -> 254.5365 | O34: 426425 | P34: =G34*N34 -> 509157.99 | Q34: =MIN(P34,O34) -> 426425
A35: Orlando | B35: 51.610671 | C35: 65.029445 | D35: 1.3247336 | E35: =B35/D35 -> 38.959283 | F35: =E35*0.5 -> 19.479641 | G35: =PI()*F35^2 -> 1192.0975 | H35: =J35/I35 -> 1012.6211 | I35: 1022.1 | J35: 1035000 | K35: =G35*H35 -> 1207143.1 | L35: =MIN(J35,K35) -> 1035000 | M35: . | N35: =O35/I35 -> 729.77693 | O35: 745905 | P35: =G35*N35 -> 869965.28 | Q35: =MIN(P35,O35) -> 745905
A36: Philadelphia | B36: 57.527408 | C36: 67.307067 | D36: 1.2151793 | E36: =B36/D36 -> 47.340674 | F36: =E36*0.5 -> 23.670337 | G36: =PI()*F36^2 -> 1760.1868 | H36: =J36/I36 -> 1548.768 | I36: 3015.3 | J36: 4670000 | K36: =G36*H36 -> 2726120.9 | L36: =MIN(J36,K36) -> 2726120.9 | M36: . | N36: =O36/I36 -> 794.65194 | O36: =2112593+283521 -> 2396114 | P36: =G36*N36 -> 1398735.9 | Q36: =MIN(P36,O36) -> 1398735.9
A37: Phoenix | B37: 55.217531 | C37: 64.604512 | D37: 1.3855039 | E37: =B37/D37 -> 39.853755 | F37: =E37*0.5 -> 19.926878 | G37: =PI()*F37^2 -> 1247.465 | H37: =J37/I37 -> 1156.6114 | I37: 1919.4 | J37: 2220000 | K37: =G37*H37 -> 1442832.3 | L37: =MIN(J37,K37) -> 1442832.3 | M37: . | N37: =O37/I37 -> 663.90487 | O37: 1274299 | P37: =G37*N37 -> 828198.1 | Q37: =MIN(P37,O37) -> 828198.1
A38: Pittsburgh | B38: 60.206378 | C38: 66.227016 | D38: 1.3073565 | E38: =B38/D38 -> 46.051996 | F38: =E38*0.5 -> 23.025998 | G38: =PI()*F38^2 -> 1665.6617 | H38: =J38/I38 -> 880.80588 | I38: 2015.2 | J38: 1775000 | K38: =G38*H38 -> 1467124.6 | L38: =MIN(J38,K38) -> 1467124.6 | M38: . | N38: =O38/I38 -> 499.64371 | O38: 1006882 | P38: =G38*N38 -> 832237.37 | Q38: =MIN(P38,O38) -> 832237.37
A39: Portland | B39: 60.024289 | C39: 72.029147 | D39: 1.4034944 | E39: =B39/D39 -> 42.767743 | F39: =E39*0.5 -> 21.383871 | G39: =PI()*F39^2 -> 1436.5559 | H39: =J39/I39 -> 1323.5148 | I39: 1004.9 | J39: 1330000 | K39: =G39*H39 -> 1901303 | L39: =MIN(J39,K39) -> 1330000 | M39: . | N39: =O39/I39 -> 831.47477 | O39: 835549 | P39: =G39*N39 -> 1194460 | Q39: =MIN(P39,O39) -> 835549
A40: Providence* | B40: 67.445743 | C40: 72.841403 | D40: 1.2391401 | E40: =B40/D40 -> 54.429474 | F40: =E40*0.5 -> 27.214737 | G40: =PI()*F40^2 -> 2326.7951 | H40: =J40/I40 -> 1480.0931 | I40: 773.6 | J40: 1145000 | K40: =G40*H40 -> 3443873.4 | L40: =MIN(J40,K40) -> 1145000 | M40: . | N40: =O40/I40 -> 485.89452 | O40: 375888 | P40: =G40*N40 -> 1130577 | Q40: =MIN(P40,O40) -> 375888
A41: Raleigh* | B41: 61.558628 | C41: 68.330077 | D41: 1.2413604 | E41: =B41/D41 -> 49.58965 | F41: =E41*0.5 -> 24.794825 | G41: =PI()*F41^2 -> 1931.3989 | H41: =J41/I41 -> 1338.6 | I41: 455.7 | J41: 610000 | K41: =G41*H41 -> 2585370.4 | L41: =MIN(J41,K41) -> 610000 | M41: . | N41: =O41/I41 -> 1185.3237 | O41: 540152 | P41: =G41*N41 -> 2289332.8 | Q41: =MIN(P41,O41) -> 540152
A42: Rochester | B42: 71.963113 | C42: 75.561269 | D42: 1.2570038 | E42: =B42/D42 -> 57.249718 | F42: =E42*0.5 -> 28.624859 | G42: =PI()*F42^2 -> 2574.1662 | H42: =J42/I42 -> 1096.6836 | I42: 569.9 | J42: 625000 | K42: =G42*H42 -> 2823046 | L42: =MIN(J42,K42) -> 625000 | M42: . | N42: =O42/I42 -> 799.00333 | O42: 455352 | P42: =G42*N42 -> 2056767.4 | Q42: =MIN(P42,O42) -> 455352
A43: Sacramento | B43: 57.718159 | C43: 69.26179 | D43: 1.4511941 | E43: =B43/D43 -> 39.772873 | F43: =E43*0.5 -> 19.886437 | G43: =PI()*F43^2 -> 1242.4068 | H43: =J43/I43 -> 1434.0234 | I43: 864.7 | J43: 1240000 | K43: =G43*H43 -> 1781640.3 | L43: =MIN(J43,K43) -> 1240000 | M43: . | N43: =O43/I43 -> 583.35492 | O43: 504427 | P43: =G43*N43 -> 724764.1 | Q43: =MIN(P43,O43) -> 504427
A44: Salt Lake City | B44: 58.266152 | C44: 69.33672 | D44: 1.3833656 | E44: =B44/D44 -> 42.119126 | F44: =E44*0.5 -> 21.059563 | G44: =PI()*F44^2 -> 1393.3127 | H44: =J44/I44 -> 1268.8041 | I44: 658.1 | J44: 835000 | K44: =G44*H44 -> 1767840.9 | L44: =MIN(J44,K44) -> 835000 | M44: . | N44: =O44/I44 -> 896.24677 | O44: 589820 | P44: =G44*N44 -> 1248752 | Q44: =MIN(P44,O44) -> 589820
A45: San Antonio | B45: 68.258758 | C45: 75.084634 | D45: 1.3944577 | E45: =B45/D45 -> 48.950039 | F45: =E45*0.5 -> 24.475019 | G45: =PI()*F45^2 -> 1881.8975 | H45: =J45/I45 -> 1075.3636 | I45: 1134.5 | J45: 1220000 | K45: =G45*H45 -> 2023724 | L45: =MIN(J45,K45) -> 1220000 | M45: . | N45: =O45/I45 -> 504.97752 | O45: 572897 | P45: =G45*N45 -> 950315.93 | Q45: =MIN(P45,O45) -> 572897
A46: San Diego | B46: 61.114708 | C46: 73.948797 | D46: 1.4004145 | E46: =B46/D46 -> 43.640443 | F46: =E46*0.5 -> 21.820222 | G46: =PI()*F46^2 -> 1495.7816 | H46: =J46/I46 -> 1429.3706 | I46: 1787.5 | J46: 2555000 | K46: =G46*H46 -> 2138026.3 | L46: =MIN(J46,K46) -> 2138026.3 | M46: . | N46: =O46/I46 -> 537.63021 | O46: 961014 | P46: =G46*N46 -> 804177.38 | Q46: =MIN(P46,O46) -> 804177.38
A47: San Francisco | B47: 56.191337 | C47: 74.172565 | D47: 1.4169329 | E47: =B47/D47 -> 39.657022 | F47: =E47*0.5 -> 19.828511 | G47: =PI()*F47^2 -> 1235.1795 | H47: =J47/I47 -> 1713.8566 | I47: 2263.9 | J47: 3880000 | K47: =G47*H47 -> 2116920.5 | L47: =MIN(J47,K47) -> 2116920.5 | M47: . | N47: =O47/I47 -> 816.73395 | O47: =962037+886967 -> 1849004 | P47: =G47*N47 -> 1008813 | Q47: =MIN(P47,O47) -> 1008813
A48: San Jose | B48: 57.512041 | C48: 71.314931 | D48: 1.4152399 | E48: =B48/D48 -> 40.637662 | F48: =E48*0.5 -> 20.318831 | G48: =PI()*F48^2 -> 1297.0219 | H48: =J48/I48 -> 1768.1953 | I48: 876.6 | J48: 1550000 | K48: =G48*H48 -> 2293388 | L48: =MIN(J48,K48) -> 1550000 | M48: . | N48: =O48/I48 -> 1079.5836 | O48: 946363 | P48: =G48*N48 -> 1400243.6 | Q48: =MIN(P48,O48) -> 946363
A49: Seattle | B49: 56.598099 | C49: 73.011548 | D49: 1.4075781 | E49: =B49/D49 -> 40.209563 | F49: =E49*0.5 -> 20.104782 | G49: =PI()*F49^2 -> 1269.8388 | H49: =J49/I49 -> 1664.8059 | I49: 1522.7 | J49: 2535000 | K49: =G49*H49 -> 2114035.2 | L49: =MIN(J49,K49) -> 2114035.2 | M49: . | N49: =O49/I49 -> 892.90668 | O49: =1169062 +190567 -> 1359629 | P49: =G49*N49 -> 1133847.5 | Q49: =MIN(P49,O49) -> 1133847.5
A50: South Florida | B50: 55.648504 | C50: 69.56063 | D50: 1.2685017 | E50: =B50/D50 -> 43.869474 | F50: =E50*0.5 -> 21.934737 | G50: =PI()*F50^2 -> 1511.5229 | H50: =J50/I50 -> 4685.7894 | I50: 913.4 | J50: 4280000 | K50: =G50*H50 -> 7082677.9 | L50: =MIN(J50,K50) -> 4280000 | M50: . | N50: =O50/I50 -> 1556.351 | O50: =835903+585668 -> 1421571 | P50: =G50*N50 -> 2352460.2 | Q50: =MIN(P50,O50) -> 1421571
A51: St. Louis | B51: 61.48109 | C51: 72.547686 | D51: 1.358629 | E51: =B51/D51 -> 45.252303 | F51: =E51*0.5 -> 22.626151 | G51: =PI()*F51^2 -> 1608.3155 | H51: =J51/I51 -> 1057.7943 | I51: 1886 | J51: 1995000 | K51: =G51*H51 -> 1701266.9 | L51: =MIN(J51,K51) -> 1701266.9 | M51: . | N51: =O51/I51 -> 632.73118 | O51: 1193331 | P51: =G51*N51 -> 1017631.4 | Q51: =MIN(P51,O51) -> 1017631.4
A52: Tampa Bay | B52: 49.704385 | C52: 64.118657 | D52: 1.2742559 | E52: =B52/D52 -> 39.006595 | F52: =E52*0.5 -> 19.503298 | G52: =PI()*F52^2 -> 1194.9947 | H52: =J52/I52 -> 1087.5379 | I52: 1682.7 | J52: 1830000 | K52: =G52*H52 -> 1299602 | L52: =MIN(J52,K52) -> 1299602 | M52: . | N52: =O52/I52 -> 580.54496 | O52: 976883 | P52: =G52*N52 -> 693748.13 | Q52: =MIN(P52,O52) -> 693748.13
A53: Washington | B53: 53.455408 | C53: 69.492031 | D53: 1.2938832 | E53: =B53/D53 -> 41.313936 | F53: =E53*0.5 -> 20.656968 | G53: =PI()*F53^2 -> 1340.5501 | H53: =J53/I53 -> 1434.644 | I53: 2446.6 | J53: 3510000 | K53: =G53*H53 -> 1923212.1 | L53: =MIN(J53,K53) -> 1923212.1 | M53: . | N53: =O53/I53 -> 840.12875 | O53: 2055459 | P53: =G53*N53 -> 1126234.6 | Q53: =MIN(P53,O53) -> 1126234.6
A55: Notes:
A56: 1 Circuity is from a sample of OD points with network distance matched to average commute distance
A57: * Circuitry is from 2001 commute distance; 1995 commute distance unavailable
A59: Data Sources:
A60: Network Speed (congested), Network Speed (freeflow), Population: TTI complete data 1982-2007 (calculated from 1995 values only)
A61: Circuity: Networks are Census Tiger 2008 county-level shapefiles merged together, commute distances are from 1995 NPTS
A62: Urbanized Area: Census 1990 Population and Housing Unit Counts (census.gov)
A63: Employment: 1998 MSA Business Patterns (NAICS - from Censtats)

Sheet 2001
B1: Network Speed (congested) [km/h] | C1: Network Speed (freeflow) [km/h] | D1: Circuity [ ] | E1: Average Airline Speed [km/h] | F1: Airline Radius [km] | G1: Area covered in 30 mins [km2] | H1: Urbanized area density [people/km2] | I1: Urbanized Area [km2] | J1: Population | K1: Accessibility | L1: MinPA,P | M1: . | N1: Employment Density | O1: Employment | P1: Employment Accessibility | Q1: Min EA, E
A2: Area | B2: S_n | D2: C2 | E2: S_a | F2: R_a | G2: A_30 | H2: D_UA | L2: =MIN(J2,K2) -> 0 | Q2: =MIN(P2,O2) -> 0
A3: Atlanta | B3: 52.31679 | C3: 68.53499 | D3: 1.2545032 | E3: =B3/D3 -> 41.703194 | F3: =E3*0.5 -> 20.851597 | G3: =PI()*F3^2 -> 1365.9302 | H3: 540.543 | I3: 5083.0589 | J3: 3850000 | K3: =G3*H3 -> 738344.01 | L3: =MIN(J3,K3) -> 738344.01 | M3: . | N3: =O3/I3 -> 418.87927 | O3: 2129188 | P3: =G3*N3 -> 572159.85 | Q3: =MIN(P3,O3) -> 572159.85
A4: Austin | B4: 53.19888 | C4: 67.56258 | D4: 1.3588387 | E4: =B4/D4 -> 39.150255 | F4: =E4*0.5 -> 19.575128 | G4: =PI()*F4^2 -> 1203.8131 | H4: 741.3162 | I4: 823.94448 | J4: 960000 | K4: =G4*H4 -> 892406.17 | L4: =MIN(J4,K4) -> 892406.17 | M4: . | N4: =O4/I4 -> 704.51955 | O4: 580485 | P4: =G4*N4 -> 848109.88 | Q4: =MIN(P4,O4) -> 580485
A5: Baltimore | B5: 57.5626 | C5: 71.37762 | D5: 1.252585 | E5: =B5/D5 -> 45.955044 | F5: =E5*0.5 -> 22.977522 | G5: =PI()*F5^2 -> 1658.6557 | H5: 1130.18 | I5: 1768.2607 | J5: 2210000 | K5: =G5*H5 -> 1874579.5 | L5: =MIN(J5,K5) -> 1874579.5 | M5: . | N5: =O5/I5 -> 601.54252 | O5: 1063684 | P5: =G5*N5 -> 997751.95 | Q5: =MIN(P5,O5) -> 997751.95
A6: Boston | B6: 60.28802 | C6: 74.15427 | D6: 1.2192841 | E6: =B6/D6 -> 49.445425 | F6: =E6*0.5 -> 24.722712 | G6: =PI()*F6^2 -> 1920.1807 | H6: 780.1243 | I6: 4496.6741 | J6: 3940000 | K6: =G6*H6 -> 1497979.6 | L6: =MIN(J6,K6) -> 1497979.6 | M6: . | N6: =O6/I6 -> 683.91236 | O6: 3075331 | P6: =G6*N6 -> 1313235.3 | Q6: =MIN(P6,O6) -> 1313235.3
A7: Buffalo | B7: 60.07548 | C7: 64.28076 | D7: 1.2197721 | E7: =B7/D7 -> 49.251397 | F7: =E7*0.5 -> 24.625699 | G7: =PI()*F7^2 -> 1905.1404 | H7: 742.2481 | I7: 949.73302 | J7: 1115000 | K7: =G7*H7 -> 1414086.9 | L7: =MIN(J7,K7) -> 1115000 | M7: . | N7: =O7/I7 -> 500.80074 | O7: 475627 | P7: =G7*N7 -> 954095.74 | Q7: =MIN(P7,O7) -> 475627
A8: Charlotte | B8: 54.73937 | C8: 66.78204 | D8: 1.232499 | E8: =B8/D8 -> 44.413317 | F8: =E8*0.5 -> 22.206659 | G8: =PI()*F8^2 -> 1549.2314 | H8: 612.8043 | I8: 1126.4161 | J8: 865000 | K8: =G8*H8 -> 949375.69 | L8: =MIN(J8,K8) -> 865000 | M8: . | N8: =O8/I8 -> 720.43269 | O8: 811507 | P8: =G8*N8 -> 1116117 | Q8: =MIN(P8,O8) -> 811507
A9: Chicago | B9: 47.50277 | C9: 64.12874 | D9: 1.2285083 | E9: =B9/D9 -> 38.667032 | F9: =E9*0.5 -> 19.333516 | G9: =PI()*F9^2 -> 1174.2797 | H9: 1111.92 | I9: 5498.057 | J9: 8150000 | K9: =G9*H9 -> 1305705.1 | L9: =MIN(J9,K9) -> 1305705.1 | M9: . | N9: =O9/I9 -> 762.04903 | O9: =3915405+225650+48734 -> 4189789 | P9: =G9*N9 -> 894858.73 | Q9: =MIN(P9,O9) -> 894858.73
A10: Cincinnati | B10: 59.70134 | C10: 70.44758 | D10: 1.3292592 | E10: =B10/D10 -> 44.913242 | F10: =E10*0.5 -> 22.456621 | G10: =PI()*F10^2 -> 1584.3046 | H10: 725.1187 | I10: 1739.8649 | J10: 1540000 | K10: =G10*H10 -> 1148808.9 | L10: =MIN(J10,K10) -> 1148808.9 | M10: . | N10: =O10/I10 -> 537.37105 | O10: =820201+114752 -> 934953 | P10: =G10*N10 -> 851359.42 | Q10: =MIN(P10,O10) -> 851359.42
A11: Cleveland | B11: 62.77554 | C11: 69.05309 | D11: 1.1958825 | E11: =B11/D11 -> 52.493067 | F11: =E11*0.5 -> 26.246533 | G11: =PI()*F11^2 -> 2164.182 | H11: 820.467 | I11: 1675.7263 | J11: 1785000 | K11: =G11*H11 -> 1775639.9 | L11: =MIN(J11,K11) -> 1775639.9 | M11: . | N11: =O11/I11 -> 643.10978 | O11: 1077676 | P11: =G11*N11 -> 1391806.6 | Q11: =MIN(P11,O11) -> 1077676
A12: Columbus | B12: 60.79675 | C12: 71.13219 | D12: 1.2517998 | E12: =B12/D12 -> 48.56747 | F12: =E12*0.5 -> 24.283735 | G12: =PI()*F12^2 -> 1852.5965 | H12: 793.0747 | I12: 1030.0578 | J12: 1140000 | K12: =G12*H12 -> 1469247.4 | L12: =MIN(J12,K12) -> 1140000 | M12: . | N12: =O12/I12 -> 750.93647 | O12: 773508 | P12: =G12*N12 -> 1391182.3 | Q12: =MIN(P12,O12) -> 773508
A13: Dallas-Fort Worth | B13: 56.96404 | C13: 70.06577 | D13: 1.2688045 | E13: =B13/D13 -> 44.895839 | F13: =E13*0.5 -> 22.447919 | G13: =PI()*F13^2 -> 1583.0771 | H13: 831.1357 | I13: 3644.2179 | J13: 4090000 | K13: =G13*H13 -> 1315751.9 | L13: =MIN(J13,K13) -> 1315751.9 | M13: . | N13: =O13/I13 -> 713.75617 | O13: =1915132+685951 -> 2601083 | P13: =G13*N13 -> 1129931 | Q13: =MIN(P13,O13) -> 1129931
A14: Denver | B14: 50.87279 | C14: 67.15208 | D14: 1.3463144 | E14: =B14/D14 -> 37.786709 | F14: =E14*0.5 -> 18.893354 | G14: =PI()*F14^2 -> 1121.4193 | H14: 919.8315 | I14: 1291.906 | J14: 2025000 | K14: =G14*H14 -> 1031516.8 | L14: =MIN(J14,K14) -> 1031516.8 | M14: . | N14: =O14/I14 -> 836.36813 | O14: 1080509 | P14: =G14*N14 -> 937919.34 | Q14: =MIN(P14,O14) -> 937919.34
A15: Detroit | B15: 50.51411 | C15: 65.16321 | D15: 1.2231188 | E15: =B15/D15 -> 41.299429 | F15: =E15*0.5 -> 20.649715 | G15: =PI()*F15^2 -> 1339.6088 | H15: 1127.53 | I15: 3267.1409 | J15: 4030000 | K15: =G15*H15 -> 1510449.1 | L15: =MIN(J15,K15) -> 1510449.1 | M15: . | N15: =O15/I15 -> 597.8524 | O15: 1953268 | P15: =G15*N15 -> 800888.31 | Q15: =MIN(P15,O15) -> 800888.31
A16: Grand Rapids | B16: 56.839146 | C16: 63.091452 | D16: 1.2876333 | E16: =B16/D16 -> 44.142338 | F16: =E16*0.5 -> 22.071169 | G16: =PI()*F16^2 -> 1530.3844 | H16: 1048.9459 | I16: 666.54415 | J16: 555000 | K16: =G16*H16 -> 1605290.6 | L16: =MIN(J16,K16) -> 555000 | M16: . | N16: =O16/I16 -> 796.59389 | O16: 530965 | P16: =G16*N16 -> 1219094.9 | Q16: =MIN(P16,O16) -> 530965
A17: Hampton Roads | B17: 54.51603 | C17: 64.32891 | D17: 1.3149722 | E17: =B17/D17 -> 41.457935 | F17: =E17*0.5 -> 20.728967 | G17: =PI()*F17^2 -> 1349.9112 | H17: 595.8125 | I17: 1364.4099 | J17: 1520000 | K17: =G17*H17 -> 804293.97 | L17: =MIN(J17,K17) -> 804293.97 | M17: . | N17: =O17/I17 -> 420.42645 | O17: 573634 | P17: =G17*N17 -> 567538.38 | Q17: =MIN(P17,O17) -> 567538.38
A18: Hartford | B18: 68.56857 | C18: 75.42543 | D18: 1.318605 | E18: =B18/D18 -> 52.000843 | F18: =E18*0.5 -> 26.000422 | G18: =PI()*F18^2 -> 2123.7855 | H18: 616.3466 | I18: 1215.5915 | J18: 870000 | K18: =G18*H18 -> 1308988 | L18: =MIN(J18,K18) -> 870000 | M18: . | N18: =O18/I18 -> 467.19724 | O18: 567921 | P18: =G18*N18 -> 992226.72 | Q18: =MIN(P18,O18) -> 567921
A19: Honolulu | B19: 58.403203 | C19: 68.915779 | D19: 1.5656731 | E19: =B19/D19 -> 37.302297 | F19: =E19*0.5 -> 18.651149 | G19: =PI()*F19^2 -> 1092.8512 | H19: 1930.5094 | I19: 399.17986 | J19: 700000 | K19: =G19*H19 -> 2109759.5 | L19: =MIN(J19,K19) -> 700000 | M19: . | N19: =O19/I19 -> 802.79853 | O19: 320461 | P19: =G19*N19 -> 877339.34 | Q19: =MIN(P19,O19) -> 320461
A20: Houston | B20: 53.7673 | C20: 68.82214 | D20: 1.3120577 | E20: =B20/D20 -> 40.979371 | F20: =E20*0.5 -> 20.489685 | G20: =PI()*F20^2 -> 1318.9261 | H20: 778.6393 | I20: 3354.7213 | J20: 3630000 | K20: =G20*H20 -> 1026967.7 | L20: =MIN(J20,K20) -> 1026967.7 | M20: . | N20: =O20/I20 -> 557.65586 | O20: 1870780 | P20: =G20*N20 -> 735506.84 | Q20: =MIN(P20,O20) -> 735506.84
A21: Indianapolis | B21: 53.33619 | C21: 65.07016 | D21: 1.2553195 | E21: =B21/D21 -> 42.488138 | F21: =E21*0.5 -> 21.244069 | G21: =PI()*F21^2 -> 1417.8337 | H21: 795.3705 | I21: 1432.0576 | J21: 1030000 | K21: =G21*H21 -> 1127703.1 | L21: =MIN(J21,K21) -> 1030000 | M21: . | N21: =O21/I21 -> 568.0393 | O21: 813465 | P21: =G21*N21 -> 805385.24 | Q21: =MIN(P21,O21) -> 805385.24
A22: Inland Empire1 | B22: 57.81975 | C22: 71.69648 | D22: 1.3322188 | E22: =B22/D22 -> 43.401092 | F22: =E22*0.5 -> 21.700546 | G22: =PI()*F22^2 -> 1479.419 | H22: 1048.911 | I22: 1136.4228 | J22: 1630000 | K22: =G22*H22 -> 1551778.9 | L22: =MIN(J22,K22) -> 1551778.9 | M22: . | N22: =O22/I22 -> 772.15541 | O22: 877495 | P22: =G22*N22 -> 1142341.4 | Q22: =MIN(P22,O22) -> 877495
A23: Jacksonville | B23: 54.3979 | C23: 63.64554 | D23: 1.3671479 | E23: =B23/D23 -> 39.789331 | F23: =E23*0.5 -> 19.894666 | G23: =PI()*F23^2 -> 1243.4352 | H23: 464.3661 | I23: 1063.2316 | J23: 890000 | K23: =G23*H23 -> 577409.15 | L23: =MIN(J23,K23) -> 577409.15 | M23: . | N23: =O23/I23 -> 467.65164 | O23: 497222 | P23: =G23*N23 -> 581494.5 | Q23: =MIN(P23,O23) -> 497222
A24: Kansas City | B24: 63.34106 | C24: 69.04175 | D24: 1.3058059 | E24: =B24/D24 -> 48.507255 | F24: =E24*0.5 -> 24.253628 | G24: =PI()*F24^2 -> 1848.0056 | H24: 534.1705 | I24: 1513.627 | J24: 1425000 | K24: =G24*H24 -> 987150.07 | L24: =MIN(J24,K24) -> 987150.07 | M24: . | N24: =O24/I24 -> 588.92447 | O24: 891412 | P24: =G24*N24 -> 1088335.7 | Q24: =MIN(P24,O24) -> 891412
A25: Las Vegas | B25: 50.76474 | C25: 64.47121 | D25: 1.3395993 | E25: =B25/D25 -> 37.895466 | F25: =E25*0.5 -> 18.947733 | G25: =PI()*F25^2 -> 1127.8839 | H25: 1701.467 | I25: 740.49811 | J25: 1300000 | K25: =G25*H25 -> 1919057.2 | L25: =MIN(J25,K25) -> 1300000 | M25: . | N25: =O25/I25 -> 934.33729 | O25: 691875 | P25: =G25*N25 -> 1053824 | Q25: =MIN(P25,O25) -> 691875
A26: Los Angeles | B26: 47.96656 | C26: 70.9905 | D26: 1.3322188 | E26: =B26/D26 -> 36.005017 | F26: =E26*0.5 -> 18.002509 | G26: =PI()*F26^2 -> 1018.1598 | H26: 2155.593 | I26: 4319.9303 | J26: 12450000 | K26: =G26*H26 -> 2194738.1 | L26: =MIN(J26,K26) -> 2194738.1 | M26: . | N26: =O26/I26 -> 1226.6024 | O26: =3889686+1409151 -> 5298837 | P26: =G26*N26 -> 1248877.2 | Q26: =MIN(P26,O26) -> 1248877.2
A27: Louisville | B27: 57.96375 | C27: 68.97688 | D27: 1.3589322 | E27: =B27/D27 -> 42.653894 | F27: =E27*0.5 -> 21.326947 | G27: =PI()*F27^2 -> 1428.9178 | H27: 763.3284 | I27: 1013.4551 | J27: 860000 | K27: =G27*H27 -> 1090733.6 | L27: =MIN(J27,K27) -> 860000 | M27: . | N27: =O27/I27 -> 509.17498 | O27: 516026 | P27: =G27*N27 -> 727569.21 | Q27: =MIN(P27,O27) -> 516026
A28: Memphis | B28: 57.32139 | C28: 64.77317 | D28: 1.3251324 | E28: =B28/D28 -> 43.257105 | F28: =E28*0.5 -> 21.628553 | G28: =PI()*F28^2 -> 1469.6191 | H28: 772.2043 | I28: 1035.5225 | J28: 980000 | K28: =G28*H28 -> 1134846.2 | L28: =MIN(J28,K28) -> 980000 | M28: . | N28: =O28/I28 -> 519.02878 | O28: 537466 | P28: =G28*N28 -> 762774.61 | Q28: =MIN(P28,O28) -> 537466
A29: Milwaukee | B29: 57.25628 | C29: 65.84471 | D29: 1.2147109 | E29: =B29/D29 -> 47.135727 | F29: =E29*0.5 -> 23.567864 | G29: =PI()*F29^2 -> 1744.9794 | H29: 931.9707 | I29: 1261.4412 | J29: 1400000 | K29: =G29*H29 -> 1626269.7 | L29: =MIN(J29,K29) -> 1400000 | M29: . | N29: =O29/I29 -> 619.65949 | O29: 781664 | P29: =G29*N29 -> 1081293 | Q29: =MIN(P29,O29) -> 781664
A30: Minneapolis-St.Paul | B30: 55.30265 | C30: 69.68134 | D30: 1.2298335 | E30: =B30/D30 -> 44.967592 | F30: =E30*0.5 -> 22.483796 | G30: =PI()*F30^2 -> 1588.1413 | H30: 756.6357 | I30: 2316.0156 | J30: 2430000 | K30: =G30*H30 -> 1201644.4 | L30: =MIN(J30,K30) -> 1201644.4 | M30: . | N30: =O30/I30 -> 709.14809 | O30: 1642398 | P30: =G30*N30 -> 1126227.4 | Q30: =MIN(P30,O30) -> 1126227.4
A31: Nashville | B31: 60.80458 | C31: 70.53332 | D31: 1.3726075 | E31: =B31/D31 -> 44.298592 | F31: =E31*0.5 -> 22.149296 | G31: =PI()*F31^2 -> 1541.2381 | H31: 455.8151 | I31: 1115.6883 | J31: 850000 | K31: =G31*H31 -> 702519.59 | L31: =MIN(J31,K31) -> 702519.59 | M31: . | N31: =O31/I31 -> 568.951 | O31: 634772 | P31: =G31*N31 -> 876888.95 | Q31: =MIN(P31,O31) -> 634772
A32: New Orleans | B32: 56.71207 | C32: 65.21888 | D32: 1.3418186 | E32: =B32/D32 -> 42.265079 | F32: =E32*0.5 -> 21.13254 | G32: =PI()*F32^2 -> 1402.9857 | H32: 1342.165 | I32: 512.39266 | J32: 1095000 | K32: =G32*H32 -> 1883038.3 | L32: =MIN(J32,K32) -> 1095000 | M32: . | N32: =O32/I32 -> 1056.4398 | O32: 541312 | P32: =G32*N32 -> 1482170 | Q32: =MIN(P32,O32) -> 541312
A33: New York | B33: 51.8687 | C33: 66.91063 | D33: 1.2505759 | E33: =B33/D33 -> 41.47585 | F33: =E33*0.5 -> 20.737925 | G33: =PI()*F33^2 -> 1351.0782 | H33: 1475.768 | I33: 8683.2033 | J33: 17200000 | K33: =G33*H33 -> 1993877.9 | L33: =MIN(J33,K33) -> 1993877.9 | M33: . | N33: =O33/I33 -> 908.0232 | O33: =3845734+647143+223496+331771+1100827+943220+792359 -> 7884550 | P33: =G33*N33 -> 1226810.3 | Q33: =MIN(P33,O33) -> 1226810.3
A34: Oklahoma City | B34: 59.51772 | C34: 65.46949 | D34: 1.2823721 | E34: =B34/D34 -> 46.412207 | F34: =E34*0.5 -> 23.206104 | G34: =PI()*F34^2 -> 1691.8207 | H34: 584.5659 | I34: 834.88805 | J34: 810000 | K34: =G34*H34 -> 988980.68 | L34: =MIN(J34,K34) -> 810000 | M34: . | N34: =O34/I34 -> 528.7128 | O34: 441416 | P34: =G34*N34 -> 894487.26 | Q34: =MIN(P34,O34) -> 441416
A35: Orlando | B35: 45.74069 | C35: 60.83512 | D35: 1.323813 | E35: =B35/D35 -> 34.552229 | F35: =E35*0.5 -> 17.276115 | G35: =PI()*F35^2 -> 937.65273 | H35: 708.8145 | I35: 1173.7605 | J35: 1230000 | K35: =G35*H35 -> 664621.85 | L35: =MIN(J35,K35) -> 664621.85 | M35: . | N35: =O35/I35 -> 697.01275 | O35: 818126 | P35: =G35*N35 -> 653555.91 | Q35: =MIN(P35,O35) -> 653555.91
A36: Philadelphia | B36: 52.86588 | C36: 66.61101 | D36: 1.2151793 | E36: =B36/D36 -> 43.504592 | F36: =E36*0.5 -> 21.752296 | G36: =PI()*F36^2 -> 1486.4835 | H36: 942.2731 | I36: 4660.7165 | J36: 5125000 | K36: =G36*H36 -> 1400673.4 | L36: =MIN(J36,K36) -> 1400673.4 | M36: . | N36: =O36/I36 -> 547.27079 | O36: =2237898+312776 -> 2550674 | P36: =G36*N36 -> 813508.99 | Q36: =MIN(P36,O36) -> 813508.99
A37: Phoenix | B37: 52.44265 | C37: 67.12659 | D37: 1.3591592 | E37: =B37/D37 -> 38.584626 | F37: =E37*0.5 -> 19.292313 | G37: =PI()*F37^2 -> 1169.2799 | H37: 990.8817 | I37: 2069.4187 | J37: 2900000 | K37: =G37*H37 -> 1158618 | L37: =MIN(J37,K37) -> 1158618 | M37: . | N37: =O37/I37 -> 677.88603 | O37: 1402830 | P37: =G37*N37 -> 792638.48 | Q37: =MIN(P37,O37) -> 792638.48
A38: Pittsburgh | B38: 58.55113 | C38: 64.40624 | D38: 1.3100772 | E38: =B38/D38 -> 44.692884 | F38: =E38*0.5 -> 22.346442 | G38: =PI()*F38^2 -> 1568.7966 | H38: 603.0711 | I38: 2207.6966 | J38: 1765000 | K38: =G38*H38 -> 946095.89 | L38: =MIN(J38,K38) -> 946095.89 | M38: . | N38: =O38/I38 -> 470.46366 | O38: 1038641 | P38: =G38*N38 -> 738061.78 | Q38: =MIN(P38,O38) -> 738061.78
A39: Portland | B39: 53.08795 | C39: 67.95258 | D39: 1.3917707 | E39: =B39/D39 -> 38.144179 | F39: =E39*0.5 -> 19.072089 | G39: =PI()*F39^2 -> 1142.7373 | H39: 1192.044 | I39: 1227.5103 | J39: 1590000 | K39: =G39*H39 -> 1362193.2 | L39: =MIN(J39,K39) -> 1362193.2 | M39: . | N39: =O39/I39 -> 714.74674 | O39: 877359 | P39: =G39*N39 -> 816767.78 | Q39: =MIN(P39,O39) -> 816767.78
A40: Providence | B40: 62.4824 | C40: 71.22993 | D40: 1.2391401 | E40: =B40/D40 -> 50.424 | F40: =E40*0.5 -> 25.212 | G40: =PI()*F40^2 -> 1996.9375 | H40: 595.1384 | I40: 1304.4013 | J40: 1210000 | K40: =G40*H40 -> 1188454.2 | L40: =MIN(J40,K40) -> 1188454.2 | M40: . | N40: =O40/I40 -> 482.4474 | O40: 629305 | P40: =G40*N40 -> 963417.29 | Q40: =MIN(P40,O40) -> 629305
A41: Raleigh | B41: 61.62895 | C41: 70.25701 | D41: 1.2413604 | E41: =B41/D41 -> 49.6463 | F41: =E41*0.5 -> 24.82315 | G41: =PI()*F41^2 -> 1935.8141 | H41: 484.1599 | I41: 827.79291 | J41: 790000 | K41: =G41*H41 -> 937243.57 | L41: =MIN(J41,K41) -> 790000 | M41: . | N41: =O41/I41 -> 742.45019 | O41: 614595 | P41: =G41*N41 -> 1437245.6 | Q41: =MIN(P41,O41) -> 614595
A42: Rochester | B42: 62.089398 | C42: 65.814761 | D42: 1.2673101 | E42: =B42/D42 -> 48.99306 | F42: =E42*0.5 -> 24.49653 | G42: =PI()*F42^2 -> 1885.2069 | H42: 723.26126 | I42: 764.44365 | J42: 665000 | K42: =G42*H42 -> 1363497.1 | L42: =MIN(J42,K42) -> 665000 | M42: . | N42: =O42/I42 -> 595.4448 | O42: 455184 | P42: =G42*N42 -> 1122536.6 | Q42: =MIN(P42,O42) -> 455184
A43: Sacramento | B43: 53.29741 | C43: 67.68771 | D43: 1.4087461 | E43: =B43/D43 -> 37.833225 | F43: =E43*0.5 -> 18.916613 | G43: =PI()*F43^2 -> 1124.182 | H43: 1367.639 | I43: 955.78454 | J43: 1470000 | K43: =G43*H43 -> 1537475.1 | L43: =MIN(J43,K43) -> 1470000 | M43: . | N43: =O43/I43 -> 612.25828 | O43: 585187 | P43: =G43*N43 -> 688289.71 | Q43: =MIN(P43,O43) -> 585187
A44: Salt Lake City | B44: 52.23418 | C44: 63.7257 | D44: 1.4286295 | E44: =B44/D44 -> 36.562439 | F44: =E44*0.5 -> 18.281219 | G44: =PI()*F44^2 -> 1049.9296 | H44: 899.2759 | I44: 597.56598 | J44: 920000 | K44: =G44*H44 -> 944176.41 | L44: =MIN(J44,K44) -> 920000 | M44: . | N44: =O44/I44 -> 1022.9582 | O44: 611285 | P44: =G44*N44 -> 1074034.1 | Q44: =MIN(P44,O44) -> 611285
A45: San Antonio | B45: 59.60624 | C45: 71.52749 | D45: 1.3773597 | E45: =B45/D45 -> 43.275726 | F45: =E45*0.5 -> 21.637863 | G45: =PI()*F45^2 -> 1470.8846 | H45: 935.5552 | I45: 1055.5735 | J45: 1260000 | K45: =G45*H45 -> 1376093.8 | L45: =MIN(J45,K45) -> 1260000 | M45: . | N45: =O45/I45 -> 601.99786 | O45: 635453 | P45: =G45*N45 -> 885469.4 | Q45: =MIN(P45,O45) -> 635453
A46: San Diego | B46: 53.16983 | C46: 70.71587 | D46: 1.4004145 | E46: =B46/D46 -> 37.96721 | F46: =E46*0.5 -> 18.983605 | G46: =PI()*F46^2 -> 1132.1585 | H46: 1412.321 | I46: 2026.112 | J46: 2780000 | K46: =G46*H46 -> 1598971.3 | L46: =MIN(J46,K46) -> 1598971.3 | M46: . | N46: =O46/I46 -> 533.91026 | O46: 1081762 | P46: =G46*N46 -> 604471.06 | Q46: =MIN(P46,O46) -> 604471.06
A47: San Francisco | B47: 53.32521 | C47: 72.52228 | D47: 1.4605973 | E47: =B47/D47 -> 36.509181 | F47: =E47*0.5 -> 18.25459 | G47: =PI()*F47^2 -> 1046.8731 | H47: 1233.717 | I47: 1107.7471 | J47: 4090000 | K47: =G47*H47 -> 1291545.2 | L47: =MIN(J47,K47) -> 1291545.2 | M47: . | N47: =O47/I47 -> 1849.248 | O47: =1048438+1000061 -> 2048499 | P47: =G47*N47 -> 1935928 | Q47: =MIN(P47,O47) -> 1935928
A48: San Jose1 | B48: 50.66389 | C48: 67.88962 | D48: 1.4605973 | E48: =B48/D48 -> 34.687104 | F48: =E48*0.5 -> 17.343552 | G48: =PI()*F48^2 -> 944.98731 | H48: 1658.259 | I48: 673.68371 | J48: 1675000 | K48: =G48*H48 -> 1567033.7 | L48: =MIN(J48,K48) -> 1567033.7 | M48: . | N48: =O48/I48 -> 1548.2013 | O48: 1042998 | P48: =G48*N48 -> 1463030.6 | Q48: =MIN(P48,O48) -> 1042998
A49: Seattle | B49: 58.18665 | C49: 73.89704 | D49: 1.4023949 | E49: =B49/D49 -> 41.490918 | F49: =E49*0.5 -> 20.745459 | G49: =PI()*F49^2 -> 1352.06 | H49: 856.6154 | I49: 2469.8811 | J49: 2740000 | K49: =G49*H49 -> 1158195.4 | L49: =MIN(J49,K49) -> 1158195.4 | M49: . | N49: =O49/I49 -> 599.91348 | O49: 1481715 | P49: =G49*N49 -> 811119.03 | Q49: =MIN(P49,O49) -> 811119.03
A50: South Florida | B50: 59.82909 | C50: 81.36757 | D50: 1.2685017 | E50: =B50/D50 -> 47.165162 | F50: =E50*0.5 -> 23.582581 | G50: =PI()*F50^2 -> 1747.1594 | H50: 1147.902 | I50: 2890.6685 | J50: 4965000 | K50: =G50*H50 -> 2005567.8 | L50: =MIN(J50,K50) -> 2005567.8 | M50: . | N50: =O50/I50 -> 514.04512 | O50: =845720+640214 -> 1485934 | P50: =G50*N50 -> 898118.78 | Q50: =MIN(P50,O50) -> 898118.78
A51: St. Louis | B51: 56.50248 | C51: 66.67293 | D51: 1.3553298 | E51: =B51/D51 -> 41.689099 | F51: =E51*0.5 -> 20.84455 | G51: =PI()*F51^2 -> 1365.0071 | H51: 699.066 | I51: 2146.9741 | J51: 2055000 | K51: =G51*H51 -> 954230.03 | L51: =MIN(J51,K51) -> 954230.03 | M51: . | N51: =O51/I51 -> 568.53085 | O51: 1220621 | P51: =G51*N51 -> 776048.62 | Q51: =MIN(P51,O51) -> 776048.62
A52: Tampa Bay | B52: 47.58084 | C52: 59.95186 | D52: 1.29 | E52: =B52/D52 -> 36.884372 | F52: =E52*0.5 -> 18.442186 | G52: =PI()*F52^2 -> 1068.5004 | H52: 576.2719 | I52: 2077.8744 | J52: 2000000 | K52: =G52*H52 -> 615746.73 | L52: =MIN(J52,K52) -> 615746.73 | M52: . | N52: =O52/I52 -> 501.91291 | O52: 1042912 | P52: =G52*N52 -> 536294.12 | Q52: =MIN(P52,O52) -> 536294.12
A53: Washington | B53: 49.55658 | C53: 67.39695 | D53: 1.3045456 | E53: =B53/D53 -> 37.987619 | F53: =E53*0.5 -> 18.993809 | G53: =PI()*F53^2 -> 1133.376 | H53: 1265.034 | I53: 2996.0093 | J53: 4030000 | K53: =G53*H53 -> 1433759.2 | L53: =MIN(J53,K53) -> 1433759.2 | M53: . | N53: =O53/I53 -> 760.55704 | O53: 2278636 | P53: =G53*N53 -> 861997.12 | Q53: =MIN(P53,O53) -> 861997.12
A56: Notes:
A57: 1 Los Angeles-Inland Empire and San Francisco-San Jose were combined for the circuity analysis
A58: 2 Circuity is from a sample of OD points with network distance matched to average commute distance
A60: Data Sources:
A61: Network Speed (congested), Network Speed (freeflow), Population: TTI complete data 1982-2007 (calculated from 2001 values only), FHWA data on highway usage in 2001
A62: Circuity: Networks are Census Tiger 2008 county-level shapefiles merged together, commute distances are from 2001 NHTS
A63: Urbanized Area: Census 2000 Urbanized Area (census.gov)
A64: Employment: 2001 MSA Business Patterns (NAICS - from Censtats)

Sheet 2000-10
A1: =1/6 -> 0.16666667 | B1: Network Speed (congested) [km/h] | C1: Network Speed (freeflow) [km/h] | D1: 10 min Distance [m] | E1: Circuity [ ] | F1: Average Airline Speed [km/h] | G1: Airline Radius [km] | H1: Area covered in $A$1$ hrs [km2] | I1: Urbanized area density [people/km2] | J1: Area [km2] | K1: Population | L1: Accessibility | M1: MinPA,P | N1: . | O1: Employment Density | P1: Employment | Q1: Employment Accessibility | R1: Min EA, E
A2: Area | B2: S_n | C2: S_f | E2: C3 | F2: S_a | G2: R_a | H2: A_X | I2: D_UA | J2: Area | K2: Pop | L2: A_P | M2: MinA_P | N2: . | O2: D_Emp | P2: Emp | Q2: A_E | R2: MinA_E
A3: Atlanta | B3: 52.31679 | C3: 68.53499 | D3: =B3*$A$1*1000 -> 8719.465 | E3: ='Interval Circuities'!B3 -> 1.379415 | F3: =B3/E3 -> 37.926796 | G3: =F3*$A$1 -> 6.3211326 | H3: =PI()*G3^2 -> 125.52773 | I3: =K3/J3 -> 757.41794 | J3: 5083.0589 | K3: 3850000 | L3: =H3*I3 -> 95076.954 | M3: =MIN(K3,L3) -> 95076.954 | N3: . | O3: =P3/J3 -> 418.87927 | P3: 2129188 | Q3: =H3*O3 -> 52580.964 | R3: =MIN(Q3,P3) -> 52580.964
A4: Austin | B4: 53.19888 | C4: 67.56258 | D4: =B4*$A$1*1000 -> 8866.48 | E4: ='Interval Circuities'!B4 -> 1.3965837 | F4: =B4/E4 -> 38.092154 | G4: =F4*$A$1 -> 6.3486924 | H4: =PI()*G4^2 -> 126.6247 | I4: =K4/J4 -> 1165.127 | J4: 823.94448 | K4: 960000 | L4: =H4*I4 -> 147533.87 | M4: =MIN(K4,L4) -> 147533.87 | N4: . | O4: =P4/J4 -> 704.51955 | P4: 580485 | Q4: =H4*O4 -> 89209.579 | R4: =MIN(Q4,P4) -> 89209.579
A5: Baltimore2 | B5: 57.5626 | C5: 71.37762 | D5: =B5*$A$1*1000 -> 9593.7667 | E5: ='Interval Circuities'!B5 -> 1.3553895 | F5: =B5/E5 -> 42.469415 | G5: =F5*$A$1 -> 7.0782358 | H5: =PI()*G5^2 -> 157.39826 | I5: =K5/J5 -> 1249.8157 | J5: 1768.2607 | K5: 2210000 | L5: =H5*I5 -> 196718.81 | M5: =MIN(K5,L5) -> 196718.81 | N5: . | O5: =P5/J5 -> 601.54252 | P5: 1063684 | Q5: =H5*O5 -> 94681.744 | R5: =MIN(Q5,P5) -> 94681.744
A6: Boston | B6: 60.28802 | C6: 74.15427 | D6: =B6*$A$1*1000 -> 10048.003 | E6: ='Interval Circuities'!B6 -> 1.3218967 | F6: =B6/E6 -> 45.60721 | G6: =F6*$A$1 -> 7.6012017 | H6: =PI()*G6^2 -> 181.51578 | I6: =K6/J6 -> 876.20315 | J6: 4496.6741 | K6: 3940000 | L6: =H6*I6 -> 159044.7 | M6: =MIN(K6,L6) -> 159044.7 | N6: . | O6: =P6/J6 -> 683.91236 | P6: 3075331 | Q6: =H6*O6 -> 124140.89 | R6: =MIN(Q6,P6) -> 124140.89
A7: Buffalo | B7: 60.07548 | C7: 64.28076 | D7: =B7*$A$1*1000 -> 10012.58 | E7: ='Interval Circuities'!B7 -> 1.2781328 | F7: =B7/E7 -> 47.002532 | G7: =F7*$A$1 -> 7.8337553 | H7: =PI()*G7^2 -> 192.79239 | I7: =K7/J7 -> 1174.0141 | J7: 949.73302 | K7: 1115000 | L7: =H7*I7 -> 226340.99 | M7: =MIN(K7,L7) -> 226340.99 | N7: . | O7: =P7/J7 -> 500.80074 | P7: 475627 | Q7: =H7*O7 -> 96550.57 | R7: =MIN(Q7,P7) -> 96550.57
A8: Charlotte | B8: 54.73937 | C8: 66.78204 | D8: =B8*$A$1*1000 -> 9123.2283 | E8: ='Interval Circuities'!B8 -> 1.3850359 | F8: =B8/E8 -> 39.521987 | G8: =F8*$A$1 -> 6.5869979 | H8: =PI()*G8^2 -> 136.30912 | I8: =K8/J8 -> 767.92225 | J8: 1126.4161 | K8: 865000 | L8: =H8*I8 -> 104674.81 | M8: =MIN(K8,L8) -> 104674.81 | N8: . | O8: =P8/J8 -> 720.43269 | P8: 811507 | Q8: =H8*O8 -> 98201.548 | R8: =MIN(Q8,P8) -> 98201.548
A9: Chicago | B9: 47.50277 | C9: 64.12874 | D9: =B9*$A$1*1000 -> 7917.1283 | E9: ='Interval Circuities'!B9 -> 1.3268247 | F9: =B9/E9 -> 35.801842 | G9: =F9*$A$1 -> 5.9669737 | H9: =PI()*G9^2 -> 111.8557 | I9: =K9/J9 -> 1482.3419 | J9: 5498.057 | K9: 8150000 | L9: =H9*I9 -> 165808.39 | M9: =MIN(K9,L9) -> 165808.39 | N9: . | O9: =P9/J9 -> 762.04903 | P9: =3915405+225650+48734 -> 4189789 | Q9: =H9*O9 -> 85239.529 | R9: =MIN(Q9,P9) -> 85239.529
A10: Cincinnati | B10: 59.70134 | C10: 70.44758 | D10: =B10*$A$1*1000 -> 9950.2233 | E10: ='Interval Circuities'!B10 -> 1.4218195 | F10: =B10/E10 -> 41.989396 | G10: =F10*$A$1 -> 6.9982326 | H10: =PI()*G10^2 -> 153.86032 | I10: =K10/J10 -> 885.12621 | J10: 1739.8649 | K10: 1540000 | L10: =H10*I10 -> 136185.8 | M10: =MIN(K10,L10) -> 136185.8 | N10: . | O10: =P10/J10 -> 537.37105 | P10: =820201+114752 -> 934953 | Q10: =H10*O10 -> 82680.079 | R10: =MIN(Q10,P10) -> 82680.079
A11: Cleveland | B11: 62.77554 | C11: 69.05309 | D11: =B11*$A$1*1000 -> 10462.59 | E11: ='Interval Circuities'!B11 -> 1.2874615 | F11: =B11/E11 -> 48.759157 | G11: =F11*$A$1 -> 8.1265262 | H11: =PI()*G11^2 -> 207.47212 | I11: =K11/J11 -> 1065.2097 | J11: 1675.7263 | K11: 1785000 | L11: =H11*I11 -> 221001.32 | M11: =MIN(K11,L11) -> 221001.32 | N11: . | O11: =P11/J11 -> 643.10978 | P11: 1077676 | Q11: =H11*O11 -> 133427.35 | R11: =MIN(Q11,P11) -> 133427.35
A12: Columbus | B12: 60.79675 | C12: 71.13219 | D12: =B12*$A$1*1000 -> 10132.792 | E12: ='Interval Circuities'!B12 -> 1.3211732 | F12: =B12/E12 -> 46.017243 | G12: =F12*$A$1 -> 7.6695406 | H12: =PI()*G12^2 -> 184.7943 | I12: =K12/J12 -> 1106.734 | J12: 1030.0578 | K12: 1140000 | L12: =H12*I12 -> 204518.13 | M12: =MIN(K12,L12) -> 204518.13 | N12: . | O12: =P12/J12 -> 750.93647 | P12: 773508 | Q12: =H12*O12 -> 138768.78 | R12: =MIN(Q12,P12) -> 138768.78
A13: Dallas-Fort Worth | B13: 56.96404 | C13: 70.06577 | D13: =B13*$A$1*1000 -> 9494.0067 | E13: ='Interval Circuities'!B13 -> 1.3489383 | F13: =B13/E13 -> 42.228795 | G13: =F13*$A$1 -> 7.0381326 | H13: =PI()*G13^2 -> 155.61977 | I13: =K13/J13 -> 1122.3259 | J13: 3644.2179 | K13: 4090000 | L13: =H13*I13 -> 174656.09 | M13: =MIN(K13,L13) -> 174656.09 | N13: . | O13: =P13/J13 -> 713.75617 | P13: =1915132+685951 -> 2601083 | Q13: =H13*O13 -> 111074.57 | R13: =MIN(Q13,P13) -> 111074.57
A14: Denver | B14: 50.87279 | C14: 67.15208 | D14: =B14*$A$1*1000 -> 8478.7983 | E14: ='Interval Circuities'!B14 -> 1.3590874 | F14: =B14/E14 -> 37.431582 | G14: =F14*$A$1 -> 6.2385969 | H14: =PI()*G14^2 -> 122.27107 | I14: =K14/J14 -> 1567.4515 | J14: 1291.906 | K14: 2025000 | L14: =H14*I14 -> 191653.98 | M14: =MIN(K14,L14) -> 191653.98 | N14: . | O14: =P14/J14 -> 836.36813 | P14: 1080509 | Q14: =H14*O14 -> 102263.63 | R14: =MIN(Q14,P14) -> 102263.63
A15: Detroit | B15: 50.51411 | C15: 65.16321 | D15: =B15*$A$1*1000 -> 8419.0183 | E15: ='Interval Circuities'!B15 -> 1.3076806 | F15: =B15/E15 -> 38.628783 | G15: =F15*$A$1 -> 6.4381305 | H15: =PI()*G15^2 -> 130.21752 | I15: =K15/J15 -> 1233.4944 | J15: 3267.1409 | K15: 4030000 | L15: =H15*I15 -> 160622.58 | M15: =MIN(K15,L15) -> 160622.58 | N15: . | O15: =P15/J15 -> 597.8524 | P15: 1953268 | Q15: =H15*O15 -> 77850.857 | R15: =MIN(Q15,P15) -> 77850.857
A16: Grand Rapids | B16: 56.839146 | C16: 63.091452 | D16: =B16*$A$1*1000 -> 9473.1909 | E16: ='Interval Circuities'!B16 -> 1.3330444 | F16: =B16/E16 -> 42.6386 | G16: =F16*$A$1 -> 7.1064333 | H16: =PI()*G16^2 -> 158.65481 | I16: =K16/J16 -> 832.65302 | J16: 666.54415 | K16: 555000 | L16: =H16*I16 -> 132104.41 | M16: =MIN(K16,L16) -> 132104.41 | N16: . | O16: =P16/J16 -> 796.59389 | P16: 530965 | Q16: =H16*O16 -> 126383.45 | R16: =MIN(Q16,P16) -> 126383.45
A17: Hampton Roads | B17: 54.51603 | C17: 64.32891 | D17: =B17*$A$1*1000 -> 9086.005 | E17: ='Interval Circuities'!B17 -> 1.4488158 | F17: =B17/E17 -> 37.627992 | G17: =F17*$A$1 -> 6.271332 | H17: =PI()*G17^2 -> 123.5576 | I17: =K17/J17 -> 1114.0347 | J17: 1364.4099 | K17: 1520000 | L17: =H17*I17 -> 137647.46 | M17: =MIN(K17,L17) -> 137647.46 | N17: . | O17: =P17/J17 -> 420.42645 | P17: 573634 | Q17: =H17*O17 -> 51946.882 | R17: =MIN(Q17,P17) -> 51946.882
A18: Hartford | B18: 68.56857 | C18: 75.42543 | D18: =B18*$A$1*1000 -> 11428.095 | E18: ='Interval Circuities'!B18 -> 1.3193656 | F18: =B18/E18 -> 51.970863 | G18: =F18*$A$1 -> 8.6618104 | H18: =PI()*G18^2 -> 235.70415 | I18: =K18/J18 -> 715.70095 | J18: 1215.5915 | K18: 870000 | L18: =H18*I18 -> 168693.68 | M18: =MIN(K18,L18) -> 168693.68 | N18: . | O18: =P18/J18 -> 467.19724 | P18: 567921 | Q18: =H18*O18 -> 110120.33 | R18: =MIN(Q18,P18) -> 110120.33
A19: Honolulu | B19: 58.403203 | C19: 68.915779 | D19: =B19*$A$1*1000 -> 9733.8672 | E19: ='Interval Circuities'!B19 -> 1.3897113 | F19: =B19/E19 -> 42.025421 | G19: =F19*$A$1 -> 7.0042369 | H19: =PI()*G19^2 -> 154.12445 | I19: =K19/J19 -> 1753.5955 | J19: 399.17986 | K19: 700000 | L19: =H19*I19 -> 270271.93 | M19: =MIN(K19,L19) -> 270271.93 | N19: . | O19: =P19/J19 -> 802.79853 | P19: 320461 | Q19: =H19*O19 -> 123730.88 | R19: =MIN(Q19,P19) -> 123730.88
A20: Houston | B20: 53.7673 | C20: 68.82214 | D20: =B20*$A$1*1000 -> 8961.2167 | E20: ='Interval Circuities'!B20 -> 1.3702791 | F20: =B20/E20 -> 39.238209 | G20: =F20*$A$1 -> 6.5397016 | H20: =PI()*G20^2 -> 134.35868 | I20: =K20/J20 -> 1082.0571 | J20: 3354.7213 | K20: 3630000 | L20: =H20*I20 -> 145383.76 | M20: =MIN(K20,L20) -> 145383.76 | N20: . | O20: =P20/J20 -> 557.65586 | P20: 1870780 | Q20: =H20*O20 -> 74925.905 | R20: =MIN(Q20,P20) -> 74925.905
A21: Indianapolis | B21: 53.33619 | C21: 65.07016 | D21: =B21*$A$1*1000 -> 8889.365 | E21: ='Interval Circuities'!B21 -> 1.3488678 | F21: =B21/E21 -> 39.54145 | G21: =F21*$A$1 -> 6.5902417 | H21: =PI()*G21^2 -> 136.44341 | I21: =K21/J21 -> 719.24481 | J21: 1432.0576 | K21: 1030000 | L21: =H21*I21 -> 98136.214 | M21: =MIN(K21,L21) -> 98136.214 | N21: . | O21: =P21/J21 -> 568.0393 | P21: 813465 | Q21: =H21*O21 -> 77505.219 | R21: =MIN(Q21,P21) -> 77505.219
A22: Inland Empire2 | B22: 57.81975 | C22: 71.69648 | D22: =B22*$A$1*1000 -> 9636.625 | E22: ='Interval Circuities'!B22 -> 1.3681549 | F22: =B22/E22 -> 42.261115 | G22: =F22*$A$1 -> 7.0435192 | H22: =PI()*G22^2 -> 155.85806 | I22: =K22/J22 -> 1434.3253 | J22: 1136.4228 | K22: 1630000 | L22: =H22*I22 -> 223551.17 | M22: =MIN(K22,L22) -> 223551.17 | N22: . | O22: =P22/J22 -> 772.15541 | P22: 877495 | Q22: =H22*O22 -> 120346.65 | R22: =MIN(Q22,P22) -> 120346.65
A23: Jacksonville | B23: 54.3979 | C23: 63.64554 | D23: =B23*$A$1*1000 -> 9066.3167 | E23: ='Interval Circuities'!B23 -> 1.4208874 | F23: =B23/E23 -> 38.284455 | G23: =F23*$A$1 -> 6.3807425 | H23: =PI()*G23^2 -> 127.90641 | I23: =K23/J23 -> 837.07068 | J23: 1063.2316 | K23: 890000 | L23: =H23*I23 -> 107066.7 | M23: =MIN(K23,L23) -> 107066.7 | N23: . | O23: =P23/J23 -> 467.65164 | P23: 497222 | Q23: =H23*O23 -> 59815.641 | R23: =MIN(Q23,P23) -> 59815.641
A24: Kansas City | B24: 63.34106 | C24: 69.04175 | D24: =B24*$A$1*1000 -> 10556.843 | E24: ='Interval Circuities'!B24 -> 1.3468144 | F24: =B24/E24 -> 47.030281 | G24: =F24*$A$1 -> 7.8383802 | H24: =PI()*G24^2 -> 193.02009 | I24: =K24/J24 -> 941.44724 | J24: 1513.627 | K24: 1425000 | L24: =H24*I24 -> 181718.23 | M24: =MIN(K24,L24) -> 181718.23 | N24: . | O24: =P24/J24 -> 588.92447 | P24: 891412 | Q24: =H24*O24 -> 113674.25 | R24: =MIN(Q24,P24) -> 113674.25
A25: Las Vegas | B25: 50.76474 | C25: 64.47121 | D25: =B25*$A$1*1000 -> 8460.79 | E25: ='Interval Circuities'!B25 -> 1.3370218 | F25: =B25/E25 -> 37.968521 | G25: =F25*$A$1 -> 6.3280868 | H25: =PI()*G25^2 -> 125.80408 | I25: =K25/J25 -> 1755.575 | J25: 740.49811 | K25: 1300000 | L25: =H25*I25 -> 220858.5 | M25: =MIN(K25,L25) -> 220858.5 | N25: . | O25: =P25/J25 -> 934.33729 | P25: 691875 | Q25: =H25*O25 -> 117543.44 | R25: =MIN(Q25,P25) -> 117543.44
A26: Los Angeles2 | B26: 47.96656 | C26: 70.9905 | D26: =B26*$A$1*1000 -> 7994.4267 | E26: ='Interval Circuities'!B26 -> 1.3204751 | F26: =B26/E26 -> 36.32523 | G26: =F26*$A$1 -> 6.0542049 | H26: =PI()*G26^2 -> 115.15004 | I26: =K26/J26 -> 2881.9909 | J26: 4319.9303 | K26: 12450000 | L26: =H26*I26 -> 331861.38 | M26: =MIN(K26,L26) -> 331861.38 | N26: . | O26: =P26/J26 -> 1226.6024 | P26: =3889686+1409151 -> 5298837 | Q26: =H26*O26 -> 141243.32 | R26: =MIN(Q26,P26) -> 141243.32
A27: Louisville | B27: 57.96375 | C27: 68.97688 | D27: =B27*$A$1*1000 -> 9660.625 | E27: ='Interval Circuities'!B27 -> 1.4104778 | F27: =B27/E27 -> 41.095118 | G27: =F27*$A$1 -> 6.8491863 | H27: =PI()*G27^2 -> 147.37636 | I27: =K27/J27 -> 848.58221 | J27: 1013.4551 | K27: 860000 | L27: =H27*I27 -> 125060.96 | M27: =MIN(K27,L27) -> 125060.96 | N27: . | O27: =P27/J27 -> 509.17498 | P27: 516026 | Q27: =H27*O27 -> 75040.356 | R27: =MIN(Q27,P27) -> 75040.356
A28: Memphis | B28: 57.32139 | C28: 64.77317 | D28: =B28*$A$1*1000 -> 9553.565 | E28: ='Interval Circuities'!B28 -> 1.3956796 | F28: =B28/E28 -> 41.070595 | G28: =F28*$A$1 -> 6.8450992 | H28: =PI()*G28^2 -> 147.20053 | I28: =K28/J28 -> 946.38211 | J28: 1035.5225 | K28: 980000 | L28: =H28*I28 -> 139307.94 | M28: =MIN(K28,L28) -> 139307.94 | N28: . | O28: =P28/J28 -> 519.02878 | P28: 537466 | Q28: =H28*O28 -> 76401.309 | R28: =MIN(Q28,P28) -> 76401.309
A29: Milwaukee | B29: 57.25628 | C29: 65.84471 | D29: =B29*$A$1*1000 -> 9542.7133 | E29: ='Interval Circuities'!B29 -> 1.2891528 | F29: =B29/E29 -> 44.413883 | G29: =F29*$A$1 -> 7.4023138 | H29: =PI()*G29^2 -> 172.14121 | I29: =K29/J29 -> 1109.8417 | J29: 1261.4412 | K29: 1400000 | L29: =H29*I29 -> 191049.49 | M29: =MIN(K29,L29) -> 191049.49 | N29: . | O29: =P29/J29 -> 619.65949 | P29: 781664 | Q29: =H29*O29 -> 106668.94 | R29: =MIN(Q29,P29) -> 106668.94
A30: Minneapolis-St.Paul | B30: 55.30265 | C30: 69.68134 | D30: =B30*$A$1*1000 -> 9217.1083 | E30: ='Interval Circuities'!B30 -> 1.3631972 | F30: =B30/E30 -> 40.568341 | G30: =F30*$A$1 -> 6.7613901 | H30: =PI()*G30^2 -> 143.6223 | I30: =K30/J30 -> 1049.2157 | J30: 2316.0156 | K30: 2430000 | L30: =H30*I30 -> 150690.77 | M30: =MIN(K30,L30) -> 150690.77 | N30: . | O30: =P30/J30 -> 709.14809 | P30: 1642398 | Q30: =H30*O30 -> 101849.48 | R30: =MIN(Q30,P30) -> 101849.48
A31: Nashville | B31: 60.80458 | C31: 70.53332 | D31: =B31*$A$1*1000 -> 10134.097 | E31: ='Interval Circuities'!B31 -> 1.4676806 | F31: =B31/E31 -> 41.429027 | G31: =F31*$A$1 -> 6.9048378 | H31: =PI()*G31^2 -> 149.78104 | I31: =K31/J31 -> 761.8615 | J31: 1115.6883 | K31: 850000 | L31: =H31*I31 -> 114112.41 | M31: =MIN(K31,L31) -> 114112.41 | N31: . | O31: =P31/J31 -> 568.951 | P31: 634772 | Q31: =H31*O31 -> 85218.072 | R31: =MIN(Q31,P31) -> 85218.072
A32: New Orleans | B32: 56.71207 | C32: 65.21888 | D32: =B32*$A$1*1000 -> 9452.0117 | E32: ='Interval Circuities'!B32 -> 1.3950623 | F32: =B32/E32 -> 40.651997 | G32: =F32*$A$1 -> 6.7753328 | H32: =PI()*G32^2 -> 144.21523 | I32: =K32/J32 -> 2137.033 | J32: 512.39266 | K32: 1095000 | L32: =H32*I32 -> 308192.71 | M32: =MIN(K32,L32) -> 308192.71 | N32: . | O32: =P32/J32 -> 1056.4398 | P32: 541312 | Q32: =H32*O32 -> 152354.71 | R32: =MIN(Q32,P32) -> 152354.71
A33: New York | B33: 51.8687 | C33: 66.91063 | D33: =B33*$A$1*1000 -> 8644.7833 | E33: ='Interval Circuities'!B33 -> 1.3553384 | F33: =B33/E33 -> 38.269927 | G33: =F33*$A$1 -> 6.3783211 | H33: =PI()*G33^2 -> 127.80935 | I33: =K33/J33 -> 1980.8358 | J33: 8683.2033 | K33: 17200000 | L33: =H33*I33 -> 253169.34 | M33: =MIN(K33,L33) -> 253169.34 | N33: . | O33: =P33/J33 -> 908.0232 | P33: =3845734+647143+223496+331771+1100827+943220+792359 -> 7884550 | Q33: =H33*O33 -> 116053.86 | R33: =MIN(Q33,P33) -> 116053.86
A34: Oklahoma City | B34: 59.51772 | C34: 65.46949 | D34: =B34*$A$1*1000 -> 9919.62 | E34: ='Interval Circuities'!B34 -> 1.3557576 | F34: =B34/E34 -> 43.89997 | G34: =F34*$A$1 -> 7.3166617 | H34: =PI()*G34^2 -> 168.18057 | I34: =K34/J34 -> 970.18996 | J34: 834.88805 | K34: 810000 | L34: =H34*I34 -> 163167.1 | M34: =MIN(K34,L34) -> 163167.1 | N34: . | O34: =P34/J34 -> 528.7128 | P34: 441416 | Q34: =H34*O34 -> 88919.222 | R34: =MIN(Q34,P34) -> 88919.222
A35: Orlando | B35: 45.74069 | C35: 60.83512 | D35: =B35*$A$1*1000 -> 7623.4483 | E35: ='Interval Circuities'!B35 -> 1.3729301 | F35: =B35/E35 -> 33.316109 | G35: =F35*$A$1 -> 5.5526848 | H35: =PI()*G35^2 -> 96.862553 | I35: =K35/J35 -> 1047.914 | J35: 1173.7605 | K35: 1230000 | L35: =H35*I35 -> 101503.62 | M35: =MIN(K35,L35) -> 101503.62 | N35: . | O35: =P35/J35 -> 697.01275 | P35: 818126 | Q35: =H35*O35 -> 67514.434 | R35: =MIN(Q35,P35) -> 67514.434
A36: Philadelphia | B36: 52.86588 | C36: 66.61101 | D36: =B36*$A$1*1000 -> 8810.98 | E36: ='Interval Circuities'!B36 -> 1.3170344 | F36: =B36/E36 -> 40.140091 | G36: =F36*$A$1 -> 6.6900151 | H36: =PI()*G36^2 -> 140.60607 | I36: =K36/J36 -> 1099.6163 | J36: 4660.7165 | K36: 5125000 | L36: =H36*I36 -> 154612.73 | M36: =MIN(K36,L36) -> 154612.73 | N36: . | O36: =P36/J36 -> 547.27079 | P36: =2237898+312776 -> 2550674 | Q36: =H36*O36 -> 76949.595 | R36: =MIN(Q36,P36) -> 76949.595
A37: Phoenix | B37: 52.44265 | C37: 67.12659 | D37: =B37*$A$1*1000 -> 8740.4417 | E37: ='Interval Circuities'!B37 -> 1.3654756 | F37: =B37/E37 -> 38.406142 | G37: =F37*$A$1 -> 6.4010236 | H37: =PI()*G37^2 -> 128.7208 | I37: =K37/J37 -> 1401.3597 | J37: 2069.4187 | K37: 2900000 | L37: =H37*I37 -> 180384.15 | M37: =MIN(K37,L37) -> 180384.15 | N37: . | O37: =P37/J37 -> 677.88603 | P37: 1402830 | Q37: =H37*O37 -> 87258.032 | R37: =MIN(Q37,P37) -> 87258.032
A38: Pittsburgh | B38: 58.55113 | C38: 64.40624 | D38: =B38*$A$1*1000 -> 9758.5217 | E38: ='Interval Circuities'!B38 -> 1.4225894 | F38: =B38/E38 -> 41.158138 | G38: =F38*$A$1 -> 6.8596897 | H38: =PI()*G38^2 -> 147.82872 | I38: =K38/J38 -> 799.47581 | J38: 2207.6966 | K38: 1765000 | L38: =H38*I38 -> 118185.49 | M38: =MIN(K38,L38) -> 118185.49 | N38: . | O38: =P38/J38 -> 470.46366 | P38: 1038641 | Q38: =H38*O38 -> 69548.04 | R38: =MIN(Q38,P38) -> 69548.04
A39: Portland | B39: 53.08795 | C39: 67.95258 | D39: =B39*$A$1*1000 -> 8847.9917 | E39: ='Interval Circuities'!B39 -> 1.4972319 | F39: =B39/E39 -> 35.457401 | G39: =F39*$A$1 -> 5.9095668 | H39: =PI()*G39^2 -> 109.71378 | I39: =K39/J39 -> 1295.3048 | J39: 1227.5103 | K39: 1590000 | L39: =H39*I39 -> 142112.78 | M39: =MIN(K39,L39) -> 142112.78 | N39: . | O39: =P39/J39 -> 714.74674 | P39: 877359 | Q39: =H39*O39 -> 78417.564 | R39: =MIN(Q39,P39) -> 78417.564
A40: Providence | B40: 62.4824 | C40: 71.22993 | D40: =B40*$A$1*1000 -> 10413.733 | E40: ='Interval Circuities'!B40 -> 1.3248231 | F40: =B40/E40 -> 47.162825 | G40: =F40*$A$1 -> 7.8604708 | H40: =PI()*G40^2 -> 194.10959 | I40: =K40/J40 -> 927.62866 | J40: 1304.4013 | K40: 1210000 | L40: =H40*I40 -> 180061.62 | M40: =MIN(K40,L40) -> 180061.62 | N40: . | O40: =P40/J40 -> 482.4474 | P40: 629305 | Q40: =H40*O40 -> 93647.667 | R40: =MIN(Q40,P40) -> 93647.667
A41: Raleigh | B41: 61.62895 | C41: 70.25701 | D41: =B41*$A$1*1000 -> 10271.492 | E41: ='Interval Circuities'!B41 -> 1.3721701 | F41: =B41/E41 -> 44.913492 | G41: =F41*$A$1 -> 7.485582 | H41: =PI()*G41^2 -> 176.03581 | I41: =K41/J41 -> 954.34497 | J41: 827.79291 | K41: 790000 | L41: =H41*I41 -> 167998.89 | M41: =MIN(K41,L41) -> 167998.89 | N41: . | O41: =P41/J41 -> 742.45019 | P41: 614595 | Q41: =H41*O41 -> 130697.82 | R41: =MIN(Q41,P41) -> 130697.82
A42: Rochester | B42: 62.089398 | C42: 65.814761 | D42: =B42*$A$1*1000 -> 10348.233 | E42: ='Interval Circuities'!B42 -> 1.28683 | F42: =B42/E42 -> 48.249885 | G42: =F42*$A$1 -> 8.0416476 | H42: =PI()*G42^2 -> 203.16081 | I42: =K42/J42 -> 869.91369 | J42: 764.44365 | K42: 665000 | L42: =H42*I42 -> 176732.37 | M42: =MIN(K42,L42) -> 176732.37 | N42: . | O42: =P42/J42 -> 595.4448 | P42: 455184 | Q42: =H42*O42 -> 120971.05 | R42: =MIN(Q42,P42) -> 120971.05
A43: Sacramento | B43: 53.29741 | C43: 67.68771 | D43: =B43*$A$1*1000 -> 8882.9017 | E43: ='Interval Circuities'!B43 -> 1.4784315 | F43: =B43/E43 -> 36.04997 | G43: =F43*$A$1 -> 6.0083283 | H43: =PI()*G43^2 -> 113.41152 | I43: =K43/J43 -> 1538.0035 | J43: 955.78454 | K43: 1470000 | L43: =H43*I43 -> 174427.32 | M43: =MIN(K43,L43) -> 174427.32 | N43: . | O43: =P43/J43 -> 612.25828 | P43: 585187 | Q43: =H43*O43 -> 69437.145 | R43: =MIN(Q43,P43) -> 69437.145
A44: Salt Lake City | B44: 52.23418 | C44: 63.7257 | D44: =B44*$A$1*1000 -> 8705.6967 | E44: ='Interval Circuities'!B44 -> 1.4171474 | F44: =B44/E44 -> 36.858679 | G44: =F44*$A$1 -> 6.1431132 | H44: =PI()*G44^2 -> 118.55692 | I44: =K44/J44 -> 1539.5789 | J44: 597.56598 | K44: 920000 | L44: =H44*I44 -> 182527.74 | M44: =MIN(K44,L44) -> 182527.74 | N44: . | O44: =P44/J44 -> 1022.9582 | P44: 611285 | Q44: =H44*O44 -> 121278.77 | R44: =MIN(Q44,P44) -> 121278.77
A45: San Antonio | B45: 59.60624 | C45: 71.52749 | D45: =B45*$A$1*1000 -> 9934.3733 | E45: ='Interval Circuities'!B45 -> 1.4440798 | F45: =B45/E45 -> 41.276278 | G45: =F45*$A$1 -> 6.8793796 | H45: =PI()*G45^2 -> 148.67859 | I45: =K45/J45 -> 1193.6639 | J45: 1055.5735 | K45: 1260000 | L45: =H45*I45 -> 177472.26 | M45: =MIN(K45,L45) -> 177472.26 | N45: . | O45: =P45/J45 -> 601.99786 | P45: 635453 | Q45: =H45*O45 -> 89504.191 | R45: =MIN(Q45,P45) -> 89504.191
A46: San Diego | B46: 53.16983 | C46: 70.71587 | D46: =B46*$A$1*1000 -> 8861.6383 | E46: ='Interval Circuities'!B46 -> 1.4163799 | F46: =B46/E46 -> 37.539244 | G46: =F46*$A$1 -> 6.2565407 | H46: =PI()*G46^2 -> 122.97545 | I46: =K46/J46 -> 1372.086 | J46: 2026.112 | K46: 2780000 | L46: =H46*I46 -> 168732.9 | M46: =MIN(K46,L46) -> 168732.9 | N46: . | O46: =P46/J46 -> 533.91026 | P46: 1081762 | Q46: =H46*O46 -> 65657.855 | R46: =MIN(Q46,P46) -> 65657.855
A47: San Francisco1 | B47: 53.32521 | C47: 72.52228 | D47: =B47*$A$1*1000 -> 8887.535 | E47: ='Interval Circuities'!B47 -> 1.4261475 | F47: =B47/E47 -> 37.391091 | G47: =F47*$A$1 -> 6.2318484 | H47: =PI()*G47^2 -> 122.00669 | I47: =K47/J47 -> 3692.1786 | J47: 1107.7471 | K47: 4090000 | L47: =H47*I47 -> 450470.49 | M47: =MIN(K47,L47) -> 450470.49 | N47: . | O47: =P47/J47 -> 1849.248 | P47: =1048438+1000061 -> 2048499 | Q47: =H47*O47 -> 225620.62 | R47: =MIN(Q47,P47) -> 225620.62
A48: San Jose1 | B48: 50.66389 | C48: 67.88962 | D48: =B48*$A$1*1000 -> 8443.9817 | E48: ='Interval Circuities'!B48 -> 1.4495576 | F48: =B48/E48 -> 34.951277 | G48: =F48*$A$1 -> 5.8252128 | H48: =PI()*G48^2 -> 106.60399 | I48: =K48/J48 -> 2486.33 | J48: 673.68371 | K48: 1675000 | L48: =H48*I48 -> 265052.7 | M48: =MIN(K48,L48) -> 265052.7 | N48: . | O48: =P48/J48 -> 1548.2013 | P48: 1042998 | Q48: =H48*O48 -> 165044.44 | R48: =MIN(Q48,P48) -> 165044.44
A49: Seattle | B49: 58.18665 | C49: 73.89704 | D49: =B49*$A$1*1000 -> 9697.775 | E49: ='Interval Circuities'!B49 -> 1.4004286 | F49: =B49/E49 -> 41.549172 | G49: =F49*$A$1 -> 6.924862 | H49: =PI()*G49^2 -> 150.65103 | I49: =K49/J49 -> 1109.3651 | J49: 2469.8811 | K49: 2740000 | L49: =H49*I49 -> 167127 | M49: =MIN(K49,L49) -> 167127 | N49: . | O49: =P49/J49 -> 599.91348 | P49: 1481715 | Q49: =H49*O49 -> 90377.587 | R49: =MIN(Q49,P49) -> 90377.587
A50: South Florida | B50: 59.82909 | C50: 81.36757 | D50: =B50*$A$1*1000 -> 9971.515 | E50: ='Interval Circuities'!B50 -> 1.3347516 | F50: =B50/E50 -> 44.82414 | G50: =F50*$A$1 -> 7.4706899 | H50: =PI()*G50^2 -> 175.33608 | I50: =K50/J50 -> 1717.5958 | J50: 2890.6685 | K50: 4965000 | L50: =H50*I50 -> 301156.52 | M50: =MIN(K50,L50) -> 301156.52 | N50: . | O50: =P50/J50 -> 514.04512 | P50: =845720+640214 -> 1485934 | Q50: =H50*O50 -> 90130.656 | R50: =MIN(Q50,P50) -> 90130.656
A51: St. Louis | B51: 56.50248 | C51: 66.67293 | D51: =B51*$A$1*1000 -> 9417.08 | E51: ='Interval Circuities'!B51 -> 1.4418817 | F51: =B51/E51 -> 39.186626 | G51: =F51*$A$1 -> 6.5311044 | H51: =PI()*G51^2 -> 134.00565 | I51: =K51/J51 -> 957.16106 | J51: 2146.9741 | K51: 2055000 | L51: =H51*I51 -> 128264.99 | M51: =MIN(K51,L51) -> 128264.99 | N51: . | O51: =P51/J51 -> 568.53085 | P51: 1220621 | Q51: =H51*O51 -> 76186.348 | R51: =MIN(Q51,P51) -> 76186.348
A52: Tampa Bay | B52: 47.58084 | C52: 59.95186 | D52: =B52*$A$1*1000 -> 7930.14 | E52: ='Interval Circuities'!B52 -> 1.3676756 | F52: =B52/E52 -> 34.789565 | G52: =F52*$A$1 -> 5.7982608 | H52: =PI()*G52^2 -> 105.6198 | I52: =K52/J52 -> 962.52207 | J52: 2077.8744 | K52: 2000000 | L52: =H52*I52 -> 101661.39 | M52: =MIN(K52,L52) -> 101661.39 | N52: . | O52: =P52/J52 -> 501.91291 | P52: 1042912 | Q52: =H52*O52 -> 53011.943 | R52: =MIN(Q52,P52) -> 53011.943
A53: Washington2 | B53: 49.55658 | C53: 67.39695 | D53: =B53*$A$1*1000 -> 8259.43 | E53: ='Interval Circuities'!B53 -> 1.4414267 | F53: =B53/E53 -> 34.380228 | G53: =F53*$A$1 -> 5.730038 | H53: =PI()*G53^2 -> 103.14896 | I53: =K53/J53 -> 1345.1226 | J53: 2996.0093 | K53: 4030000 | L53: =H53*I53 -> 138748.01 | M53: =MIN(K53,L53) -> 138748.01 | N53: . | O53: =P53/J53 -> 760.55704 | P53: 2278636 | Q53: =H53*O53 -> 78450.672 | R53: =MIN(Q53,P53) -> 78450.672
A56: Notes:
A57: 1 San Francisco-San Jose were combined for the circuity analysis
A58: 2 Los Angeles-Inland Empire and Baltimore-Washington used the same average commute distance, as they were grouped together in the NHTS data
A59: 3 Circuitry is from a sample of OD points with network distance matched to average commute distance
A63: Data Sources:
A64: Network Speed (congested), Network Speed (freeflow), Population: TTI complete data 1982-2007 (calculated from 2001 values only), FHWA data on highway usage in 2001
A65: Circuity: Networks are Census Tiger 2008 county-level shapefiles merged together, commute distances are from 2001 NHTS
A66: Urbanized Area: Census 2000 Urbanized Area (census.gov)
A67: Employment: 2001 MSA Business Patterns (NAICS - from Censtats)

Sheet 2000-20
A1: =2/6 -> 0.33333333 | B1: Network Speed (congested) [km/h] | C1: Network Speed (freeflow) [km/h] | D1: 20 min Distance [m] | E1: Circuity [ ] | F1: Average Airline Speed [km/h] | G1: Airline Radius [km] | H1: Area covered in $A$1$ hrs [km2] | I1: Urbanized area density [people/km2] | J1: Area [km2] | K1: Population | L1: Accessibility | M1: MinPA,P | N1: . | O1: Employment Density | P1: Employment | Q1: Employment Accessibility | R1: Min EA, E
A2: Area | B2: S_n | C2: S_f | E2: C3 | F2: S_a | G2: R_a | H2: A_X | I2: D_UA | J2: Area | K2: Pop | L2: A_P | M2: MinA_P | N2: . | O2: D_Emp | P2: Emp | Q2: A_E | R2: MinA_E
A3: Atlanta | B3: ='2000-10'!B3 -> 52.31679 | C3: ='2000-10'!C3 -> 68.53499 | D3: =B3*$A$1*1000 -> 17438.93 | E3: ='Interval Circuities'!C3 -> 1.315702 | F3: =B3/E3 -> 39.763403 | G3: =F3*$A$1 -> 13.254468 | H3: =PI()*G3^2 -> 551.91786 | I3: =K3/J3 -> 757.41794 | J3: ='2000-10'!J3 -> 5083.0589 | K3: ='2000-10'!K3 -> 3850000 | L3: =H3*I3 -> 418032.49 | M3: =MIN(K3,L3) -> 418032.49 | N3: . | O3: =P3/J3 -> 418.87927 | P3: ='2000-10'!P3 -> 2129188 | Q3: =H3*O3 -> 231186.95 | R3: =MIN(Q3,P3) -> 231186.95
A4: Austin | B4: ='2000-10'!B4 -> 53.19888 | C4: ='2000-10'!C4 -> 67.56258 | D4: =B4*$A$1*1000 -> 17732.96 | E4: ='Interval Circuities'!C4 -> 1.3828756 | F4: =B4/E4 -> 38.46975 | G4: =F4*$A$1 -> 12.82325 | H4: =PI()*G4^2 -> 516.59012 | I4: =K4/J4 -> 1165.127 | J4: ='2000-10'!J4 -> 823.94448 | K4: ='2000-10'!K4 -> 960000 | L4: =H4*I4 -> 601893.12 | M4: =MIN(K4,L4) -> 601893.12 | N4: . | O4: =P4/J4 -> 704.51955 | P4: ='2000-10'!P4 -> 580485 | Q4: =H4*O4 -> 363947.84 | R4: =MIN(Q4,P4) -> 363947.84
A5: Baltimore2 | B5: ='2000-10'!B5 -> 57.5626 | C5: ='2000-10'!C5 -> 71.37762 | D5: =B5*$A$1*1000 -> 19187.533 | E5: ='Interval Circuities'!C5 -> 1.2950188 | F5: =B5/E5 -> 44.449238 | G5: =F5*$A$1 -> 14.816413 | H5: =PI()*G5^2 -> 689.66154 | I5: =K5/J5 -> 1249.8157 | J5: ='2000-10'!J5 -> 1768.2607 | K5: ='2000-10'!K5 -> 2210000 | L5: =H5*I5 -> 861949.82 | M5: =MIN(K5,L5) -> 861949.82 | N5: . | O5: =P5/J5 -> 601.54252 | P5: ='2000-10'!P5 -> 1063684 | Q5: =H5*O5 -> 414860.74 | R5: =MIN(Q5,P5) -> 414860.74
A6: Boston | B6: ='2000-10'!B6 -> 60.28802 | C6: ='2000-10'!C6 -> 74.15427 | D6: =B6*$A$1*1000 -> 20096.007 | E6: ='Interval Circuities'!C6 -> 1.2591049 | F6: =B6/E6 -> 47.881649 | G6: =F6*$A$1 -> 15.96055 | H6: =PI()*G6^2 -> 800.28664 | I6: =K6/J6 -> 876.20315 | J6: ='2000-10'!J6 -> 4496.6741 | K6: ='2000-10'!K6 -> 3940000 | L6: =H6*I6 -> 701213.67 | M6: =MIN(K6,L6) -> 701213.67 | N6: . | O6: =P6/J6 -> 683.91236 | P6: ='2000-10'!P6 -> 3075331 | Q6: =H6*O6 -> 547325.93 | R6: =MIN(Q6,P6) -> 547325.93
A7: Buffalo | B7: ='2000-10'!B7 -> 60.07548 | C7: ='2000-10'!C7 -> 64.28076 | D7: =B7*$A$1*1000 -> 20025.16 | E7: ='Interval Circuities'!C7 -> 1.2378137 | F7: =B7/E7 -> 48.533541 | G7: =F7*$A$1 -> 16.177847 | H7: =PI()*G7^2 -> 822.22621 | I7: =K7/J7 -> 1174.0141 | J7: ='2000-10'!J7 -> 949.73302 | K7: ='2000-10'!K7 -> 1115000 | L7: =H7*I7 -> 965305.2 | M7: =MIN(K7,L7) -> 965305.2 | N7: . | O7: =P7/J7 -> 500.80074 | P7: ='2000-10'!P7 -> 475627 | Q7: =H7*O7 -> 411771.5 | R7: =MIN(Q7,P7) -> 411771.5
A8: Charlotte | B8: ='2000-10'!B8 -> 54.73937 | C8: ='2000-10'!C8 -> 66.78204 | D8: =B8*$A$1*1000 -> 18246.457 | E8: ='Interval Circuities'!C8 -> 1.3093508 | F8: =B8/E8 -> 41.806497 | G8: =F8*$A$1 -> 13.935499 | H8: =PI()*G8^2 -> 610.09143 | I8: =K8/J8 -> 767.92225 | J8: ='2000-10'!J8 -> 1126.4161 | K8: ='2000-10'!K8 -> 865000 | L8: =H8*I8 -> 468502.78 | M8: =MIN(K8,L8) -> 468502.78 | N8: . | O8: =P8/J8 -> 720.43269 | P8: ='2000-10'!P8 -> 811507 | Q8: =H8*O8 -> 439529.81 | R8: =MIN(Q8,P8) -> 439529.81
A9: Chicago | B9: ='2000-10'!B9 -> 47.50277 | C9: ='2000-10'!C9 -> 64.12874 | D9: =B9*$A$1*1000 -> 15834.257 | E9: ='Interval Circuities'!C9 -> 1.274683 | F9: =B9/E9 -> 37.26634 | G9: =F9*$A$1 -> 12.422113 | H9: =PI()*G9^2 -> 484.77571 | I9: =K9/J9 -> 1482.3419 | J9: ='2000-10'!J9 -> 5498.057 | K9: ='2000-10'!K9 -> 8150000 | L9: =H9*I9 -> 718603.32 | M9: =MIN(K9,L9) -> 718603.32 | N9: . | O9: =P9/J9 -> 762.04903 | P9: ='2000-10'!P9 -> 4189789 | Q9: =H9*O9 -> 369422.86 | R9: =MIN(Q9,P9) -> 369422.86
A10: Cincinnati | B10: ='2000-10'!B10 -> 59.70134 | C10: ='2000-10'!C10 -> 70.44758 | D10: =B10*$A$1*1000 -> 19900.447 | E10: ='Interval Circuities'!C10 -> 1.3361363 | F10: =B10/E10 -> 44.682073 | G10: =F10*$A$1 -> 14.894024 | H10: =PI()*G10^2 -> 696.90566 | I10: =K10/J10 -> 885.12621 | J10: ='2000-10'!J10 -> 1739.8649 | K10: ='2000-10'!K10 -> 1540000 | L10: =H10*I10 -> 616849.47 | M10: =MIN(K10,L10) -> 616849.47 | N10: . | O10: =P10/J10 -> 537.37105 | P10: ='2000-10'!P10 -> 934953 | Q10: =H10*O10 -> 374496.92 | R10: =MIN(Q10,P10) -> 374496.92
A11: Cleveland | B11: ='2000-10'!B11 -> 62.77554 | C11: ='2000-10'!C11 -> 69.05309 | D11: =B11*$A$1*1000 -> 20925.18 | E11: ='Interval Circuities'!C11 -> 1.2240352 | F11: =B11/E11 -> 51.285731 | G11: =F11*$A$1 -> 17.095244 | H11: =PI()*G11^2 -> 918.12215 | I11: =K11/J11 -> 1065.2097 | J11: ='2000-10'!J11 -> 1675.7263 | K11: ='2000-10'!K11 -> 1785000 | L11: =H11*I11 -> 977992.65 | M11: =MIN(K11,L11) -> 977992.65 | N11: . | O11: =P11/J11 -> 643.10978 | P11: ='2000-10'!P11 -> 1077676 | Q11: =H11*O11 -> 590453.34 | R11: =MIN(Q11,P11) -> 590453.34
A12: Columbus | B12: ='2000-10'!B12 -> 60.79675 | C12: ='2000-10'!C12 -> 71.13219 | D12: =B12*$A$1*1000 -> 20265.583 | E12: ='Interval Circuities'!C12 -> 1.2660301 | F12: =B12/E12 -> 48.021568 | G12: =F12*$A$1 -> 16.007189 | H12: =PI()*G12^2 -> 804.97063 | I12: =K12/J12 -> 1106.734 | J12: ='2000-10'!J12 -> 1030.0578 | K12: ='2000-10'!K12 -> 1140000 | L12: =H12*I12 -> 890888.34 | M12: =MIN(K12,L12) -> 890888.34 | N12: . | O12: =P12/J12 -> 750.93647 | P12: ='2000-10'!P12 -> 773508 | Q12: =H12*O12 -> 604481.8 | R12: =MIN(Q12,P12) -> 604481.8
A13: Dallas-Fort Worth | B13: ='2000-10'!B13 -> 56.96404 | C13: ='2000-10'!C13 -> 70.06577 | D13: =B13*$A$1*1000 -> 18988.013 | E13: ='Interval Circuities'!C13 -> 1.3124304 | F13: =B13/E13 -> 43.403474 | G13: =F13*$A$1 -> 14.467825 | H13: =PI()*G13^2 -> 657.59172 | I13: =K13/J13 -> 1122.3259 | J13: ='2000-10'!J13 -> 3644.2179 | K13: ='2000-10'!K13 -> 4090000 | L13: =H13*I13 -> 738032.2 | M13: =MIN(K13,L13) -> 738032.2 | N13: . | O13: =P13/J13 -> 713.75617 | P13: ='2000-10'!P13 -> 2601083 | Q13: =H13*O13 -> 469360.15 | R13: =MIN(Q13,P13) -> 469360.15
A14: Denver | B14: ='2000-10'!B14 -> 50.87279 | C14: ='2000-10'!C14 -> 67.15208 | D14: =B14*$A$1*1000 -> 16957.597 | E14: ='Interval Circuities'!C14 -> 1.3645122 | F14: =B14/E14 -> 37.282767 | G14: =F14*$A$1 -> 12.427589 | H14: =PI()*G14^2 -> 485.20318 | I14: =K14/J14 -> 1567.4515 | J14: ='2000-10'!J14 -> 1291.906 | K14: ='2000-10'!K14 -> 2025000 | L14: =H14*I14 -> 760532.45 | M14: =MIN(K14,L14) -> 760532.45 | N14: . | O14: =P14/J14 -> 836.36813 | P14: ='2000-10'!P14 -> 1080509 | Q14: =H14*O14 -> 405808.47 | R14: =MIN(Q14,P14) -> 405808.47
... A53: Washington2 | B53: ='2000-10'!B53 -> 49.55658 | C53: ='2000-10'!C53 -> 67.39695 | D53: =B53*$A$1*1000 -> 16518.86 | E53: ='Interval Circuities'!C53 -> 1.3792302 | F53: =B53/E53 -> 35.930608 | G53: =F53*$A$1 -> 11.976869 | H53: =PI()*G53^2 -> 450.647 | I53: =K53/J53 -> 1345.1226 | J53: ='2000-10'!J53 -> 2996.0093 | K53: ='2000-10'!K53 -> 4030000 | L53: =H53*I53 -> 606175.49 | M53: =MIN(K53,L53) -> 606175.49 | N53: . | O53: =P53/J53 -> 760.55704 | P53: ='2000-10'!P53 -> 2278636 | Q53: =H53*O53 -> 342742.75 | R53: =MIN(Q53,P53) -> 342742.75

Sheet 2000-30
A1: =3/6 -> 0.5 | B1: Network Speed (congested) [km/h] | C1: Network Speed (freeflow) [km/h] | D1: 30 min Distance [m] | E1: Circuity [ ] | F1: Average Airline Speed [km/h] | G1: Airline Radius [km] | H1: Area covered in $A$1$ hrs [km2] | I1: Urbanized area density [people/km2] | J1: Area [km2] | K1: Population | L1: Accessibility | M1: MinPA,P | N1: . | O1: Employment Density | P1: Employment | Q1: Employment Accessibility | R1: Min EA, E
A2: Area | B2: S_n | C2: S_f | E2: C3 | F2: S_a | G2: R_a | H2: A_X | I2: D_UA | J2: Area | K2: Pop | L2: A_P | M2: MinA_P | N2: . | O2: D_Emp | P2: Emp | Q2: A_E | R2: MinA_E
A3: Atlanta | B3: ='2000-10'!B3 -> 52.31679 | C3: ='2000-10'!C3 -> 68.53499 | D3: =B3*$A$1*1000 -> 26158.395 | E3: ='Interval Circuities'!D3 -> 1.2773822 | F3: =B3/E3 -> 40.956255 | G3: =F3*$A$1 -> 20.478128 | H3: =PI()*G3^2 -> 1317.4385 | I3: =K3/J3 -> 757.41794 | J3: ='2000-10'!J3 -> 5083.0589 | K3: ='2000-10'!K3 -> 3850000 | L3: =H3*I3 -> 997851.57 | M3: =MIN(K3,L3) -> 997851.57 | N3: . | O3: =P3/J3 -> 418.87927 | P3: ='2000-10'!P3 -> 2129188 | Q3: =H3*O3 -> 551847.69 | R3: =MIN(Q3,P3) -> 551847.69
A4: Austin | B4: ='2000-10'!B4 -> 53.19888 | C4: ='2000-10'!C4 -> 67.56258 | D4: =B4*$A$1*1000 -> 26599.44 | E4: ='Interval Circuities'!D4 -> 1.3559569 | F4: =B4/E4 -> 39.23346 | G4: =F4*$A$1 -> 19.61673 | H4: =PI()*G4^2 -> 1208.9354 | I4: =K4/J4 -> 1165.127 | J4: ='2000-10'!J4 -> 823.94448 | K4: ='2000-10'!K4 -> 960000 | L4: =H4*I4 -> 1408563.3 | M4: =MIN(K4,L4) -> 960000 | N4: . | O4: =P4/J4 -> 704.51955 | P4: ='2000-10'!P4 -> 580485 | Q4: =H4*O4 -> 851718.64 | R4: =MIN(Q4,P4) -> 580485
A5: Baltimore2 | B5: ='2000-10'!B5 -> 57.5626 | C5: ='2000-10'!C5 -> 71.37762 | D5: =B5*$A$1*1000 -> 28781.3 | E5: ='Interval Circuities'!D5 -> 1.262916 | F5: =B5/E5 -> 45.57912 | G5: =F5*$A$1 -> 22.78956 | H5: =PI()*G5^2 -> 1631.6303 | I5: =K5/J5 -> 1249.8157 | J5: ='2000-10'!J5 -> 1768.2607 | K5: ='2000-10'!K5 -> 2210000 | L5: =H5*I5 -> 2039237.1 | M5: =MIN(K5,L5) -> 2039237.1 | N5: . | O5: =P5/J5 -> 601.54252 | P5: ='2000-10'!P5 -> 1063684 | Q5: =H5*O5 -> 981494.98 | R5: =MIN(Q5,P5) -> 981494.98
A6: Boston | B6: ='2000-10'!B6 -> 60.28802 | C6: ='2000-10'!C6 -> 74.15427 | D6: =B6*$A$1*1000 -> 30144.01 | E6: ='Interval Circuities'!D6 -> 1.2248235 | F6: =B6/E6 -> 49.221803 | G6: =F6*$A$1 -> 24.610902 | H6: =PI()*G6^2 -> 1902.8516 | I6: =K6/J6 -> 876.20315 | J6: ='2000-10'!J6 -> 4496.6741 | K6: ='2000-10'!K6 -> 3940000 | L6: =H6*I6 -> 1667284.6 | M6: =MIN(K6,L6) -> 1667284.6 | N6: . | O6: =P6/J6 -> 683.91236 | P6: ='2000-10'!P6 -> 3075331 | Q6: =H6*O6 -> 1301383.7 | R6: =MIN(Q6,P6) -> 1301383.7
A7: Buffalo | B7: ='2000-10'!B7 -> 60.07548 | C7: ='2000-10'!C7 -> 64.28076 | D7: =B7*$A$1*1000 -> 30037.74 | E7: ='Interval Circuities'!D7 -> 1.2153632 | F7: =B7/E7 -> 49.430063 | G7: =F7*$A$1 -> 24.715031 | H7: =PI()*G7^2 -> 1918.9878 | I7: =K7/J7 -> 1174.0141 | J7: ='2000-10'!J7 -> 949.73302 | K7: ='2000-10'!K7 -> 1115000 | L7: =H7*I7 -> 2252918.8 | M7: =MIN(K7,L7) -> 1115000 | N7: . | O7: =P7/J7 -> 500.80074 | P7: ='2000-10'!P7 -> 475627 | Q7: =H7*O7 -> 961030.49 | R7: =MIN(Q7,P7) -> 475627
A8: Charlotte | B8: ='2000-10'!B8 -> 54.73937 | C8: ='2000-10'!C8 -> 66.78204 | D8: =B8*$A$1*1000 -> 27369.685 | E8: ='Interval Circuities'!D8 -> 1.2727723 | F8: =B8/E8 -> 43.007984 | G8: =F8*$A$1 -> 21.503992 | H8: =PI()*G8^2 -> 1452.7405 | I8: =K8/J8 -> 767.92225 | J8: ='2000-10'!J8 -> 1126.4161 | K8: ='2000-10'!K8 -> 865000 | L8: =H8*I8 -> 1115591.8 | M8: =MIN(K8,L8) -> 865000 | N8: . | O8: =P8/J8 -> 720.43269 | P8: ='2000-10'!P8 -> 811507 | Q8: =H8*O8 -> 1046601.8 | R8: =MIN(Q8,P8) -> 811507
A9: Chicago | B9: ='2000-10'!B9 -> 47.50277 | C9: ='2000-10'!C9 -> 64.12874 | D9: =B9*$A$1*1000 -> 23751.385 | E9: ='Interval Circuities'!D9 -> 1.2443639 | F9: =B9/E9 -> 38.174341 | G9: =F9*$A$1 -> 19.08717 | H9: =PI()*G9^2 -> 1144.5453 | I9: =K9/J9 -> 1482.3419 | J9: ='2000-10'!J9 -> 5498.057 | K9: ='2000-10'!K9 -> 8150000 | L9: =H9*I9 -> 1696607.4 | M9: =MIN(K9,L9) -> 1696607.4 | N9: . | O9: =P9/J9 -> 762.04903 | P9: ='2000-10'!P9 -> 4189789 | Q9: =H9*O9 -> 872199.62 | R9: =MIN(Q9,P9) -> 872199.62
A10: Cincinnati | B10: ='2000-10'!B10 -> 59.70134 | C10: ='2000-10'!C10 -> 70.44758 | D10: =B10*$A$1*1000 -> 29850.67 | E10: ='Interval Circuities'!D10 -> 1.3079534 | F10: =B10/E10 -> 45.644853 | G10: =F10*$A$1 -> 22.822426 | H10: =PI()*G10^2 -> 1636.3398 | I10: =K10/J10 -> 885.12621 | J10: ='2000-10'!J10 -> 1739.8649 | K10: ='2000-10'!K10 -> 1540000 | L10: =H10*I10 -> 1448367.3 | M10: =MIN(K10,L10) -> 1448367.3 | N10: . | O10: =P10/J10 -> 537.37105 | P10: ='2000-10'!P10 -> 934953 | Q10: =H10*O10 -> 879321.64 | R10: =MIN(Q10,P10) -> 879321.64
A11: Cleveland | B11: ='2000-10'!B11 -> 62.77554 | C11: ='2000-10'!C11 -> 69.05309 | D11: =B11*$A$1*1000 -> 31387.77 | E11: ='Interval Circuities'!D11 -> 1.1963457 | F11: =B11/E11 -> 52.472745 | G11: =F11*$A$1 -> 26.236372 | H11: =PI()*G11^2 -> 2162.5066 | I11: =K11/J11 -> 1065.2097 | J11: ='2000-10'!J11 -> 1675.7263 | K11: ='2000-10'!K11 -> 1785000 | L11: =H11*I11 -> 2303523.1 | M11: =MIN(K11,L11) -> 1785000 | N11: . | O11: =P11/J11 -> 643.10978 | P11: ='2000-10'!P11 -> 1077676 | Q11: =H11*O11 -> 1390729.1 | R11: =MIN(Q11,P11) -> 1077676
A12: Columbus | B12: ='2000-10'!B12 -> 60.79675 | C12: ='2000-10'!C12 -> 71.13219 | D12: =B12*$A$1*1000 -> 30398.375 | E12: ='Interval Circuities'!D12 -> 1.2318007 | F12: =B12/E12 -> 49.355995 | G12: =F12*$A$1 -> 24.677998 | H12: =PI()*G12^2 -> 1913.2411 | I12: =K12/J12 -> 1106.734 | J12: ='2000-10'!J12 -> 1030.0578 | K12: ='2000-10'!K12 -> 1140000 | L12: =H12*I12 -> 2117448.9 | M12: =MIN(K12,L12) -> 1140000 | N12: . | O12: =P12/J12 -> 750.93647 | P12: ='2000-10'!P12 -> 773508 | Q12: =H12*O12 -> 1436722.5 | R12: =MIN(Q12,P12) -> 773508
A13: Dallas-Fort Worth | B13: ='2000-10'!B13 -> 56.96404 | C13: ='2000-10'!C13 -> 70.06577 | D13: =B13*$A$1*1000 -> 28482.02 | E13: ='Interval Circuities'!D13 -> 1.2807383 | F13: =B13/E13 -> 44.477502 | G13: =F13*$A$1 -> 22.238751 | H13: =PI()*G13^2 -> 1553.7125 | I13: =K13/J13 -> 1122.3259 | J13: ='2000-10'!J13 -> 3644.2179 | K13: ='2000-10'!K13 -> 4090000 | L13: =H13*I13 -> 1743771.7 | M13: =MIN(K13,L13) -> 1743771.7 | N13: . | O13: =P13/J13 -> 713.75617 | P13: ='2000-10'!P13 -> 2601083 | Q13: =H13*O13 -> 1108971.9 | R13: =MIN(Q13,P13) -> 1108971.9
A14: Denver | B14: ='2000-10'!B14 -> 50.87279 | C14: ='2000-10'!C14 -> 67.15208 | D14: =B14*$A$1*1000 -> 25436.395 | E14: ='Interval Circuities'!D14 -> 1.3624171 | F14: =B14/E14 -> 37.3401 | G14: =F14*$A$1 -> 18.67005 | H14: =PI()*G14^2 -> 1095.0674 | I14: =K14/J14 -> 1567.4515 | J14: ='2000-10'!J14 -> 1291.906 | K14: ='2000-10'!K14 -> 2025000 | L14: =H14*I14 -> 1716465 | M14: =MIN(K14,L14) -> 1716465 | N14: . | O14: =P14/J14 -> 836.36813 | P14: ='2000-10'!P14 -> 1080509 | Q14: =H14*O14 -> 915879.45 | R14: =MIN(Q14,P14) -> 915879.45
... A53: Washington2 | B53: ='2000-10'!B53 -> 49.55658 | C53: ='2000-10'!C53 -> 67.39695 | D53: =B53*$A$1*1000 -> 24778.29 | E53: ='Interval Circuities'!D53 -> 1.3271067 | F53: =B53/E53 -> 37.341819 | G53: =F53*$A$1 -> 18.67091 | H53: =PI()*G53^2 -> 1095.1682 | I53: =K53/J53 -> 1345.1226 | J53: ='2000-10'!J53 -> 2996.0093 | K53: ='2000-10'!K53 -> 4030000 | L53: =H53*I53 -> 1473135.6 | M53: =MIN(K53,L53) -> 1473135.6 | N53: . | O53: =P53/J53 -> 760.55704 | P53: ='2000-10'!P53 -> 2278636 | Q53: =H53*O53 -> 832937.89 | R53: =MIN(Q53,P53) -> 832937.89

Sheet 2000-40
A1: =4/6 -> 0.66666667 | B1: Network Speed (congested) [km/h] | C1: Network Speed (freeflow) [km/h] | D1: 40 min Distance [m] | E1: Circuity [ ] | F1: Average Airline Speed [km/h] | G1: Airline Radius [km] | H1: Area covered in $A$1$ hrs [km2] | I1: Urbanized area density [people/km2] | J1: Area [km2] | K1: Population | L1: Accessibility | M1: MinPA,P | N1: . | O1: Employment Density | P1: Employment | Q1: Employment Accessibility | R1: Min EA, E
A2: Area | B2: S_n | C2: S_f | E2: C3 | F2: S_a | G2: R_a | H2: A_X | I2: D_UA | J2: Area | K2: Pop | L2: A_P | M2: MinA_P | N2: . | O2: D_Emp | P2: Emp | Q2: A_E | R2: MinA_E
A3: Atlanta | B3: ='2000-10'!B3 -> 52.31679 | C3: ='2000-10'!C3 -> 68.53499 | D3: =B3*$A$1*1000 -> 34877.86 | E3: ='Interval Circuities'!E3 -> 1.2522183 | F3: =B3/E3 -> 41.77929 | G3: =F3*$A$1 -> 27.85286 | H3: =PI()*G3^2 -> 2437.1905 | I3: =K3/J3 -> 757.41794 | J3: ='2000-10'!J3 -> 5083.0589 | K3: ='2000-10'!K3 -> 3850000 | L3: =H3*I3 -> 1845971.8 | M3: =MIN(K3,L3) -> 1845971.8 | N3: . | O3: =P3/J3 -> 418.87927 | P3: ='2000-10'!P3 -> 2129188 | Q3: =H3*O3 -> 1020888.6 | R3: =MIN(Q3,P3) -> 1020888.6
A4: Austin | B4: ='2000-10'!B4 -> 53.19888 | C4: ='2000-10'!C4 -> 67.56258 | D4: =B4*$A$1*1000 -> 35465.92 | E4: ='Interval Circuities'!E4 -> 1.3340543 | F4: =B4/E4 -> 39.877596 | G4: =F4*$A$1 -> 26.585064 | H4: =PI()*G4^2 -> 2220.3698 | I4: =K4/J4 -> 1165.127 | J4: ='2000-10'!J4 -> 823.94448 | K4: ='2000-10'!K4 -> 960000 | L4: =H4*I4 -> 2587012.8 | M4: =MIN(K4,L4) -> 960000 | N4: . | O4: =P4/J4 -> 704.51955 | P4: ='2000-10'!P4 -> 580485 | Q4: =H4*O4 -> 1564293.9 | R4: =MIN(Q4,P4) -> 580485
A5: Baltimore2 | B5: ='2000-10'!B5 -> 57.5626 | C5: ='2000-10'!C5 -> 71.37762 | D5: =B5*$A$1*1000 -> 38375.067 | E5: ='Interval Circuities'!E5 -> 1.241973 | F5: =B5/E5 -> 46.347705 | G5: =F5*$A$1 -> 30.89847 | H5: =PI()*G5^2 -> 2999.3271 | I5: =K5/J5 -> 1249.8157 | J5: ='2000-10'!J5 -> 1768.2607 | K5: ='2000-10'!K5 -> 2210000 | L5: =H5*I5 -> 3748606 | M5: =MIN(K5,L5) -> 2210000 | N5: . | O5: =P5/J5 -> 601.54252 | P5: ='2000-10'!P5 -> 1063684 | Q5: =H5*O5 -> 1804222.7 | R5: =MIN(Q5,P5) -> 1063684
A6: Boston | B6: ='2000-10'!B6 -> 60.28802 | C6: ='2000-10'!C6 -> 74.15427 | D6: =B6*$A$1*1000 -> 40192.013 | E6: ='Interval Circuities'!E6 -> 1.2083037 | F6: =B6/E6 -> 49.894759 | G6: =F6*$A$1 -> 33.263172 | H6: =PI()*G6^2 -> 3475.9795 | I6: =K6/J6 -> 876.20315 | J6: ='2000-10'!J6 -> 4496.6741 | K6: ='2000-10'!K6 -> 3940000 | L6: =H6*I6 -> 3045664.2 | M6: =MIN(K6,L6) -> 3045664.2 | N6: . | O6: =P6/J6 -> 683.91236 | P6: ='2000-10'!P6 -> 3075331 | Q6: =H6*O6 -> 2377265.3 | R6: =MIN(Q6,P6) -> 2377265.3
A7: Buffalo | B7: ='2000-10'!B7 -> 60.07548 | C7: ='2000-10'!C7 -> 64.28076 | D7: =B7*$A$1*1000 -> 40050.32 | E7: ='Interval Circuities'!E7 -> 1.2012192 | F7: =B7/E7 -> 50.01209 | G7: =F7*$A$1 -> 33.341393 | H7: =PI()*G7^2 -> 3492.3468 | I7: =K7/J7 -> 1174.0141 | J7: ='2000-10'!J7 -> 949.73302 | K7: ='2000-10'!K7 -> 1115000 | L7: =H7*I7 -> 4100064.5 | M7: =MIN(K7,L7) -> 1115000 | N7: . | O7: =P7/J7 -> 500.80074 | P7: ='2000-10'!P7 -> 475627 | Q7: =H7*O7 -> 1748969.8 | R7: =MIN(Q7,P7) -> 475627
A8: Charlotte | B8: ='2000-10'!B8 -> 54.73937 | C8: ='2000-10'!C8 -> 66.78204 | D8: =B8*$A$1*1000 -> 36492.913 | E8: ='Interval Circuities'!E8 -> 1.2496185 | F8: =B8/E8 -> 43.804864 | G8: =F8*$A$1 -> 29.203243 | H8: =PI()*G8^2 -> 2679.2426 | I8: =K8/J8 -> 767.92225 | J8: ='2000-10'!J8 -> 1126.4161 | K8: ='2000-10'!K8 -> 865000 | L8: =H8*I8 -> 2057450 | M8: =MIN(K8,L8) -> 865000 | N8: . | O8: =P8/J8 -> 720.43269 | P8: ='2000-10'!P8 -> 811507 | Q8: =H8*O8 -> 1930213.9 | R8: =MIN(Q8,P8) -> 811507
A9: Chicago | B9: ='2000-10'!B9 -> 47.50277 | C9: ='2000-10'!C9 -> 64.12874 | D9: =B9*$A$1*1000 -> 31668.513 | E9: ='Interval Circuities'!E9 -> 1.2250744 | F9: =B9/E9 -> 38.775416 | G9: =F9*$A$1 -> 25.850277 | H9: =PI()*G9^2 -> 2099.328 | I9: =K9/J9 -> 1482.3419 | J9: ='2000-10'!J9 -> 5498.057 | K9: ='2000-10'!K9 -> 8150000 | L9: =H9*I9 -> 3111921.7 | M9: =MIN(K9,L9) -> 3111921.7 | N9: . | O9: =P9/J9 -> 762.04903 | P9: ='2000-10'!P9 -> 4189789 | Q9: =H9*O9 -> 1599790.8 | R9: =MIN(Q9,P9) -> 1599790.8
A10: Cincinnati | B10: ='2000-10'!B10 -> 59.70134 | C10: ='2000-10'!C10 -> 70.44758 | D10: =B10*$A$1*1000 -> 39800.893 | E10: ='Interval Circuities'!E10 -> 1.292691 | F10: =B10/E10 -> 46.183766 | G10: =F10*$A$1 -> 30.789177 | H10: =PI()*G10^2 -> 2978.1464 | I10: =K10/J10 -> 885.12621 | J10: ='2000-10'!J10 -> 1739.8649 | K10: ='2000-10'!K10 -> 1540000 | L10: =H10*I10 -> 2636035.4 | M10: =MIN(K10,L10) -> 1540000 | N10: . | O10: =P10/J10 -> 537.37105 | P10: ='2000-10'!P10 -> 934953 | Q10: =H10*O10 -> 1600369.6 | R10: =MIN(Q10,P10) -> 934953
A11: Cleveland | B11: ='2000-10'!B11 -> 62.77554 | C11: ='2000-10'!C11 -> 69.05309 | D11: =B11*$A$1*1000 -> 41850.36 | E11: ='Interval Circuities'!E11 -> 1.1805956 | F11: =B11/E11 -> 53.172773 | G11: =F11*$A$1 -> 35.448515 | H11: =PI()*G11^2 -> 3947.7166 | I11: =K11/J11 -> 1065.2097 | J11: ='2000-10'!J11 -> 1675.7263 | K11: ='2000-10'!K11 -> 1785000 | L11: =H11*I11 -> 4205146.1 | M11: =MIN(K11,L11) -> 1785000 | N11: . | O11: =P11/J11 -> 643.10978 | P11: ='2000-10'!P11 -> 1077676 | Q11: =H11*O11 -> 2538815.1 | R11: =MIN(Q11,P11) -> 1077676
A12: Columbus | B12: ='2000-10'!B12 -> 60.79675 | C12: ='2000-10'!C12 -> 71.13219 | D12: =B12*$A$1*1000 -> 40531.167 | E12: ='Interval Circuities'!E12 -> 1.2124554 | F12: =B12/E12 -> 50.143496 | G12: =F12*$A$1 -> 33.428997 | H12: =PI()*G12^2 -> 3510.723 | I12: =K12/J12 -> 1106.734 | J12: ='2000-10'!J12 -> 1030.0578 | K12: ='2000-10'!K12 -> 1140000 | L12: =H12*I12 -> 3885436.4 | M12: =MIN(K12,L12) -> 1140000 | N12: . | O12: =P12/J12 -> 750.93647 | P12: ='2000-10'!P12 -> 773508 | Q12: =H12*O12 -> 2636330 | R12: =MIN(Q12,P12) -> 773508
A13: Dallas-Fort Worth | B13: ='2000-10'!B13 -> 56.96404 | C13: ='2000-10'!C13 -> 70.06577 | D13: =B13*$A$1*1000 -> 37976.027 | E13: ='Interval Circuities'!E13 -> 1.2579634 | F13: =B13/E13 -> 45.282749 | G13: =F13*$A$1 -> 30.188499 | H13: =PI()*G13^2 -> 2863.0763 | I13: =K13/J13 -> 1122.3259 | J13: ='2000-10'!J13 -> 3644.2179 | K13: ='2000-10'!K13 -> 4090000 | L13: =H13*I13 -> 3213304.6 | M13: =MIN(K13,L13) -> 3213304.6 | N13: . | O13: =P13/J13 -> 713.75617 | P13: ='2000-10'!P13 -> 2601083 | Q13: =H13*O13 -> 2043538.4 | R13: =MIN(Q13,P13) -> 2043538.4
A14: Denver | B14: ='2000-10'!B14 -> 50.87279 | C14: ='2000-10'!C14 -> 67.15208 | D14: =B14*$A$1*1000 -> 33915.193 | E14: ='Interval Circuities'!E14 -> 1.3442031 | F14: =B14/E14 -> 37.846059 | G14: =F14*$A$1 -> 25.230706 | H14: =PI()*G14^2 -> 1999.9018 | I14: =K14/J14 -> 1567.4515 | J14: ='2000-10'!J14 -> 1291.906 | K14: ='2000-10'!K14 -> 2025000 | L14: =H14*I14 -> 3134749.1 | M14: =MIN(K14,L14) -> 2025000 | N14: . | O14: =P14/J14 -> 836.36813 | P14: ='2000-10'!P14 -> 1080509 | Q14: =H14*O14 -> 1672654.1 | R14: =MIN(Q14,P14) -> 1080509
... A53: Washington2 | B53: ='2000-10'!B53 -> 49.55658 | C53: ='2000-10'!C53 -> 67.39695 | D53: =B53*$A$1*1000 -> 33037.72 | E53: ='Interval Circuities'!E53 -> 1.2974147 | F53: =B53/E53 -> 38.196408 | G53: =F53*$A$1 -> 25.464272 | H53: =PI()*G53^2 -> 2037.1003 | I53: =K53/J53 -> 1345.1226 | J53: ='2000-10'!J53 -> 2996.0093 | K53: ='2000-10'!K53 -> 4030000 | L53: =H53*I53 -> 2740149.7 | M53: =MIN(K53,L53) -> 2740149.7 | N53: . | O53: =P53/J53 -> 760.55704 | P53: ='2000-10'!P53 -> 2278636 | Q53: =H53*O53 -> 1549331 | R53: =MIN(Q53,P53) -> 1549331

Sheet 2000-50
A1: =5/6 -> 0.83333333 | B1: Network Speed (congested) [km/h] | C1: Network Speed (freeflow) [km/h] | D1: 50 min Distance [m] | E1: Circuity [ ] | F1: Average Airline Speed [km/h] | G1: Airline Radius [km] | H1: Area covered in $A$1$ hrs [km2] | I1: Urbanized area density [people/km2] | J1: Area [km2] | K1: Population | L1: Accessibility | M1: MinPA,P | N1: . | O1: Employment Density | P1: Employment | Q1: Employment Accessibility | R1: Min EA, E
A2: Area | B2: S_n | C2: S_f | E2: C3 | F2: S_a | G2: R_a | H2: A_X | I2: D_UA | J2: Area | K2: Pop | L2: A_P | M2: MinA_P | N2: . | O2: D_Emp | P2: Emp | Q2: A_E | R2: MinA_E
A3: Atlanta | B3: ='2000-10'!B3 -> 52.31679 | C3: ='2000-10'!C3 -> 68.53499 | D3: =B3*$A$1*1000 -> 43597.325 | E3: ='Interval Circuities'!F3 -> 1.2343851 | F3: =B3/E3 -> 42.382875 | G3: =F3*$A$1 -> 35.319062 | H3: =PI()*G3^2 -> 3918.9362 | I3: =K3/J3 -> 757.41794 | J3: ='2000-10'!J3 -> 5083.0589 | K3: ='2000-10'!K3 -> 3850000 | L3: =H3*I3 -> 2968272.6 | M3: =MIN(K3,L3) -> 2968272.6 | N3: . | O3: =P3/J3 -> 418.87927 | P3: ='2000-10'!P3 -> 2129188 | Q3: =H3*O3 -> 1641561.1 | R3: =MIN(Q3,P3) -> 1641561.1
A4: Austin | B4: ='2000-10'!B4 -> 53.19888 | C4: ='2000-10'!C4 -> 67.56258 | D4: =B4*$A$1*1000 -> 44332.4 | E4: ='Interval Circuities'!F4 -> 1.3146605 | F4: =B4/E4 -> 40.465869 | G4: =F4*$A$1 -> 33.721558 | H4: =PI()*G4^2 -> 3572.4415 | I4: =K4/J4 -> 1165.127 | J4: ='2000-10'!J4 -> 823.94448 | K4: ='2000-10'!K4 -> 960000 | L4: =H4*I4 -> 4162348.2 | M4: =MIN(K4,L4) -> 960000 | N4: . | O4: =P4/J4 -> 704.51955 | P4: ='2000-10'!P4 -> 580485 | Q4: =H4*O4 -> 2516854.9 | R4: =MIN(Q4,P4) -> 580485
A5: Baltimore2 | B5: ='2000-10'!B5 -> 57.5626 | C5: ='2000-10'!C5 -> 71.37762 | D5: =B5*$A$1*1000 -> 47968.833 | E5: ='Interval Circuities'!F5 -> 1.2277642 | F5: =B5/E5 -> 46.884086 | G5: =F5*$A$1 -> 39.070072 | H5: =PI()*G5^2 -> 4795.5485 | I5: =K5/J5 -> 1249.8157 | J5: ='2000-10'!J5 -> 1768.2607 | K5: ='2000-10'!K5 -> 2210000 | L5: =H5*I5 -> 5993551.8 | M5: =MIN(K5,L5) -> 2210000 | N5: . | O5: =P5/J5 -> 601.54252 | P5: ='2000-10'!P5 -> 1063684 | Q5: =H5*O5 -> 2884726.3 | R5: =MIN(Q5,P5) -> 1063684
A6: Boston | B6: ='2000-10'!B6 -> 60.28802 | C6: ='2000-10'!C6 -> 74.15427 | D6: =B6*$A$1*1000 -> 50240.017 | E6: ='Interval Circuities'!F6 -> 1.19816 | F6: =B6/E6 -> 50.317168 | G6: =F6*$A$1 -> 41.930973 | H6: =PI()*G6^2 -> 5523.5687 | I6: =K6/J6 -> 876.20315 | J6: ='2000-10'!J6 -> 4496.6741 | K6: ='2000-10'!K6 -> 3940000 | L6: =H6*I6 -> 4839768.3 | M6: =MIN(K6,L6) -> 3940000 | N6: . | O6: =P6/J6 -> 683.91236 | P6: ='2000-10'!P6 -> 3075331 | Q6: =H6*O6 -> 3777636.9 | R6: =MIN(Q6,P6) -> 3075331
A7: Buffalo | B7: ='2000-10'!B7 -> 60.07548 | C7: ='2000-10'!C7 -> 64.28076 | D7: =B7*$A$1*1000 -> 50062.9 | E7: ='Interval Circuities'!F7 -> 1.1921182 | F7: =B7/E7 -> 50.393894 | G7: =F7*$A$1 -> 41.994912 | H7: =PI()*G7^2 -> 5540.4268 | I7: =K7/J7 -> 1174.0141 | J7: ='2000-10'!J7 -> 949.73302 | K7: ='2000-10'!K7 -> 1115000 | L7: =H7*I7 -> 6504539.4 | M7: =MIN(K7,L7) -> 1115000 | N7: . | O7: =P7/J7 -> 500.80074 | P7: ='2000-10'!P7 -> 475627 | Q7: =H7*O7 -> 2774649.8 | R7: =MIN(Q7,P7) -> 475627
A8: Charlotte | B8: ='2000-10'!B8 -> 54.73937 | C8: ='2000-10'!C8 -> 66.78204 | D8: =B8*$A$1*1000 -> 45616.142 | E8: ='Interval Circuities'!F8 -> 1.2362161 | F8: =B8/E8 -> 44.279774 | G8: =F8*$A$1 -> 36.899812 | H8: =PI()*G8^2 -> 4277.5804 | I8: =K8/J8 -> 767.92225 | J8: ='2000-10'!J8 -> 1126.4161 | K8: ='2000-10'!K8 -> 865000 | L8: =H8*I8 -> 3284849.1 | M8: =MIN(K8,L8) -> 865000 | N8: . | O8: =P8/J8 -> 720.43269 | P8: ='2000-10'!P8 -> 811507 | Q8: =H8*O8 -> 3081708.8 | R8: =MIN(Q8,P8) -> 811507
A9: Chicago | B9: ='2000-10'!B9 -> 47.50277 | C9: ='2000-10'!C9 -> 64.12874 | D9: =B9*$A$1*1000 -> 39585.642 | E9: ='Interval Circuities'!F9 -> 1.2102128 | F9: =B9/E9 -> 39.251584 | G9: =F9*$A$1 -> 32.709654 | H9: =PI()*G9^2 -> 3361.2573 | I9: =K9/J9 -> 1482.3419 | J9: ='2000-10'!J9 -> 5498.057 | K9: ='2000-10'!K9 -> 8150000 | L9: =H9*I9 -> 4982532.5 | M9: =MIN(K9,L9) -> 4982532.5 | N9: . | O9: =P9/J9 -> 762.04903 | P9: ='2000-10'!P9 -> 4189789 | Q9: =H9*O9 -> 2561442.9 | R9: =MIN(Q9,P9) -> 2561442.9
A10: Cincinnati | B10: ='2000-10'!B10 -> 59.70134 | C10: ='2000-10'!C10 -> 70.44758 | D10: =B10*$A$1*1000 -> 49751.117 | E10: ='Interval Circuities'!F10 -> 1.2783111 | F10: =B10/E10 -> 46.703293 | G10: =F10*$A$1 -> 38.919411 | H10: =PI()*G10^2 -> 4758.6349 | I10: =K10/J10 -> 885.12621 | J10: ='2000-10'!J10 -> 1739.8649 | K10: ='2000-10'!K10 -> 1540000 | L10: =H10*I10 -> 4211992.5 | M10: =MIN(K10,L10) -> 1540000 | N10: . | O10: =P10/J10 -> 537.37105 | P10: ='2000-10'!P10 -> 934953 | Q10: =H10*O10 -> 2557152.6 | R10: =MIN(Q10,P10) -> 934953
A11: Cleveland | B11: ='2000-10'!B11 -> 62.77554 | C11: ='2000-10'!C11 -> 69.05309 | D11: =B11*$A$1*1000 -> 52312.95 | E11: ='Interval Circuities'!F11 -> 1.1707432 | F11: =B11/E11 -> 53.620247 | G11: =F11*$A$1 -> 44.683539 | H11: =PI()*G11^2 -> 6272.5625 | I11: =K11/J11 -> 1065.2097 | J11: ='2000-10'!J11 -> 1675.7263 | K11: ='2000-10'!K11 -> 1785000 | L11: =H11*I11 -> 6681594.6 | M11: =MIN(K11,L11) -> 1785000 | N11: . | O11: =P11/J11 -> 643.10978 | P11: ='2000-10'!P11 -> 1077676 | Q11: =H11*O11 -> 4033946.3 | R11: =MIN(Q11,P11) -> 1077676
A12: Columbus | B12: ='2000-10'!B12 -> 60.79675 | C12: ='2000-10'!C12 -> 71.13219 | D12: =B12*$A$1*1000 -> 50663.958 | E12: ='Interval Circuities'!F12 -> 1.1995705 | F12: =B12/E12 -> 50.682098 | G12: =F12*$A$1 -> 42.235082 | H12: =PI()*G12^2 -> 5603.9797 | I12: =K12/J12 -> 1106.734 | J12: ='2000-10'!J12 -> 1030.0578 | K12: ='2000-10'!K12 -> 1140000 | L12: =H12*I12 -> 6202114.7 | M12: =MIN(K12,L12) -> 1140000 | N12: . | O12: =P12/J12 -> 750.93647 | P12: ='2000-10'!P12 -> 773508 | Q12: =H12*O12 -> 4208232.8 | R12: =MIN(Q12,P12) -> 773508
A13: Dallas-Fort Worth | B13: ='2000-10'!B13 -> 56.96404 | C13: ='2000-10'!C13 -> 70.06577 | D13: =B13*$A$1*1000 -> 47470.033 | E13: ='Interval Circuities'!F13 -> 1.244012 | F13: =B13/E13 -> 45.790587 | G13: =F13*$A$1 -> 38.158822 | H13: =PI()*G13^2 -> 4574.4597 | I13: =K13/J13 -> 1122.3259 | J13: ='2000-10'!J13 -> 3644.2179 | K13: ='2000-10'!K13 -> 4090000 | L13: =H13*I13 -> 5134034.4 | M13: =MIN(K13,L13) -> 4090000 | N13: . | O13: =P13/J13 -> 713.75617 | P13: ='2000-10'!P13 -> 2601083 | Q13: =H13*O13 -> 3265048.8 | R13: =MIN(Q13,P13) -> 2601083
A14: Denver | B14: ='2000-10'!B14 -> 50.87279 | C14: ='2000-10'!C14 -> 67.15208 | D14: =B14*$A$1*1000 -> 42393.992 | E14: ='Interval Circuities'!F14 -> 1.3352477 | F14: =B14/E14 -> 38.099889 | G14: =F14*$A$1 -> 31.749907 | H14: =PI()*G14^2 -> 3166.9033 | I14: =K14/J14 -> 1567.4515 | J14: ='2000-10'!J14 -> 1291.906 | K14: ='2000-10'!K14 -> 2025000 | L14: =H14*I14 -> 4963967.3 | M14: =MIN(K14,L14) -> 2025000 | N14: . | O14: =P14/J14 -> 836.36813 | P14: ='2000-10'!P14 -> 1080509 | Q14: =H14*O14 -> 2648696.9 | R14: =MIN(Q14,P14) -> 1080509
... A53: Washington2 | B53: ='2000-10'!B53 -> 49.55658 | C53: ='2000-10'!C53 -> 67.39695 | D53: =B53*$A$1*1000 -> 41297.15 | E53: ='Interval Circuities'!F53 -> 1.2809628 | F53: =B53/E53 -> 38.686979 | G53: =F53*$A$1 -> 32.239149 | H53: =PI()*G53^2 -> 3265.2544 | I53: =K53/J53 -> 1345.1226 | J53: ='2000-10'!J53 -> 2996.0093 | K53: ='2000-10'!K53 -> 4030000 | L53: =H53*I53 -> 4392167.6 | M53: =MIN(K53,L53) -> 4030000 | N53: . | O53: =P53/J53 -> 760.55704 | P53: ='2000-10'!P53 -> 2278636 | Q53: =H53*O53 -> 2483412.2 | R53: =MIN(Q53,P53) -> 2278636

Sheet 2000-60
A1: =6/6 -> 1 | B1: Network Speed (congested) [km/h] | C1: Network Speed (freeflow) [km/h] | D1: 60 min Distance [m] | E1: Circuity [ ] | F1: Average Airline Speed [km/h] | G1: Airline Radius [km] | H1: Area covered in $A$1$ hrs [km2] | I1: Urbanized area density [people/km2] | J1: Area [km2] | K1: Population | L1: Accessibility | M1: MinPA,P | N1: . | O1: Employment Density | P1: Employment | Q1: Employment Accessibility | R1: Min EA, E
A2: Area | B2: S_n | C2: S_f | E2: C3 | F2: S_a | G2: R_a | H2: A_X | I2: D_UA | J2: Area | K2: Pop | L2: A_P | M2: MinA_P | N2: . | O2: D_Emp | P2: Emp | Q2: A_E | R2: MinA_E
A3: Atlanta | B3: ='2000-10'!B3 -> 52.31679 | C3: ='2000-10'!C3 -> 68.53499 | D3: =B3*$A$1*1000 -> 52316.79 | E3: ='Interval Circuities'!G3 -> 1.2220844 | F3: =B3/E3 -> 42.809472 | G3: =F3*$A$1 -> 42.809472 | H3: =PI()*G3^2 -> 5757.4427 | I3: =K3/J3 -> 757.41794 | J3: ='2000-10'!J3 -> 5083.0589 | K3: ='2000-10'!K3 -> 3850000 | L3: =H3*I3 -> 4360790.4 | M3: =MIN(K3,L3) -> 3850000 | N3: . | O3: =P3/J3 -> 418.87927 | P3: ='2000-10'!P3 -> 2129188 | Q3: =H3*O3 -> 2411673.4 | R3: =MIN(Q3,P3) -> 2129188
A4: Austin | B4: ='2000-10'!B4 -> 53.19888 | C4: ='2000-10'!C4 -> 67.56258 | D4: =B4*$A$1*1000 -> 53198.88 | E4: ='Interval Circuities'!G4 -> 1.2986851 | F4: =B4/E4 -> 40.96365 | G4: =F4*$A$1 -> 40.96365 | H4: =PI()*G4^2 -> 5271.6572 | I4: =K4/J4 -> 1165.127 | J4: ='2000-10'!J4 -> 823.94448 | K4: ='2000-10'!K4 -> 960000 | L4: =H4*I4 -> 6142150.3 | M4: =MIN(K4,L4) -> 960000 | N4: . | O4: =P4/J4 -> 704.51955 | P4: ='2000-10'!P4 -> 580485 | Q4: =H4*O4 -> 3713985.6 | R4: =MIN(Q4,P4) -> 580485
A5: Baltimore2 | B5: ='2000-10'!B5 -> 57.5626 | C5: ='2000-10'!C5 -> 71.37762 | D5: =B5*$A$1*1000 -> 57562.6 | E5: ='Interval Circuities'!G5 -> 1.2190968 | F5: =B5/E5 -> 47.217416 | G5: =F5*$A$1 -> 47.217416 | H5: =PI()*G5^2 -> 7004.1318 | I5: =K5/J5 -> 1249.8157 | J5: ='2000-10'!J5 -> 1768.2607 | K5: ='2000-10'!K5 -> 2210000 | L5: =H5*I5 -> 8753873.8 | M5: =MIN(K5,L5) -> 2210000 | N5: . | O5: =P5/J5 -> 601.54252 | P5: ='2000-10'!P5 -> 1063684 | Q5: =H5*O5 -> 4213283 | R5: =MIN(Q5,P5) -> 1063684
A6: Boston | B6: ='2000-10'!B6 -> 60.28802 | C6: ='2000-10'!C6 -> 74.15427 | D6: =B6*$A$1*1000 -> 60288.02 | E6: ='Interval Circuities'!G6 -> 1.192253 | F6: =B6/E6 -> 50.566465 | G6: =F6*$A$1 -> 50.566465 | H6: =PI()*G6^2 -> 8032.9499 | I6: =K6/J6 -> 876.20315 | J6: ='2000-10'!J6 -> 4496.6741 | K6: ='2000-10'!K6 -> 3940000 | L6: =H6*I6 -> 7038496 | M6: =MIN(K6,L6) -> 3940000 | N6: . | O6: =P6/J6 -> 683.91236 | P6: ='2000-10'!P6 -> 3075331 | Q6: =H6*O6 -> 5493833.7 | R6: =MIN(Q6,P6) -> 3075331
A7: Buffalo | B7: ='2000-10'!B7 -> 60.07548 | C7: ='2000-10'!C7 -> 64.28076 | D7: =B7*$A$1*1000 -> 60075.48 | E7: ='Interval Circuities'!G7 -> 1.1856225 | F7: =B7/E7 -> 50.669989 | G7: =F7*$A$1 -> 50.669989 | H7: =PI()*G7^2 -> 8065.875 | I7: =K7/J7 -> 1174.0141 | J7: ='2000-10'!J7 -> 949.73302 | K7: ='2000-10'!K7 -> 1115000 | L7: =H7*I7 -> 9469451.4 | M7: =MIN(K7,L7) -> 1115000 | N7: . | O7: =P7/J7 -> 500.80074 | P7: ='2000-10'!P7 -> 475627 | Q7: =H7*O7 -> 4039396.2 | R7: =MIN(Q7,P7) -> 475627
A8: Charlotte | B8: ='2000-10'!B8 -> 54.73937 | C8: ='2000-10'!C8 -> 66.78204 | D8: =B8*$A$1*1000 -> 54739.37 | E8: ='Interval Circuities'!G8 -> 1.2291118 | F8: =B8/E8 -> 44.535713 | G8: =F8*$A$1 -> 44.535713 | H8: =PI()*G8^2 -> 6231.1283 | I8: =K8/J8 -> 767.92225 | J8: ='2000-10'!J8 -> 1126.4161 | K8: ='2000-10'!K8 -> 865000 | L8: =H8*I8 -> 4785022 | M8: =MIN(K8,L8) -> 865000 | N8: . | O8: =P8/J8 -> 720.43269 | P8: ='2000-10'!P8 -> 811507 | Q8: =H8*O8 -> 4489108.5 | R8: =MIN(Q8,P8) -> 811507
A9: Chicago | B9: ='2000-10'!B9 -> 47.50277 | C9: ='2000-10'!C9 -> 64.12874 | D9: =B9*$A$1*1000 -> 47502.77 | E9: ='Interval Circuities'!G9 -> 1.1997054 | F9: =B9/E9 -> 39.595363 | G9: =F9*$A$1 -> 39.595363 | H9: =PI()*G9^2 -> 4925.3662 | I9: =K9/J9 -> 1482.3419 | J9: ='2000-10'!J9 -> 5498.057 | K9: ='2000-10'!K9 -> 8150000 | L9: =H9*I9 -> 7301076.5 | M9: =MIN(K9,L9) -> 7301076.5 | N9: . | O9: =P9/J9 -> 762.04903 | P9: ='2000-10'!P9 -> 4189789 | Q9: =H9*O9 -> 3753370.6 | R9: =MIN(Q9,P9) -> 3753370.6
A10: Cincinnati | B10: ='2000-10'!B10 -> 59.70134 | C10: ='2000-10'!C10 -> 70.44758 | D10: =B10*$A$1*1000 -> 59701.34 | E10: ='Interval Circuities'!G10 -> 1.2714841 | F10: =B10/E10 -> 46.954061 | G10: =F10*$A$1 -> 46.954061 | H10: =PI()*G10^2 -> 6926.2185 | I10: =K10/J10 -> 885.12621 | J10: ='2000-10'!J10 -> 1739.8649 | K10: ='2000-10'!K10 -> 1540000 | L10: =H10*I10 -> 6130577.5 | M10: =MIN(K10,L10) -> 1540000 | N10: . | O10: =P10/J10 -> 537.37105 | P10: ='2000-10'!P10 -> 934953 | Q10: =H10*O10 -> 3721949.3 | R10: =MIN(Q10,P10) -> 934953
A11: Cleveland | B11: ='2000-10'!B11 -> 62.77554 | C11: ='2000-10'!C11 -> 69.05309 | D11: =B11*$A$1*1000 -> 62775.54 | E11: ='Interval Circuities'!G11 -> 1.1653581 | F11: =B11/E11 -> 53.868025 | G11: =F11*$A$1 -> 53.868025 | H11: =PI()*G11^2 -> 9116.161 | I11: =K11/J11 -> 1065.2097 | J11: ='2000-10'!J11 -> 1675.7263 | K11: ='2000-10'!K11 -> 1785000 | L11: =H11*I11 -> 9710623.3 | M11: =MIN(K11,L11) -> 1785000 | N11: . | O11: =P11/J11 -> 643.10978 | P11: ='2000-10'!P11 -> 1077676 | Q11: =H11*O11 -> 5862692.3 | R11: =MIN(Q11,P11) -> 1077676
A12: Columbus | B12: ='2000-10'!B12 -> 60.79675 | C12: ='2000-10'!C12 -> 71.13219 | D12: =B12*$A$1*1000 -> 60796.75 | E12: ='Interval Circuities'!G12 -> 1.1898958 | F12: =B12/E12 -> 51.094181 | G12: =F12*$A$1 -> 51.094181 | H12: =PI()*G12^2 -> 8201.4898 | I12: =K12/J12 -> 1106.734 | J12: ='2000-10'!J12 -> 1030.0578 | K12: ='2000-10'!K12 -> 1140000 | L12: =H12*I12 -> 9076867.4 | M12: =MIN(K12,L12) -> 1140000 | N12: . | O12: =P12/J12 -> 750.93647 | P12: ='2000-10'!P12 -> 773508 | Q12: =H12*O12 -> 6158797.8 | R12: =MIN(Q12,P12) -> 773508
A13: Dallas-Fort Worth | B13: ='2000-10'!B13 -> 56.96404 | C13: ='2000-10'!C13 -> 70.06577 | D13: =B13*$A$1*1000 -> 56964.04 | E13: ='Interval Circuities'!G13 -> 1.230944 | F13: =B13/E13 -> 46.27671 | G13: =F13*$A$1 -> 46.27671 | H13: =PI()*G13^2 -> 6727.8273 | I13: =K13/J13 -> 1122.3259 | J13: ='2000-10'!J13 -> 3644.2179 | K13: ='2000-10'!K13 -> 4090000 | L13: =H13*I13 -> 7550814.5 | M13: =MIN(K13,L13) -> 4090000 | N13: . | O13: =P13/J13 -> 713.75617 | P13: ='2000-10'!P13 -> 2601083 | Q13: =H13*O13 -> 4802028.2 | R13: =MIN(Q13,P13) -> 2601083
A14: Denver | B14: ='2000-10'!B14 -> 50.87279 | C14: ='2000-10'!C14 -> 67.15208 | D14: =B14*$A$1*1000 -> 50872.79 | E14: ='Interval Circuities'!G14 -> 1.3276568 | F14: =B14/E14 -> 38.317725 | G14: =F14*$A$1 -> 38.317725 | H14: =PI()*G14^2 -> 4612.6374 | I14: =K14/J14 -> 1567.4515 | J14: ='2000-10'!J14 -> 1291.906 | K14: ='2000-10'!K14 -> 2025000 | L14: =H14*I14 -> 7230085.4 | M14: =MIN(K14,L14) -> 2025000 | N14: . | O14: =P14/J14 -> 836.36813 | P14: ='2000-10'!P14 -> 1080509 | Q14: =H14*O14 -> 3857862.9 | R14: =MIN(Q14,P14) -> 1080509
... A53: Washington2 | B53: ='2000-10'!B53 -> 49.55658 | C53: ='2000-10'!C53 -> 67.39695 | D53: =B53*$A$1*1000 -> 49556.58 | E53: ='Interval Circuities'!G53 -> 1.2713436 | F53: =B53/E53 -> 38.979691 | G53: =F53*$A$1 -> 38.979691 | H53: =PI()*G53^2 -> 4773.3871 | I53: =K53/J53 -> 1345.1226 | J53: ='2000-10'!J53 -> 2996.0093 | K53: ='2000-10'!K53 -> 4030000 | L53: =H53*I53 -> 6420791.1 | M53: =MIN(K53,L53) -> 4030000 | N53: . | O53: =P53/J53 -> 760.55704 | P53: ='2000-10'!P53 -> 2278636 | Q53: =H53*O53 -> 3630433.2 | R53: =MIN(Q53,P53) -> 2278636

Sheet 2000-70
A1: =7/6 -> 1.1666667 | B1: Network Speed (congested) [km/h] | C1: Network Speed (freeflow) [km/h] | D1: 70 min Distance [m] | E1: Circuity [ ] | F1: Average Airline Speed [km/h] | G1: Airline Radius [km] | H1: Area covered in $A$1$ hrs [km2] | I1: Urbanized area density [people/km2] | J1: Area [km2] | K1: Population | L1: Accessibility | M1: MinPA,P | N1: . | O1: Employment Density | P1: Employment | Q1: Employment Accessibility | R1: Min EA, E
A2: Area | B2: S_n | C2: S_f | E2: C3 | F2: S_a | G2: R_a | H2: A_X | I2: D_UA | J2: Area | K2: Pop | L2: A_P | M2: MinA_P | N2: . | O2: D_Emp | P2: Emp | Q2: A_E | R2: MinA_E
A3: Atlanta | B3: ='2000-10'!B3 -> 52.31679 | C3: ='2000-10'!C3 -> 68.53499 | D3: =B3*$A$1*1000 -> 61036.255 | E3: ='Interval Circuities'!H3 -> 1.2119365 | F3: =B3/E3 -> 43.167931 | G3: =F3*$A$1 -> 50.362586 | H3: =PI()*G3^2 -> 7968.3045 | I3: =K3/J3 -> 757.41794 | J3: ='2000-10'!J3 -> 5083.0589 | K3: ='2000-10'!K3 -> 3850000 | L3: =H3*I3 -> 6035336.7 | M3: =MIN(K3,L3) -> 3850000 | N3: . | O3: =P3/J3 -> 418.87927 | P3: ='2000-10'!P3 -> 2129188 | Q3: =H3*O3 -> 3337757.5 | R3: =MIN(Q3,P3) -> 2129188
A4: Austin | B4: ='2000-10'!B4 -> 53.19888 | C4: ='2000-10'!C4 -> 67.56258 | D4: =B4*$A$1*1000 -> 62065.36 | E4: ='Interval Circuities'!H4 -> 1.2859273 | F4: =B4/E4 -> 41.370054 | G4: =F4*$A$1 -> 48.265063 | H4: =PI()*G4^2 -> 7318.3913 | I4: =K4/J4 -> 1165.127 | J4: ='2000-10'!J4 -> 823.94448 | K4: ='2000-10'!K4 -> 960000 | L4: =H4*I4 -> 8526855.6 | M4: =MIN(K4,L4) -> 960000 | N4: . | O4: =P4/J4 -> 704.51955 | P4: ='2000-10'!P4 -> 580485 | Q4: =H4*O4 -> 5155949.8 | R4: =MIN(Q4,P4) -> 580485
A5: Baltimore2 | B5: ='2000-10'!B5 -> 57.5626 | C5: ='2000-10'!C5 -> 71.37762 | D5: =B5*$A$1*1000 -> 67156.367 | E5: ='Interval Circuities'!H5 -> 1.2137407 | F5: =B5/E5 -> 47.425781 | G5: =F5*$A$1 -> 55.330078 | H5: =PI()*G5^2 -> 9617.7269 | I5: =K5/J5 -> 1249.8157 | J5: ='2000-10'!J5 -> 1768.2607 | K5: ='2000-10'!K5 -> 2210000 | L5: =H5*I5 -> 12020386 | M5: =MIN(K5,L5) -> 2210000 | N5: . | O5: =P5/J5 -> 601.54252 | P5: ='2000-10'!P5 -> 1063684 | Q5: =H5*O5 -> 5785471.6 | R5: =MIN(Q5,P5) -> 1063684
A6: Boston | B6: ='2000-10'!B6 -> 60.28802 | C6: ='2000-10'!C6 -> 74.15427 | D6: =B6*$A$1*1000 -> 70336.023 | E6: ='Interval Circuities'!H6 -> 1.1888352 | F6: =B6/E6 -> 50.71184 | G6: =F6*$A$1 -> 59.163813 | H6: =PI()*G6^2 -> 10996.695 | I6: =K6/J6 -> 876.20315 | J6: ='2000-10'!J6 -> 4496.6741 | K6: ='2000-10'!K6 -> 3940000 | L6: =H6*I6 -> 9635338.9 | M6: =MIN(K6,L6) -> 3940000 | N6: . | O6: =P6/J6 -> 683.91236 | P6: ='2000-10'!P6 -> 3075331 | Q6: =H6*O6 -> 7520775.7 | R6: =MIN(Q6,P6) -> 3075331
A7: Buffalo | B7: ='2000-10'!B7 -> 60.07548 | C7: ='2000-10'!C7 -> 64.28076 | D7: =B7*$A$1*1000 -> 70088.06 | E7: ='Interval Circuities'!H7 -> 1.1808397 | F7: =B7/E7 -> 50.875222 | G7: =F7*$A$1 -> 59.354426 | H7: =PI()*G7^2 -> 11067.667 | I7: =K7/J7 -> 1174.0141 | J7: ='2000-10'!J7 -> 949.73302 | K7: ='2000-10'!K7 -> 1115000 | L7: =H7*I7 -> 12993598 | M7: =MIN(K7,L7) -> 1115000 | N7: . | O7: =P7/J7 -> 500.80074 | P7: ='2000-10'!P7 -> 475627 | Q7: =H7*O7 -> 5542695.9 | R7: =MIN(Q7,P7) -> 475627
A8: Charlotte | B8: ='2000-10'!B8 -> 54.73937 | C8: ='2000-10'!C8 -> 66.78204 | D8: =B8*$A$1*1000 -> 63862.598 | E8: ='Interval Circuities'!H8 -> 1.2247359 | F8: =B8/E8 -> 44.694834 | G8: =F8*$A$1 -> 52.143973 | H8: =PI()*G8^2 -> 8541.9714 | I8: =K8/J8 -> 767.92225 | J8: ='2000-10'!J8 -> 1126.4161 | K8: ='2000-10'!K8 -> 865000 | L8: =H8*I8 -> 6559569.9 | M8: =MIN(K8,L8) -> 865000 | N8: . | O8: =P8/J8 -> 720.43269 | P8: ='2000-10'!P8 -> 811507 | Q8: =H8*O8 -> 6153915.5 | R8: =MIN(Q8,P8) -> 811507
A9: Chicago | B9: ='2000-10'!B9 -> 47.50277 | C9: ='2000-10'!C9 -> 64.12874 | D9: =B9*$A$1*1000 -> 55419.898 | E9: ='Interval Circuities'!H9 -> 1.1909479 | F9: =B9/E9 -> 39.886522 | G9: =F9*$A$1 -> 46.534275 | H9: =PI()*G9^2 -> 6802.9266 | I9: =K9/J9 -> 1482.3419 | J9: ='2000-10'!J9 -> 5498.057 | K9: ='2000-10'!K9 -> 8150000 | L9: =H9*I9 -> 10084263 | M9: =MIN(K9,L9) -> 8150000 | N9: . | O9: =P9/J9 -> 762.04903 | P9: ='2000-10'!P9 -> 4189789 | Q9: =H9*O9 -> 5184163.6 | R9: =MIN(Q9,P9) -> 4189789
A10: Cincinnati | B10: ='2000-10'!B10 -> 59.70134 | C10: ='2000-10'!C10 -> 70.44758 | D10: =B10*$A$1*1000 -> 69651.563 | E10: ='Interval Circuities'!H10 -> 1.2667492 | F10: =B10/E10 -> 47.129567 | G10: =F10*$A$1 -> 54.984495 | H10: =PI()*G10^2 -> 9497.9603 | I10: =K10/J10 -> 885.12621 | J10: ='2000-10'!J10 -> 1739.8649 | K10: ='2000-10'!K10 -> 1540000 | L10: =H10*I10 -> 8406893.7 | M10: =MIN(K10,L10) -> 1540000 | N10: . | O10: =P10/J10 -> 537.37105 | P10: ='2000-10'!P10 -> 934953 | Q10: =H10*O10 -> 5103928.9 | R10: =MIN(Q10,P10) -> 934953
A11: Cleveland | B11: ='2000-10'!B11 -> 62.77554 | C11: ='2000-10'!C11 -> 69.05309 | D11: =B11*$A$1*1000 -> 73238.13 | E11: ='Interval Circuities'!H11 -> 1.1621016 | F11: =B11/E11 -> 54.018977 | G11: =F11*$A$1 -> 63.022139 | H11: =PI()*G11^2 -> 12477.746 | I11: =K11/J11 -> 1065.2097 | J11: ='2000-10'!J11 -> 1675.7263 | K11: ='2000-10'!K11 -> 1785000 | L11: =H11*I11 -> 13291417 | M11: =MIN(K11,L11) -> 1785000 | N11: . | O11: =P11/J11 -> 643.10978 | P11: ='2000-10'!P11 -> 1077676 | Q11: =H11*O11 -> 8024560.8 | R11: =MIN(Q11,P11) -> 1077676
A12: Columbus | B12: ='2000-10'!B12 -> 60.79675 | C12: ='2000-10'!C12 -> 71.13219 | D12: =B12*$A$1*1000 -> 70929.542 | E12: ='Interval Circuities'!H12 -> 1.1835423 | F12: =B12/E12 -> 51.368464 | G12: =F12*$A$1 -> 59.929874 | H12: =PI()*G12^2 -> 11283.312 | I12: =K12/J12 -> 1106.734 | J12: ='2000-10'!J12 -> 1030.0578 | K12: ='2000-10'!K12 -> 1140000 | L12: =H12*I12 -> 12487625 | M12: =MIN(K12,L12) -> 1140000 | N12: . | O12: =P12/J12 -> 750.93647 | P12: ='2000-10'!P12 -> 773508 | Q12: =H12*O12 -> 8473050.7 | R12: =MIN(Q12,P12) -> 773508
A13: Dallas-Fort Worth | B13: ='2000-10'!B13 -> 56.96404 | C13: ='2000-10'!C13 -> 70.06577 | D13: =B13*$A$1*1000 -> 66458.047 | E13: ='Interval Circuities'!H13 -> 1.219373 | F13: =B13/E13 -> 46.715846 | G13: =F13*$A$1 -> 54.501821 | H13: =PI()*G13^2 -> 9331.939 | I13: =K13/J13 -> 1122.3259 | J13: ='2000-10'!J13 -> 3644.2179 | K13: ='2000-10'!K13 -> 4090000 | L13: =H13*I13 -> 10473476 | M13: =MIN(K13,L13) -> 4090000 | N13: . | O13: =P13/J13 -> 713.75617 | P13: ='2000-10'!P13 -> 2601083 | Q13: =H13*O13 -> 6660729 | R13: =MIN(Q13,P13) -> 2601083
A14: Denver | B14: ='2000-10'!B14 -> 50.87279 | C14: ='2000-10'!C14 -> 67.15208 | D14: =B14*$A$1*1000 -> 59351.588 | E14: ='Interval Circuities'!H14 -> 1.3202084 | F14: =B14/E14 -> 38.533909 | G14: =F14*$A$1 -> 44.956228 | H14: =PI()*G14^2 -> 6349.3548 | I14: =K14/J14 -> 1567.4515 | J14: ='2000-10'!J14 -> 1291.906 | K14: ='2000-10'!K14 -> 2025000 | L14: =H14*I14 -> 9952305.7 | M14: =MIN(K14,L14) -> 2025000 | N14: . | O14: =P14/J14 -> 836.36813 | P14: ='2000-10'!P14 -> 1080509 | Q14: =H14*O14 -> 5310398 | R14: =MIN(Q14,P14) -> 1080509
... A53: Washington2 | B53: ='2000-10'!B53 -> 49.55658 | C53: ='2000-10'!C53 -> 67.39695 | D53: =B53*$A$1*1000 -> 57816.01 | E53: ='Interval Circuities'!H53 -> 1.2653662 | F53: =B53/E53 -> 39.163823 | G53: =F53*$A$1 -> 45.691127 | H53: =PI()*G53^2 -> 6558.6373 | I53: =K53/J53 -> 1345.1226 | J53: ='2000-10'!J53 -> 2996.0093 | K53: ='2000-10'!K53 -> 4030000 | L53: =H53*I53 -> 8822171.5 | M53: =MIN(K53,L53) -> 4030000 | N53: . | O53: =P53/J53 -> 760.55704 | P53: ='2000-10'!P53 -> 2278636 | Q53: =H53*O53 -> 4988217.8 | R53: =MIN(Q53,P53) -> 2278636

Sheet 2000-80
A1: =8/6 -> 1.3333333 | B1: Network Speed (congested) [km/h] | C1: Network Speed (freeflow) [km/h] | D1: 80 min Distance [m] | E1: Circuity [ ] | F1: Average Airline Speed [km/h] | G1: Airline Radius [km] | H1: Area covered in $A$1$ hrs [km2] | I1: Urbanized area density [people/km2] | J1: Area [km2] | K1: Population | L1: Accessibility | M1: MinPA,P | N1: . | O1: Employment Density | P1: Employment | Q1: Employment Accessibility | R1: Min EA, E
A2: Area | B2: S_n | C2: S_f | E2: C3 | F2: S_a | G2: R_a | H2: A_X | I2: D_UA | J2: Area | K2: Pop | L2: A_P | M2: MinA_P | N2: . | O2: D_Emp | P2: Emp | Q2: A_E | R2: MinA_E
A3: Atlanta | B3: ='2000-10'!B3 -> 52.31679 | C3: ='2000-10'!C3 -> 68.53499 | D3: =B3*$A$1*1000 -> 69755.72 | E3: ='Interval Circuities'!I3 -> 1.2039046 | F3: =B3/E3 -> 43.455928 | G3: =F3*$A$1 -> 57.941237 | H3: =PI()*G3^2 -> 10546.914 | I3: =K3/J3 -> 757.41794 | J3: ='2000-10'!J3 -> 5083.0589 | K3: ='2000-10'!K3 -> 3850000 | L3: =H3*I3 -> 7988421.7 | M3: =MIN(K3,L3) -> 3850000 | N3: . | O3: =P3/J3 -> 418.87927 | P3: ='2000-10'!P3 -> 2129188 | Q3: =H3*O3 -> 4417883.6 | R3: =MIN(Q3,P3) -> 2129188
A4: Austin | B4: ='2000-10'!B4 -> 53.19888 | C4: ='2000-10'!C4 -> 67.56258 | D4: =B4*$A$1*1000 -> 70931.84 | E4: ='Interval Circuities'!I4 -> 1.2752322 | F4: =B4/E4 -> 41.717014 | G4: =F4*$A$1 -> 55.622685 | H4: =PI()*G4^2 -> 9719.7205 | I4: =K4/J4 -> 1165.127 | J4: ='2000-10'!J4 -> 823.94448 | K4: ='2000-10'!K4 -> 960000 | L4: =H4*I4 -> 11324709 | M4: =MIN(K4,L4) -> 960000 | N4: . | O4: =P4/J4 -> 704.51955 | P4: ='2000-10'!P4 -> 580485 | Q4: =H4*O4 -> 6847733.1 | R4: =MIN(Q4,P4) -> 580485
A5: Baltimore2 | B5: ='2000-10'!B5 -> 57.5626 | C5: ='2000-10'!C5 -> 71.37762 | D5: =B5*$A$1*1000 -> 76750.133 | E5: ='Interval Circuities'!I5 -> 1.211335 | F5: =B5/E5 -> 47.519969 | G5: =F5*$A$1 -> 63.359958 | H5: =PI()*G5^2 -> 12611.874 | I5: =K5/J5 -> 1249.8157 | J5: ='2000-10'!J5 -> 1768.2607 | K5: ='2000-10'!K5 -> 2210000 | L5: =H5*I5 -> 15762518 | M5: =MIN(K5,L5) -> 2210000 | N5: . | O5: =P5/J5 -> 601.54252 | P5: ='2000-10'!P5 -> 1063684 | Q5: =H5*O5 -> 7586578.6 | R5: =MIN(Q5,P5) -> 1063684
A6: Boston | B6: ='2000-10'!B6 -> 60.28802 | C6: ='2000-10'!C6 -> 74.15427 | D6: =B6*$A$1*1000 -> 80384.027 | E6: ='Interval Circuities'!I6 -> 1.1867712 | F6: =B6/E6 -> 50.800037 | G6: =F6*$A$1 -> 67.733382 | H6: =PI()*G6^2 -> 14413.034 | I6: =K6/J6 -> 876.20315 | J6: ='2000-10'!J6 -> 4496.6741 | K6: ='2000-10'!K6 -> 3940000 | L6: =H6*I6 -> 12628745 | M6: =MIN(K6,L6) -> 3940000 | N6: . | O6: =P6/J6 -> 683.91236 | P6: ='2000-10'!P6 -> 3075331 | Q6: =H6*O6 -> 9857251.9 | R6: =MIN(Q6,P6) -> 3075331
A7: Buffalo | B7: ='2000-10'!B7 -> 60.07548 | C7: ='2000-10'!C7 -> 64.28076 | D7: =B7*$A$1*1000 -> 80100.64 | E7: ='Interval Circuities'!I7 -> 1.1771505 | F7: =B7/E7 -> 51.034666 | G7: =F7*$A$1 -> 68.046221 | H7: =PI()*G7^2 -> 14546.479 | I7: =K7/J7 -> 1174.0141 | J7: ='2000-10'!J7 -> 949.73302 | K7: ='2000-10'!K7 -> 1115000 | L7: =H7*I7 -> 17077773 | M7: =MIN(K7,L7) -> 1115000 | N7: . | O7: =P7/J7 -> 500.80074 | P7: ='2000-10'!P7 -> 475627 | Q7: =H7*O7 -> 7284887.6 | R7: =MIN(Q7,P7) -> 475627
A8: Charlotte | B8: ='2000-10'!B8 -> 54.73937 | C8: ='2000-10'!C8 -> 66.78204 | D8: =B8*$A$1*1000 -> 72985.827 | E8: ='Interval Circuities'!I8 -> 1.2142402 | F8: =B8/E8 -> 45.08117 | G8: =F8*$A$1 -> 60.108226 | H8: =PI()*G8^2 -> 11350.571 | I8: =K8/J8 -> 767.92225 | J8: ='2000-10'!J8 -> 1126.4161 | K8: ='2000-10'!K8 -> 865000 | L8: =H8*I8 -> 8716355.8 | M8: =MIN(K8,L8) -> 865000 | N8: . | O8: =P8/J8 -> 720.43269 | P8: ='2000-10'!P8 -> 811507 | Q8: =H8*O8 -> 8177322.2 | R8: =MIN(Q8,P8) -> 811507
A9: Chicago | B9: ='2000-10'!B9 -> 47.50277 | C9: ='2000-10'!C9 -> 64.12874 | D9: =B9*$A$1*1000 -> 63337.027 | E9: ='Interval Circuities'!I9 -> 1.1847178 | F9: =B9/E9 -> 40.096275 | G9: =F9*$A$1 -> 53.4617 | H9: =PI()*G9^2 -> 8979.1537 | I9: =K9/J9 -> 1482.3419 | J9: ='2000-10'!J9 -> 5498.057 | K9: ='2000-10'!K9 -> 8150000 | L9: =H9*I9 -> 13310175 | M9: =MIN(K9,L9) -> 8150000 | N9: . | O9: =P9/J9 -> 762.04903 | P9: ='2000-10'!P9 -> 4189789 | Q9: =H9*O9 -> 6842555.4 | R9: =MIN(Q9,P9) -> 4189789
A10: Cincinnati | B10: ='2000-10'!B10 -> 59.70134 | C10: ='2000-10'!C10 -> 70.44758 | D10: =B10*$A$1*1000 -> 79601.787 | E10: ='Interval Circuities'!I10 -> 1.2644353 | F10: =B10/E10 -> 47.215811 | G10: =F10*$A$1 -> 62.954415 | H10: =PI()*G10^2 -> 12450.943 | I10: =K10/J10 -> 885.12621 | J10: ='2000-10'!J10 -> 1739.8649 | K10: ='2000-10'!K10 -> 1540000 | L10: =H10*I10 -> 11020656 | M10: =MIN(K10,L10) -> 1540000 | N10: . | O10: =P10/J10 -> 537.37105 | P10: ='2000-10'!P10 -> 934953 | Q10: =H10*O10 -> 6690776.4 | R10: =MIN(Q10,P10) -> 934953
A11: Cleveland | B11: ='2000-10'!B11 -> 62.77554 | C11: ='2000-10'!C11 -> 69.05309 | D11: =B11*$A$1*1000 -> 83700.72 | E11: ='Interval Circuities'!I11 -> 1.1591644 | F11: =B11/E11 -> 54.155855 | G11: =F11*$A$1 -> 72.207806 | H11: =PI()*G11^2 -> 16380.161 | I11: =K11/J11 -> 1065.2097 | J11: ='2000-10'!J11 -> 1675.7263 | K11: ='2000-10'!K11 -> 1785000 | L11: =H11*I11 -> 17448307 | M11: =MIN(K11,L11) -> 1785000 | N11: . | O11: =P11/J11 -> 643.10978 | P11: ='2000-10'!P11 -> 1077676 | Q11: =H11*O11 -> 10534242 | R11: =MIN(Q11,P11) -> 1077676
A12: Columbus | B12: ='2000-10'!B12 -> 60.79675 | C12: ='2000-10'!C12 -> 71.13219 | D12: =B12*$A$1*1000 -> 81062.333 | E12: ='Interval Circuities'!I12 -> 1.1788997 | F12: =B12/E12 -> 51.570758 | G12: =F12*$A$1 -> 68.76101 | H12: =PI()*G12^2 -> 14853.69 | I12: =K12/J12 -> 1106.734 | J12: ='2000-10'!J12 -> 1030.0578 | K12: ='2000-10'!K12 -> 1140000 | L12: =H12*I12 -> 16439084 | M12: =MIN(K12,L12) -> 1140000 | N12: . | O12: =P12/J12 -> 750.93647 | P12: ='2000-10'!P12 -> 773508 | Q12: =H12*O12 -> 11154178 | R12: =MIN(Q12,P12) -> 773508
A13: Dallas-Fort Worth | B13: ='2000-10'!B13 -> 56.96404 | C13: ='2000-10'!C13 -> 70.06577 | D13: =B13*$A$1*1000 -> 75952.053 | E13: ='Interval Circuities'!I13 -> 1.209155 | F13: =B13/E13 -> 47.110617 | G13: =F13*$A$1 -> 62.814156 | H13: =PI()*G13^2 -> 12395.525 | I13: =K13/J13 -> 1122.3259 | J13: ='2000-10'!J13 -> 3644.2179 | K13: ='2000-10'!K13 -> 4090000 | L13: =H13*I13 -> 13911818 | M13: =MIN(K13,L13) -> 4090000 | N13: . | O13: =P13/J13 -> 713.75617 | P13: ='2000-10'!P13 -> 2601083 | Q13: =H13*O13 -> 8847382.4 | R13: =MIN(Q13,P13) -> 2601083
A14: Denver | B14: ='2000-10'!B14 -> 50.87279 | C14: ='2000-10'!C14 -> 67.15208 | D14: =B14*$A$1*1000 -> 67830.387 | E14: ='Interval Circuities'!I14 -> 1.3134913 | F14: =B14/E14 -> 38.730968 | G14: =F14*$A$1 -> 51.641291 | H14: =PI()*G14^2 -> 8378.0713 | I14: =K14/J14 -> 1567.4515 | J14: ='2000-10'!J14 -> 1291.906 | K14: ='2000-10'!K14 -> 2025000 | L14: =H14*I14 -> 13132220 | M14: =MIN(K14,L14) -> 2025000 | N14: . | O14: =P14/J14 -> 836.36813 | P14: ='2000-10'!P14 -> 1080509 | Q14: =H14*O14 -> 7007151.8 | R14: =MIN(Q14,P14) -> 1080509
... A53: Washington2 | B53: ='2000-10'!B53 -> 49.55658 | C53: ='2000-10'!C53 -> 67.39695 | D53: =B53*$A$1*1000 -> 66075.44 | E53: ='Interval Circuities'!I53 -> 1.2611692 | F53: =B53/E53 -> 39.294158 | G53: =F53*$A$1 -> 52.392211 | H53: =PI()*G53^2 -> 8623.495 | I53: =K53/J53 -> 1345.1226 | J53: ='2000-10'!J53 -> 2996.0093 | K53: ='2000-10'!K53 -> 4030000 | L53: =H53*I53 -> 11599658 | M53: =MIN(K53,L53) -> 4030000 | N53: . | O53: =P53/J53 -> 760.55704 | P53: ='2000-10'!P53 -> 2278636 | Q53: =H53*O53 -> 6558659.9 | R53: =MIN(Q53,P53) -> 2278636

Sheet 2000-90
A1: =9/6 -> 1.5 | B1: Network Speed (congested) [km/h] | C1: Network Speed (freeflow) [km/h] | D1: 90 min Distance [m] | E1: Circuity [ ] | F1: Average Airline Speed [km/h] | G1: Airline Radius [km] | H1: Area covered in $A$1$ hrs [km2] | I1: Urbanized area density [people/km2] | J1: Area [km2] | K1: Population | L1: Accessibility | M1: MinPA,P | N1: . | O1: Employment Density | P1: Employment | Q1: Employment Accessibility | R1: Min EA, E
A2: Area | B2: S_n | C2: S_f | E2: C3 | F2: S_a | G2: R_a | H2: A_X | I2: D_UA | J2: Area | K2: Pop | L2: A_P | M2: MinA_P | N2: . | O2: D_Emp | P2: Emp | Q2: A_E | R2: MinA_E
A3: Atlanta | B3: ='2000-10'!B3 -> 52.31679 | C3: ='2000-10'!C3 -> 68.53499 | D3: =B3*$A$1*1000 -> 78475.185 | E3: ='Interval Circuities'!J3 -> 1.19727 | F3: =B3/E3 -> 43.696733 | G3: =F3*$A$1 -> 65.5451 | H3: =PI()*G3^2 -> 13496.785 | I3: =K3/J3 -> 757.41794 | J3: ='2000-10'!J3 -> 5083.0589 | K3: ='2000-10'!K3 -> 3850000 | L3: =H3*I3 -> 10222707 | M3: =MIN(K3,L3) -> 3850000 | N3: . | O3: =P3/J3 -> 418.87927 | P3: ='2000-10'!P3 -> 2129188 | Q3: =H3*O3 -> 5653523.5 | R3: =MIN(Q3,P3) -> 2129188
A4: Austin | B4: ='2000-10'!B4 -> 53.19888 | C4: ='2000-10'!C4 -> 67.56258 | D4: =B4*$A$1*1000 -> 79798.32 | E4: ='Interval Circuities'!J4 -> 1.2676232 | F4: =B4/E4 -> 41.967422 | G4: =F4*$A$1 -> 62.951133 | H4: =PI()*G4^2 -> 12449.645 | I4: =K4/J4 -> 1165.127 | J4: ='2000-10'!J4 -> 823.94448 | K4: ='2000-10'!K4 -> 960000 | L4: =H4*I4 -> 14505418 | M4: =MIN(K4,L4) -> 960000 | N4: . | O4: =P4/J4 -> 704.51955 | P4: ='2000-10'!P4 -> 580485 | Q4: =H4*O4 -> 8771018.6 | R4: =MIN(Q4,P4) -> 580485
A5: Baltimore2 | B5: ='2000-10'!B5 -> 57.5626 | C5: ='2000-10'!C5 -> 71.37762 | D5: =B5*$A$1*1000 -> 86343.9 | E5: ='Interval Circuities'!J5 -> 1.2115602 | F5: =B5/E5 -> 47.511135 | G5: =F5*$A$1 -> 71.266703 | H5: =PI()*G5^2 -> 15955.97 | I5: =K5/J5 -> 1249.8157 | J5: ='2000-10'!J5 -> 1768.2607 | K5: ='2000-10'!K5 -> 2210000 | L5: =H5*I5 -> 19942021 | M5: =MIN(K5,L5) -> 2210000 | N5: . | O5: =P5/J5 -> 601.54252 | P5: ='2000-10'!P5 -> 1063684 | Q5: =H5*O5 -> 9598194.2 | R5: =MIN(Q5,P5) -> 1063684
A6: Boston | B6: ='2000-10'!B6 -> 60.28802 | C6: ='2000-10'!C6 -> 74.15427 | D6: =B6*$A$1*1000 -> 90432.03 | E6: ='Interval Circuities'!J6 -> 1.1843401 | F6: =B6/E6 -> 50.904316 | G6: =F6*$A$1 -> 76.356473 | H6: =PI()*G6^2 -> 18316.462 | I6: =K6/J6 -> 876.20315 | J6: ='2000-10'!J6 -> 4496.6741 | K6: ='2000-10'!K6 -> 3940000 | L6: =H6*I6 -> 16048942 | M6: =MIN(K6,L6) -> 3940000 | N6: . | O6: =P6/J6 -> 683.91236 | P6: ='2000-10'!P6 -> 3075331 | Q6: =H6*O6 -> 12526855 | R6: =MIN(Q6,P6) -> 3075331
A7: Buffalo | B7: ='2000-10'!B7 -> 60.07548 | C7: ='2000-10'!C7 -> 64.28076 | D7: =B7*$A$1*1000 -> 90113.22 | E7: ='Interval Circuities'!J7 -> 1.1744391 | F7: =B7/E7 -> 51.152487 | G7: =F7*$A$1 -> 76.72873 | H7: =PI()*G7^2 -> 18495.492 | I7: =K7/J7 -> 1174.0141 | J7: ='2000-10'!J7 -> 949.73302 | K7: ='2000-10'!K7 -> 1115000 | L7: =H7*I7 -> 21713970 | M7: =MIN(K7,L7) -> 1115000 | N7: . | O7: =P7/J7 -> 500.80074 | P7: ='2000-10'!P7 -> 475627 | Q7: =H7*O7 -> 9262556.3 | R7: =MIN(Q7,P7) -> 475627
A8: Charlotte | B8: ='2000-10'!B8 -> 54.73937 | C8: ='2000-10'!C8 -> 66.78204 | D8: =B8*$A$1*1000 -> 82109.055 | E8: ='Interval Circuities'!J8 -> 1.2206007 | F8: =B8/E8 -> 44.846253 | G8: =F8*$A$1 -> 67.26938 | H8: =PI()*G8^2 -> 14216.239 | I8: =K8/J8 -> 767.92225 | J8: ='2000-10'!J8 -> 1126.4161 | K8: ='2000-10'!K8 -> 865000 | L8: =H8*I8 -> 10916966 | M8: =MIN(K8,L8) -> 865000 | N8: . | O8: =P8/J8 -> 720.43269 | P8: ='2000-10'!P8 -> 811507 | Q8: =H8*O8 -> 10241844 | R8: =MIN(Q8,P8) -> 811507
A9: Chicago | B9: ='2000-10'!B9 -> 47.50277 | C9: ='2000-10'!C9 -> 64.12874 | D9: =B9*$A$1*1000 -> 71254.155 | E9: ='Interval Circuities'!J9 -> 1.1800793 | F9: =B9/E9 -> 40.253878 | G9: =F9*$A$1 -> 60.380817 | H9: =PI()*G9^2 -> 11453.754 | I9: =K9/J9 -> 1482.3419 | J9: ='2000-10'!J9 -> 5498.057 | K9: ='2000-10'!K9 -> 8150000 | L9: =H9*I9 -> 16978379 | M9: =MIN(K9,L9) -> 8150000 | N9: . | O9: =P9/J9 -> 762.04903 | P9: ='2000-10'!P9 -> 4189789 | Q9: =H9*O9 -> 8728322.1 | R9: =MIN(Q9,P9) -> 4189789
A10: Cincinnati | B10: ='2000-10'!B10 -> 59.70134 | C10: ='2000-10'!C10 -> 70.44758 | D10: =B10*$A$1*1000 -> 89552.01 | E10: ='Interval Circuities'!J10 -> 1.2610486 | F10: =B10/E10 -> 47.342614 | G10: =F10*$A$1 -> 71.013922 | H10: =PI()*G10^2 -> 15842.98 | I10: =K10/J10 -> 885.12621 | J10: ='2000-10'!J10 -> 1739.8649 | K10: ='2000-10'!K10 -> 1540000 | L10: =H10*I10 -> 14023037 | M10: =MIN(K10,L10) -> 1540000 | N10: . | O10: =P10/J10 -> 537.37105 | P10: ='2000-10'!P10 -> 934953 | Q10: =H10*O10 -> 8513558.6 | R10: =MIN(Q10,P10) -> 934953
A11: Cleveland | B11: ='2000-10'!B11 -> 62.77554 | C11: ='2000-10'!C11 -> 69.05309 | D11: =B11*$A$1*1000 -> 94163.31 | E11: ='Interval Circuities'!J11 -> 1.156934 | F11: =B11/E11 -> 54.260263 | G11: =F11*$A$1 -> 81.390394 | H11: =PI()*G11^2 -> 20811.154 | I11: =K11/J11 -> 1065.2097 | J11: ='2000-10'!J11 -> 1675.7263 | K11: ='2000-10'!K11 -> 1785000 | L11: =H11*I11 -> 22168244 | M11: =MIN(K11,L11) -> 1785000 | N11: . | O11: =P11/J11 -> 643.10978 | P11: ='2000-10'!P11 -> 1077676 | Q11: =H11*O11 -> 13383857 | R11: =MIN(Q11,P11) -> 1077676
A12: Columbus | B12: ='2000-10'!B12 -> 60.79675 | C12: ='2000-10'!C12 -> 71.13219 | D12: =B12*$A$1*1000 -> 91195.125 | E12: ='Interval Circuities'!J12 -> 1.1759384 | F12: =B12/E12 -> 51.700623 | G12: =F12*$A$1 -> 77.550935 | H12: =PI()*G12^2 -> 18894.002 | I12: =K12/J12 -> 1106.734 | J12: ='2000-10'!J12 -> 1030.0578 | K12: ='2000-10'!K12 -> 1140000 | L12: =H12*I12 -> 20910633 | M12: =MIN(K12,L12) -> 1140000 | N12: . | O12: =P12/J12 -> 750.93647 | P12: ='2000-10'!P12 -> 773508 | Q12: =H12*O12 -> 14188195 | R12: =MIN(Q12,P12) -> 773508
A13: Dallas-Fort Worth | B13: ='2000-10'!B13 -> 56.96404 | C13: ='2000-10'!C13 -> 70.06577 | D13: =B13*$A$1*1000 -> 85446.06 | E13: ='Interval Circuities'!J13 -> 1.2002522 | F13: =B13/E13 -> 47.460057 | G13: =F13*$A$1 -> 71.190085 | H13: =PI()*G13^2 -> 15921.68 | I13: =K13/J13 -> 1122.3259 | J13: ='2000-10'!J13 -> 3644.2179 | K13: ='2000-10'!K13 -> 4090000 | L13: =H13*I13 -> 17869314 | M13: =MIN(K13,L13) -> 4090000 | N13: . | O13: =P13/J13 -> 713.75617 | P13: ='2000-10'!P13 -> 2601083 | Q13: =H13*O13 -> 11364198 | R13: =MIN(Q13,P13) -> 2601083
A14: Denver | B14: ='2000-10'!B14 -> 50.87279 | C14: ='2000-10'!C14 -> 67.15208 | D14: =B14*$A$1*1000 -> 76309.185 | E14: ='Interval Circuities'!J14 -> 1.3104708 | F14: =B14/E14 -> 38.820239 | G14: =F14*$A$1 -> 58.230359 | H14: =PI()*G14^2 -> 10652.433 | I14: =K14/J14 -> 1567.4515 | J14: ='2000-10'!J14 -> 1291.906 | K14: ='2000-10'!K14 -> 2025000 | L14: =H14*I14 -> 16697172 | M14: =MIN(K14,L14) -> 2025000 | N14: . | O14: =P14/J14 -> 836.36813 | P14: ='2000-10'!P14 -> 1080509 | Q14: =H14*O14 -> 8909355.4 | R14: =MIN(Q14,P14) -> 1080509
... A53: Washington2 | B53: ='2000-10'!B53 -> 49.55658 | C53: ='2000-10'!C53 -> 67.39695 | D53: =B53*$A$1*1000 -> 74334.87 | E53: ='Interval Circuities'!J53 -> 1.2582503 | F53: =B53/E53 -> 39.38531 | G53: =F53*$A$1 -> 59.077965 | H53: =PI()*G53^2 -> 10964.805 | I53: =K53/J53 -> 1345.1226 | J53: ='2000-10'!J53 -> 2996.0093 | K53: ='2000-10'!K53 -> 4030000 | L53: =H53*I53 -> 14749008 | M53: =MIN(K53,L53) -> 4030000 | N53: . | O53: =P53/J53 -> 760.55704 | P53: ='2000-10'!P53 -> 2278636 | Q53: =H53*O53 -> 8339360 | R53: =MIN(Q53,P53) -> 2278636

Sheet Summary-2000
A1: Area | B1: MinA_E(10) | C1: MinA_E(20) | D1: MinA_E(30) | E1: MinA_E(40) | F1: MinA_E(50) | G1: MinA_E(60) | H1: MinA_E(70) | I1: MinA_E(80) | J1: MinA_E(90) | L1: MinA_E(10) | M1: MinA_E(20-10) | N1: MinA_E(30-20) | O1: MinA_E(40-30) | P1: MinA_E(50-40) | Q1: MinA_E(60-50) | R1: MinA_E(70-60) | S1: MinA_E(80-70) | T1: MinA_E(90-80) | V1: SUM | X1: Weighted Employment Accessibility | Y1: Rank | Z1: Area | AA1: 10 | AB1: 20 | AC1: 30 | AD1: 40 | AE1: 50 | AF1: 60 | AG1: =Z1 -> Area
A2: Atlanta | B2: ='2000-10'!$R3 -> 52580.964 | C2: ='2000-20'!$R3 -> 231186.95 | D2: ='2000-30'!$R3 -> 551847.69 | E2: ='2000-40'!$R3 -> 1020888.6 | F2: ='2000-50'!$R3 -> 1641561.1 | G2: ='2000-60'!$R3 -> 2129188 | H2: ='2000-70'!$R3 -> 2129188 | I2: ='2000-80'!$R3 -> 2129188 | J2: ='2000-90'!$R3 -> 2129188 | L2: =B2 -> 52580.964 | M2: =C2-B2 -> 178605.99 | N2: =D2-C2 -> 320660.74 | O2: =E2-D2 -> 469040.88 | P2: =F2-E2 -> 620672.59 | Q2: =G2-F2 -> 487626.85 | R2: =H2-G2 -> 0 | S2: =I2-H2 -> 0 | T2: =J2-I2 -> 0 | V2: =T2+S2+R2+Q2+P2+O2+N2+M2+L2 -> 2129188 | X2: =L2*EXP(Beta*10)+M2*EXP(Beta*20)+N2*EXP(Beta*30)+O2*EXP(Beta*40)+P2*EXP(Beta*50)+Q2*EXP(Beta*60)+R2*EXP(Beta*70)+S2*EXP(Beta*80)+T2*EXP(Beta*90) -> 123275.96 | Y2: =RANK(X2,$X$2:$X$52) -> 36 | Z2: =A2 -> Atlanta | AA2: =RANK(B2,B$2:B$52) -> 50 | AB2: =RANK(C2,C$2:C$52) -> 49 | AC2: =RANK(D2,D$2:D$52) -> 41 | AD2: =RANK(E2,E$2:E$52) -> 22 | AE2: =RANK(F2,F$2:F$52) -> 12 | AF2: =RANK(G2,G$2:G$52) -> 8 | AG2: =Z2 -> Atlanta
A3: Austin | B3: ='2000-10'!R4 -> 89209.579 | C3: ='2000-20'!$R4 -> 363947.84 | D3: ='2000-30'!$R4 -> 580485 | E3: ='2000-40'!$R4 -> 580485 | F3: ='2000-50'!$R4 -> 580485 | G3: ='2000-60'!$R4 -> 580485 | H3: ='2000-70'!$R4 -> 580485 | I3: ='2000-80'!$R4 -> 580485 | J3: ='2000-90'!$R4 -> 580485 | L3: =B3 -> 89209.579 | M3: =C3-B3 -> 274738.26 | N3: =D3-C3 -> 216537.16 | O3: =E3-D3 -> 0 | P3: =F3-E3 -> 0 | Q3: =G3-F3 -> 0 | R3: =H3-G3 -> 0 | S3: =I3-H3 -> 0 | T3: =J3-I3 -> 0 | V3: =T3+S3+R3+Q3+P3+O3+N3+M3+L3 -> 580485 | X3: =L3*EXP(Beta*10)+M3*EXP(Beta*20)+N3*EXP(Beta*30)+O3*EXP(Beta*40)+P3*EXP(Beta*50)+Q3*EXP(Beta*60)+R3*EXP(Beta*70)+S3*EXP(Beta*80)+T3*EXP(Beta*90) -> 115196.95 | Y3: =RANK(X3,$X$2:$X$52) -> 41 | Z3: =A3 -> Austin | AA3: =RANK(B3,B$2:B$52) -> 29 | AB3: =RANK(C3,C$2:C$52) -> 30 | AC3: =RANK(D3,D$2:D$52) -> 38 | AD3: =RANK(E3,E$2:E$52) -> 40 | AE3: =RANK(F3,F$2:F$52) -> 40 | AF3: =RANK(G3,G$2:G$52) -> 40 | AG3: =Z3 -> Austin
A4: Baltimore | B4: ='2000-10'!R5 -> 94681.744 | C4: ='2000-20'!$R5 -> 414860.74 | D4: ='2000-30'!$R5 -> 981494.98 | E4: ='2000-40'!$R5 -> 1063684 | F4: ='2000-50'!$R5 -> 1063684 | G4: ='2000-60'!$R5 -> 1063684 | H4: ='2000-70'!$R5 -> 1063684 | I4: ='2000-80'!$R5 -> 1063684 | J4: ='2000-90'!$R5 -> 1063684 | L4: =B4 -> 94681.744 | M4: =C4-B4 -> 320178.99 | N4: =D4-C4 -> 566634.24 | O4: =E4-D4 -> 82189.019 | P4: =F4-E4 -> 0 | Q4: =G4-F4 -> 0 | R4: =H4-G4 -> 0 | S4: =I4-H4 -> 0 | T4: =J4-I4 -> 0 | V4: =T4+S4+R4+Q4+P4+O4+N4+M4+L4 -> 1063684 | X4: =L4*EXP(Beta*10)+M4*EXP(Beta*20)+N4*EXP(Beta*30)+O4*EXP(Beta*40)+P4*EXP(Beta*50)+Q4*EXP(Beta*60)+R4*EXP(Beta*70)+S4*EXP(Beta*80)+T4*EXP(Beta*90) -> 161940.38 | Y4: =RANK(X4,$X$2:$X$52) -> 17 | Z4: =A4 -> Baltimore | AA4: =RANK(B4,B$2:B$52) -> 24 | AB4: =RANK(C4,C$2:C$52) -> 21 | AC4: =RANK(D4,D$2:D$52) -> 9 | AD4: =RANK(E4,E$2:E$52) -> 19 | AE4: =RANK(F4,F$2:F$52) -> 20 | AF4: =RANK(G4,G$2:G$52) -> 20 | AG4: =Z4 -> Baltimore
A5: Boston | B5: ='2000-10'!R6 -> 124140.89 | C5: ='2000-20'!$R6 -> 547325.93 | D5: ='2000-30'!$R6 -> 1301383.7 | E5: ='2000-40'!$R6 -> 2377265.3 | F5: ='2000-50'!$R6 -> 3075331 | G5: ='2000-60'!$R6 -> 3075331 | H5: ='2000-70'!$R6 -> 3075331 | I5: ='2000-80'!$R6 -> 3075331 | J5: ='2000-90'!$R6 -> 3075331 | L5: =B5 -> 124140.89 | M5: =C5-B5 -> 423185.04 | N5: =D5-C5 -> 754057.81 | O5: =E5-D5 -> 1075881.6 | P5: =F5-E5 -> 698065.66 | Q5: =G5-F5 -> 0 | R5: =H5-G5 -> 0 | S5: =I5-H5 -> 0 | T5: =J5-I5 -> 0 | V5: =T5+S5+R5+Q5+P5+O5+N5+M5+L5 -> 3075331 | X5: =L5*EXP(Beta*10)+M5*EXP(Beta*20)+N5*EXP(Beta*30)+O5*EXP(Beta*40)+P5*EXP(Beta*50)+Q5*EXP(Beta*60)+R5*EXP(Beta*70)+S5*EXP(Beta*80)+T5*EXP(Beta*90) -> 266267.09 | Y5: =RANK(X5,$X$2:$X$52) -> 4 | Z5: =A5 -> Boston | AA5: =RANK(B5,B$2:B$52) -> 9 | AB5: =RANK(C5,C$2:C$52) -> 7 | AC5: =RANK(D5,D$2:D$52) -> 3 | AD5: =RANK(E5,E$2:E$52) -> 2 | AE5: =RANK(F5,F$2:F$52) -> 3 | AF5: =RANK(G5,G$2:G$52) -> 4 | AG5: =Z5 -> Boston
A6: Buffalo | B6: ='2000-10'!R7 -> 96550.57 | C6: ='2000-20'!$R7 -> 411771.5 | D6: ='2000-30'!$R7 -> 475627 | E6: ='2000-40'!$R7 -> 475627 | F6: ='2000-50'!$R7 -> 475627 | G6: ='2000-60'!$R7 -> 475627 | H6: ='2000-70'!$R7 -> 475627 | I6: ='2000-80'!$R7 -> 475627 | J6: ='2000-90'!$R7 -> 475627 | L6: =B6 -> 96550.57 | M6: =C6-B6 -> 315220.93 | N6: =D6-C6 -> 63855.504 | O6: =E6-D6 -> 0 | P6: =F6-E6 -> 0 | Q6: =G6-F6 -> 0 | R6: =H6-G6 -> 0 | S6: =I6-H6 -> 0 | T6: =J6-I6 -> 0 | V6: =T6+S6+R6+Q6+P6+O6+N6+M6+L6 -> 475627 | X6: =L6*EXP(Beta*10)+M6*EXP(Beta*20)+N6*EXP(Beta*30)+O6*EXP(Beta*40)+P6*EXP(Beta*50)+Q6*EXP(Beta*60)+R6*EXP(Beta*70)+S6*EXP(Beta*80)+T6*EXP(Beta*90) -> 112817.82 | Y6: =RANK(X6,$X$2:$X$52) -> 43 | Z6: =A6 -> Buffalo | AA6: =RANK(B6,B$2:B$52) -> 23 | AB6: =RANK(C6,C$2:C$52) -> 22 | AC6: =RANK(D6,D$2:D$52) -> 48 | AD6: =RANK(E6,E$2:E$52) -> 48 | AE6: =RANK(F6,F$2:F$52) -> 48 | AF6: =RANK(G6,G$2:G$52) -> 48 | AG6: =Z6 -> Buffalo
A7: Charlotte | B7: ='2000-10'!R8 -> 98201.548 | C7: ='2000-20'!$R8 -> 439529.81 | D7: ='2000-30'!$R8 -> 811507 | E7: ='2000-40'!$R8 -> 811507 | F7: ='2000-50'!$R8 -> 811507 | G7: ='2000-60'!$R8 -> 811507 | H7: ='2000-70'!$R8 -> 811507 | I7: ='2000-80'!$R8 -> 811507 | J7: ='2000-90'!$R8 -> 811507 | L7: =B7 -> 98201.548 | M7: =C7-B7 -> 341328.26 | N7: =D7-C7 -> 371977.19 | O7: =E7-D7 -> 0 | P7: =F7-E7 -> 0 | Q7: =G7-F7 -> 0 | R7: =H7-G7 -> 0 | S7: =I7-H7 -> 0 | T7: =J7-I7 -> 0 | V7: =T7+S7+R7+Q7+P7+O7+N7+M7+L7 -> 811507 | X7: =L7*EXP(Beta*10)+M7*EXP(Beta*20)+N7*EXP(Beta*30)+O7*EXP(Beta*40)+P7*EXP(Beta*50)+Q7*EXP(Beta*60)+R7*EXP(Beta*70)+S7*EXP(Beta*80)+T7*EXP(Beta*90) -> 146782.8 | Y7: =RANK(X7,$X$2:$X$52) -> 25 | Z7: =A7 -> Charlotte | AA7: =RANK(B7,B$2:B$52) -> 22 | AB7: =RANK(C7,C$2:C$52) -> 20 | AC7: =RANK(D7,D$2:D$52) -> 19 | AD7: =RANK(E7,E$2:E$52) -> 30 | AE7: =RANK(F7,F$2:F$52) -> 30 | AF7: =RANK(G7,G$2:G$52) -> 30 | AG7: =Z7 -> Charlotte
A8: Chicago | B8: ='2000-10'!R9 -> 85239.529 | C8: ='2000-20'!$R9 -> 369422.86 | D8: ='2000-30'!$R9 -> 872199.62 | E8: ='2000-40'!$R9 -> 1599790.8 | F8: ='2000-50'!$R9 -> 2561442.9 | G8: ='2000-60'!$R9 -> 3753370.6 | H8: ='2000-70'!$R9 -> 4189789 | I8: ='2000-80'!$R9 -> 4189789 | J8: ='2000-90'!$R9 -> 4189789 | L8: =B8 -> 85239.529 | M8: =C8-B8 -> 284183.33 | N8: =D8-C8 -> 502776.76 | O8: =E8-D8 -> 727591.23 | P8: =F8-E8 -> 961652.06 | Q8: =G8-F8 -> 1191927.7 | R8: =H8-G8 -> 436418.43 | S8: =I8-H8 -> 0 | T8: =J8-I8 -> 0 | V8: =T8+S8+R8+Q8+P8+O8+N8+M8+L8 -> 4189789 | X8: =L8*EXP(Beta*10)+M8*EXP(Beta*20)+N8*EXP(Beta*30)+O8*EXP(Beta*40)+P8*EXP(Beta*50)+Q8*EXP(Beta*60)+R8*EXP(Beta*70)+S8*EXP(Beta*80)+T8*EXP(Beta*90) -> 199981.67 | Y8: =RANK(X8,$X$2:$X$52) -> 7 | Z8: =A8 -> Chicago | AA8: =RANK(B8,B$2:B$52) -> 32 | AB8: =RANK(C8,C$2:C$52) -> 29 | AC8: =RANK(D8,D$2:D$52) -> 15 | AD8: =RANK(E8,E$2:E$52) -> 7 | AE8: =RANK(F8,F$2:F$52) -> 5 | AF8: =RANK(G8,G$2:G$52) -> 3 | AG8: =Z8 -> Chicago
A9: Cincinnati | B9: ='2000-10'!R10 -> 82680.079 | C9: ='2000-20'!$R10 -> 374496.92 | D9: ='2000-30'!$R10 -> 879321.64 | E9: ='2000-40'!$R10 -> 934953 | F9: ='2000-50'!$R10 -> 934953 | G9: ='2000-60'!$R10 -> 934953 | H9: ='2000-70'!$R10 -> 934953 | I9: ='2000-80'!$R10 -> 934953 | J9: ='2000-90'!$R10 -> 934953 | L9: =B9 -> 82680.079 | M9: =C9-B9 -> 291816.84 | N9: =D9-C9 -> 504824.72 | O9: =E9-D9 -> 55631.362 | P9: =F9-E9 -> 0 | Q9: =G9-F9 -> 0 | R9: =H9-G9 -> 0 | S9: =I9-H9 -> 0 | T9: =J9-I9 -> 0 | V9: =T9+S9+R9+Q9+P9+O9+N9+M9+L9 -> 934953 | X9: =L9*EXP(Beta*10)+M9*EXP(Beta*20)+N9*EXP(Beta*30)+O9*EXP(Beta*40)+P9*EXP(Beta*50)+Q9*EXP(Beta*60)+R9*EXP(Beta*70)+S9*EXP(Beta*80)+T9*EXP(Beta*90) -> 144131.68 | Y9: =RANK(X9,$X$2:$X$52) -> 27 | Z9: =A9 -> Cincinnati | AA9: =RANK(B9,B$2:B$52) -> 34 | AB9: =RANK(C9,C$2:C$52) -> 28 | AC9: =RANK(D9,D$2:D$52) -> 13 | AD9: =RANK(E9,E$2:E$52) -> 24 | AE9: =RANK(F9,F$2:F$52) -> 24 | AF9: =RANK(G9,G$2:G$52) -> 24 | AG9: =Z9 -> Cincinnati
A10: Cleveland | B10: ='2000-10'!R11 -> 133427.35 | C10: ='2000-20'!$R11 -> 590453.34 | D10: ='2000-30'!$R11 -> 1077676 | E10: ='2000-40'!$R11 -> 1077676 | F10: ='2000-50'!$R11 -> 1077676 | G10: ='2000-60'!$R11 -> 1077676 | H10: ='2000-70'!$R11 -> 1077676 | I10: ='2000-80'!$R11 -> 1077676 | J10: ='2000-90'!$R11 -> 1077676 | L10: =B10 -> 133427.35 | M10: =C10-B10 -> 457025.98 | N10: =D10-C10 -> 487222.66 | O10: =E10-D10 -> 0 | P10: =F10-E10 -> 0 | Q10: =G10-F10 -> 0 | R10: =H10-G10 -> 0 | S10: =I10-H10 -> 0 | T10: =J10-I10 -> 0 | V10: =T10+S10+R10+Q10+P10+O10+N10+M10+L10 -> 1077676 | X10: =L10*EXP(Beta*10)+M10*EXP(Beta*20)+N10*EXP(Beta*30)+O10*EXP(Beta*40)+P10*EXP(Beta*50)+Q10*EXP(Beta*60)+R10*EXP(Beta*70)+S10*EXP(Beta*80)+T10*EXP(Beta*90) -> 196424.57 | Y10: =RANK(X10,$X$2:$X$52) -> 8 | Z10: =A10 -> Cleveland | AA10: =RANK(B10,B$2:B$52) -> 6 | AB10: =RANK(C10,C$2:C$52) -> 5 | AC10: =RANK(D10,D$2:D$52) -> 6 | AD10: =RANK(E10,E$2:E$52) -> 18 | AE10: =RANK(F10,F$2:F$52) -> 19 | AF10: =RANK(G10,G$2:G$52) -> 19 | AG10: =Z10 -> Cleveland
A11: Columbus | B11: ='2000-10'!R12 -> 138768.78 | C11: ='2000-20'!$R12 -> 604481.8 | D11: ='2000-30'!$R12 -> 773508 | E11: ='2000-40'!$R12 -> 773508 | F11: ='2000-50'!$R12 -> 773508 | G11: ='2000-60'!$R12 -> 773508 | H11: ='2000-70'!$R12 -> 773508 | I11: ='2000-80'!$R12 -> 773508 | J11: ='2000-90'!$R12 -> 773508 | L11: =B11 -> 138768.78 | M11: =C11-B11 -> 465713.02 | N11: =D11-C11 -> 169026.2 | O11: =E11-D11 -> 0 | P11: =F11-E11 -> 0 | Q11: =G11-F11 -> 0 | R11: =H11-G11 -> 0 | S11: =I11-H11 -> 0 | T11: =J11-I11 -> 0 | V11: =T11+S11+R11+Q11+P11+O11+N11+M11+L11 -> 773508 | X11: =L11*EXP(Beta*10)+M11*EXP(Beta*20)+N11*EXP(Beta*30)+O11*EXP(Beta*40)+P11*EXP(Beta*50)+Q11*EXP(Beta*60)+R11*EXP(Beta*70)+S11*EXP(Beta*80)+T11*EXP(Beta*90) -> 171712.38 | Y11: =RANK(X11,$X$2:$X$52) -> 13 | Z11: =A11 -> Columbus | AA11: =RANK(B11,B$2:B$52) -> 5 | AB11: =RANK(C11,C$2:C$52) -> 3 | AC11: =RANK(D11,D$2:D$52) -> 25 | AD11: =RANK(E11,E$2:E$52) -> 32 | AE11: =RANK(F11,F$2:F$52) -> 32 | AF11: =RANK(G11,G$2:G$52) -> 32 | AG11: =Z11 -> Columbus
A12: Dallas-Fort Worth | B12: ='2000-10'!R13 -> 111074.57 | C12: ='2000-20'!$R13 -> 469360.15 | D12: ='2000-30'!$R13 -> 1108971.9 | E12: ='2000-40'!$R13 -> 2043538.4 | F12: ='2000-50'!$R13 -> 2601083 | G12: ='2000-60'!$R13 -> 2601083 | H12: ='2000-70'!$R13 -> 2601083 | I12: ='2000-80'!$R13 -> 2601083 | J12: ='2000-90'!$R13 -> 2601083 | L12: =B12 -> 111074.57 | M12: =C12-B12 -> 358285.58 | N12: =D12-C12 -> 639611.74 | O12: =E12-D12 -> 934566.47 | P12: =F12-E12 -> 557544.64 | Q12: =G12-F12 -> 0 | R12: =H12-G12 -> 0 | S12: =I12-H12 -> 0 | T12: =J12-I12 -> 0 | V12: =T12+S12+R12+Q12+P12+O12+N12+M12+L12 -> 2601083 | X12: =L12*EXP(Beta*10)+M12*EXP(Beta*20)+N12*EXP(Beta*30)+O12*EXP(Beta*40)+P12*EXP(Beta*50)+Q12*EXP(Beta*60)+R12*EXP(Beta*70)+S12*EXP(Beta*80)+T12*EXP(Beta*90) -> 228576.67 | Y12: =RANK(X12,$X$2:$X$52) -> 5 | Z12: =A12 -> Dallas-Fort Worth | AA12: =RANK(B12,B$2:B$52) -> 17 | AB12: =RANK(C12,C$2:C$52) -> 16 | AC12: =RANK(D12,D$2:D$52) -> 5 | AD12: =RANK(E12,E$2:E$52) -> 5 | AE12: =RANK(F12,F$2:F$52) -> 4 | AF12: =RANK(G12,G$2:G$52) -> 5 | AG12: =Z12 -> Dallas-Fort Worth
A13: Denver | B13: ='2000-10'!R14 -> 102263.63 | C13: ='2000-20'!$R14 -> 405808.47 | D13: ='2000-30'!$R14 -> 915879.45 | E13: ='2000-40'!$R14 -> 1080509 | F13: ='2000-50'!$R14 -> 1080509 | G13: ='2000-60'!$R14 -> 1080509 | H13: ='2000-70'!$R14 -> 1080509 | I13: ='2000-80'!$R14 -> 1080509 | J13: ='2000-90'!$R14 -> 1080509 | L13: =B13 -> 102263.63 | M13: =C13-B13 -> 303544.84 | N13: =D13-C13 -> 510070.98 | O13: =E13-D13 -> 164629.55 | P13: =F13-E13 -> 0 | Q13: =G13-F13 -> 0 | R13: =H13-G13 -> 0 | S13: =I13-H13 -> 0 | T13: =J13-I13 -> 0 | V13: =T13+S13+R13+Q13+P13+O13+N13+M13+L13 -> 1080509 | X13: =L13*EXP(Beta*10)+M13*EXP(Beta*20)+N13*EXP(Beta*30)+O13*EXP(Beta*40)+P13*EXP(Beta*50)+Q13*EXP(Beta*60)+R13*EXP(Beta*70)+S13*EXP(Beta*80)+T13*EXP(Beta*90) -> 160217.92 | Y13: =RANK(X13,$X$2:$X$52) -> 19 | Z13: =A13 -> Denver | AA13: =RANK(B13,B$2:B$52) -> 20 | AB13: =RANK(C13,C$2:C$52) -> 23 | AC13: =RANK(D13,D$2:D$52) -> 11 | AD13: =RANK(E13,E$2:E$52) -> 17 | AE13: =RANK(F13,F$2:F$52) -> 18 | AF13: =RANK(G13,G$2:G$52) -> 18 | AG13: =Z13 -> Denver
A14: Detroit | B14: ='2000-10'!R15 -> 77850.857 | C14: ='2000-20'!$R15 -> 331899.14 | D14: ='2000-30'!$R15 -> 778639.2 | E14: ='2000-40'!$R15 -> 1423351.3 | F14: ='2000-50'!$R15 -> 1953268 | G14: ='2000-60'!$R15 -> 1953268 | H14: ='2000-70'!$R15 -> 1953268 | I14: ='2000-80'!$R15 -> 1953268 | J14: ='2000-90'!$R15 -> 1953268 | L14: =B14 -> 77850.857 | M14: =C14-B14 -> 254048.28 | N14: =D14-C14 -> 446740.06 | O14: =E14-D14 -> 644712.12 | P14: =F14-E14 -> 529916.68 | Q14: =G14-F14 -> 0 | R14: =H14-G14 -> 0 | S14: =I14-H14 -> 0 | T14: =J14-I14 -> 0 | V14: =T14+S14+R14+Q14+P14+O14+N14+M14+L14 -> 1953268 | X14: =L14*EXP(Beta*10)+M14*EXP(Beta*20)+N14*EXP(Beta*30)+O14*EXP(Beta*40)+P14*EXP(Beta*50)+Q14*EXP(Beta*60)+R14*EXP(Beta*70)+S14*EXP(Beta*80)+T14*EXP(Beta*90) -> 162785.1 | Y14: =RANK(X14,$X$2:$X$52) -> 15 | Z14: =A14 -> Detroit | AA14: =RANK(B14,B$2:B$52) -> 37 | AB14: =RANK(C14,C$2:C$52) -> 37 | AC14: =RANK(D14,D$2:D$52) -> 23 | AD14: =RANK(E14,E$2:E$52) -> 12 | AE14: =RANK(F14,F$2:F$52) -> 9 | AF14: =RANK(G14,G$2:G$52) -> 10 | AG14: =Z14 -> Detroit
... A52: Washington | B52: ='2000-10'!R53 -> 78450.672 | C52: ='2000-20'!$R53 -> 342742.75 | D52: ='2000-30'!$R53 -> 832937.89 | E52: ='2000-40'!$R53 -> 1549331 | F52: ='2000-50'!$R53 -> 2278636 | G52: ='2000-60'!$R53 -> 2278636 | H52: ='2000-70'!$R53 -> 2278636 | I52: ='2000-80'!$R53 -> 2278636 | J52: ='2000-90'!$R53 -> 2278636 | L52: =B52 -> 78450.672 | M52: =C52-B52 -> 264292.08 | N52: =D52-C52 -> 490195.14 | O52: =E52-D52 -> 716393.07 | P52: =F52-E52 -> 729305.03 | Q52: =G52-F52 -> 0 | R52: =H52-G52 -> 0 | S52: =I52-H52 -> 0 | T52: =J52-I52 -> 0 | V52: =T52+S52+R52+Q52+P52+O52+N52+M52+L52 -> 2278636 | X52: =L52*EXP(Beta*10)+M52*EXP(Beta*20)+N52*EXP(Beta*30)+O52*EXP(Beta*40)+P52*EXP(Beta*50)+Q52*EXP(Beta*60)+R52*EXP(Beta*70)+S52*EXP(Beta*80)+T52*EXP(Beta*90) -> 175638.76 | Y52: =RANK(X52,$X$2:$X$52) -> 10 | Z52: =A52 -> Washington | AA52: =RANK(B52,B$2:B$52) -> 35 | AB52: =RANK(C52,C$2:C$52) -> 34 | AC52: =RANK(D52,D$2:D$52) -> 16 | AD52: =RANK(E52,E$2:E$52) -> 8 | AE52: =RANK(F52,F$2:F$52) -> 7 | AF52: =RANK(G52,G$2:G$52) -> 7 | AG52: =Z52 -> Washington
L54: 1 | M54: 1 | N54: 1 | O54: 1 | P54: 1 | Q54: 1 | R54: 1 | S54: 1 | T54: 1 | X54: =L54*EXP(Beta*10)+M54*EXP(Beta*20)+N54*EXP(Beta*30)+O54*EXP(Beta*40)+P54*EXP(Beta*50)+Q54*EXP(Beta*60) -> 0.80925103 | AA54: TIME COHORT
A55: Beta | B55: -0.08 | Y55: Weighted Average | Z55: Rank | AA55: =AA1 -> 10 | AB55: =AB1 -> 20 | AC55: =AC1 -> 30 | AD55: =AD1 -> 40 | AE55: =AE1 -> 50 | AF55: =AF1 -> 60 | AG55: Weighted Average
Y56: =VLOOKUP($Z56,Y$2:$Z$52,2,FALSE) -> San Francisco | Z56: 1 | AA56: =VLOOKUP($Z56,AA$2:$AG$52,8-AA$1/10,FALSE) -> San Francisco | AB56: =VLOOKUP($Z56,AB$2:$AG$52,8-AB$1/10,FALSE) -> San Francisco | AC56: =VLOOKUP($Z56,AC$2:$AG$52,8-AC$1/10,FALSE) -> San Francisco | AD56: =VLOOKUP($Z56,AD$2:$AG$52,8-AD$1/10,FALSE) -> Los Angeles | AE56: =VLOOKUP($Z56,AE$2:$AG$52,8-AE$1/10,FALSE) -> Los Angeles | AF56: =VLOOKUP($Z56,AF$2:$AG$52,8-AF$1/10,FALSE) -> Los Angeles | AG56: =Y56 -> San Francisco
A57: Source of Beta: Levinson, David and Ajay Kumar (1995) A Multi-modal Trip Distribution Model. Transportation Research Record #1466: 124-131. | Y57: =VLOOKUP($Z57,Y$2:$Z$52,2,FALSE) -> Los Angeles | Z57: 2 | AA57: =VLOOKUP($Z57,AA$2:$AG$52,8-AA$1/10,FALSE) -> San Jose | AB57: =VLOOKUP($Z57,AB$2:$AG$52,8-AB$1/10,FALSE) -> San Jose | AC57: =VLOOKUP($Z57,AC$2:$AG$52,8-AC$1/10,FALSE) -> Los Angeles | AD57: =VLOOKUP($Z57,AD$2:$AG$52,8-AD$1/10,FALSE) -> Boston | AE57: =VLOOKUP($Z57,AE$2:$AG$52,8-AE$1/10,FALSE) -> New York | AF57: =VLOOKUP($Z57,AF$2:$AG$52,8-AF$1/10,FALSE) -> New York | AG57: =Y57 -> Los Angeles
Y58: =VLOOKUP($Z58,Y$2:$Z$52,2,FALSE) -> New York | Z58: 3 | AA58: =VLOOKUP($Z58,AA$2:$AG$52,8-AA$1/10,FALSE) -> New Orleans | AB58: =VLOOKUP($Z58,AB$2:$AG$52,8-AB$1/10,FALSE) -> Columbus | AC58: =VLOOKUP($Z58,AC$2:$AG$52,8-AC$1/10,FALSE) -> Boston | AD58: =VLOOKUP($Z58,AD$2:$AG$52,8-AD$1/10,FALSE) -> New York | AE58: =VLOOKUP($Z58,AE$2:$AG$52,8-AE$1/10,FALSE) -> Boston | AF58: =VLOOKUP($Z58,AF$2:$AG$52,8-AF$1/10,FALSE) -> Chicago | AG58: =Y58 -> New York
Y59: =VLOOKUP($Z59,Y$2:$Z$52,2,FALSE) -> Boston | Z59: =Z58+1 -> 4 | AA59: =VLOOKUP($Z59,AA$2:$AG$52,8-AA$1/10,FALSE) -> Los Angeles | AB59: =VLOOKUP($Z59,AB$2:$AG$52,8-AB$1/10,FALSE) -> Los Angeles | AC59: =VLOOKUP($Z59,AC$2:$AG$52,8-AC$1/10,FALSE) -> New York | AD59: =VLOOKUP($Z59,AD$2:$AG$52,8-AD$1/10,FALSE) -> San Francisco | AE59: =VLOOKUP($Z59,AE$2:$AG$52,8-AE$1/10,FALSE) -> Dallas-Fort Worth | AF59: =VLOOKUP($Z59,AF$2:$AG$52,8-AF$1/10,FALSE) -> Boston | AG59: =Y59 -> Boston
Y60: =VLOOKUP($Z60,Y$2:$Z$52,2,FALSE) -> Dallas-Fort Worth | Z60: =Z59+1 -> 5 | AA60: =VLOOKUP($Z60,AA$2:$AG$52,8-AA$1/10,FALSE) -> Columbus | AB60: =VLOOKUP($Z60,AB$2:$AG$52,8-AB$1/10,FALSE) -> Cleveland | AC60: =VLOOKUP($Z60,AC$2:$AG$52,8-AC$1/10,FALSE) -> Dallas-Fort Worth | AD60: =VLOOKUP($Z60,AD$2:$AG$52,8-AD$1/10,FALSE) -> Dallas-Fort Worth | AE60: =VLOOKUP($Z60,AE$2:$AG$52,8-AE$1/10,FALSE) -> Chicago | AF60: =VLOOKUP($Z60,AF$2:$AG$52,8-AF$1/10,FALSE) -> Dallas-Fort Worth | AG60: =Y60 -> Dallas-Fort Worth
Y61: =VLOOKUP($Z61,Y$2:$Z$52,2,FALSE) -> San Jose | Z61: =Z60+1 -> 6 | AA61: =VLOOKUP($Z61,AA$2:$AG$52,8-AA$1/10,FALSE) -> Cleveland | AB61: =VLOOKUP($Z61,AB$2:$AG$52,8-AB$1/10,FALSE) -> Raleigh | AC61: =VLOOKUP($Z61,AC$2:$AG$52,8-AC$1/10,FALSE) -> Cleveland | AD61: =VLOOKUP($Z61,AD$2:$AG$52,8-AD$1/10,FALSE) -> Minneapolis-St.Paul | AE61: =VLOOKUP($Z61,AE$2:$AG$52,8-AE$1/10,FALSE) -> Philadelphia | AF61: =VLOOKUP($Z61,AF$2:$AG$52,8-AF$1/10,FALSE) -> Philadelphia | AG61: =Y61 -> San Jose
Y62: =VLOOKUP($Z62,Y$2:$Z$52,2,FALSE) -> Chicago | Z62: =Z61+1 -> 7 | AA62: =VLOOKUP($Z62,AA$2:$AG$52,8-AA$1/10,FALSE) -> Raleigh | AB62: =VLOOKUP($Z62,AB$2:$AG$52,8-AB$1/10,FALSE) -> Boston | AC62: =VLOOKUP($Z62,AC$2:$AG$52,8-AC$1/10,FALSE) -> Minneapolis-St.Paul | AD62: =VLOOKUP($Z62,AD$2:$AG$52,8-AD$1/10,FALSE) -> Chicago | AE62: =VLOOKUP($Z62,AE$2:$AG$52,8-AE$1/10,FALSE) -> Washington | AF62: =VLOOKUP($Z62,AF$2:$AG$52,8-AF$1/10,FALSE) -> Washington | AG62: =Y62 -> Chicago
Y63: =VLOOKUP($Z63,Y$2:$Z$52,2,FALSE) -> Cleveland | Z63: =Z62+1 -> 8 | AA63: =VLOOKUP($Z63,AA$2:$AG$52,8-AA$1/10,FALSE) -> Grand Rapids | AB63: =VLOOKUP($Z63,AB$2:$AG$52,8-AB$1/10,FALSE) -> New Orleans | AC63: =VLOOKUP($Z63,AC$2:$AG$52,8-AC$1/10,FALSE) -> San Jose | AD63: =VLOOKUP($Z63,AD$2:$AG$52,8-AD$1/10,FALSE) -> Washington | AE63: =VLOOKUP($Z63,AE$2:$AG$52,8-AE$1/10,FALSE) -> San Francisco | AF63: =VLOOKUP($Z63,AF$2:$AG$52,8-AF$1/10,FALSE) -> Atlanta | AG63: =Y63 -> Cleveland
Y64: =VLOOKUP($Z64,Y$2:$Z$52,2,FALSE) -> Minneapolis-St.Paul | Z64: =Z63+1 -> 9 | AA64: =VLOOKUP($Z64,AA$2:$AG$52,8-AA$1/10,FALSE) -> Boston | AB64: =VLOOKUP($Z64,AB$2:$AG$52,8-AB$1/10,FALSE) -> Grand Rapids | AC64: =VLOOKUP($Z64,AC$2:$AG$52,8-AC$1/10,FALSE) -> Baltimore | AD64: =VLOOKUP($Z64,AD$2:$AG$52,8-AD$1/10,FALSE) -> South Florida | AE64: =VLOOKUP($Z64,AE$2:$AG$52,8-AE$1/10,FALSE) -> Detroit | AF64: =VLOOKUP($Z64,AF$2:$AG$52,8-AF$1/10,FALSE) -> San Francisco | AG64: =Y64 -> Minneapolis-St.Paul
Y65: =VLOOKUP($Z65,Y$2:$Z$52,2,FALSE) -> Washington | Z65: =Z64+1 -> 10 | AA65: =VLOOKUP($Z65,AA$2:$AG$52,8-AA$1/10,FALSE) -> Honolulu | AB65: =VLOOKUP($Z65,AB$2:$AG$52,8-AB$1/10,FALSE) -> New York | AC65: =VLOOKUP($Z65,AC$2:$AG$52,8-AC$1/10,FALSE) -> South Florida | AD65: =VLOOKUP($Z65,AD$2:$AG$52,8-AD$1/10,FALSE) -> Philadelphia | AE65: =VLOOKUP($Z65,AE$2:$AG$52,8-AE$1/10,FALSE) -> Houston | AF65: =VLOOKUP($Z65,AF$2:$AG$52,8-AF$1/10,FALSE) -> Detroit | AG65: =Y65 -> Washington
Y66: =VLOOKUP($Z66,Y$2:$Z$52,2,FALSE) -> Philadelphia | Z66: =Z65+1 -> 11 | AA66: =VLOOKUP($Z66,AA$2:$AG$52,8-AA$1/10,FALSE) -> Salt Lake City | AB66: =VLOOKUP($Z66,AB$2:$AG$52,8-AB$1/10,FALSE) -> Kansas City | AC66: =VLOOKUP($Z66,AC$2:$AG$52,8-AC$1/10,FALSE) -> Denver | AD66: =VLOOKUP($Z66,AD$2:$AG$52,8-AD$1/10,FALSE) -> Seattle | AE66: =VLOOKUP($Z66,AE$2:$AG$52,8-AE$1/10,FALSE) -> Minneapolis-St.Paul | AF66: =VLOOKUP($Z66,AF$2:$AG$52,8-AF$1/10,FALSE) -> Houston | AG66: =Y66 -> Philadelphia
Y67: =VLOOKUP($Z67,Y$2:$Z$52,2,FALSE) -> South Florida | Z67: =Z66+1 -> 12 | AA67: =VLOOKUP($Z67,AA$2:$AG$52,8-AA$1/10,FALSE) -> Rochester | AB67: =VLOOKUP($Z67,AB$2:$AG$52,8-AB$1/10,FALSE) -> Salt Lake City | AC67: =VLOOKUP($Z67,AC$2:$AG$52,8-AC$1/10,FALSE) -> Kansas City | AD67: =VLOOKUP($Z67,AD$2:$AG$52,8-AD$1/10,FALSE) -> Detroit | AE67: =VLOOKUP($Z67,AE$2:$AG$52,8-AE$1/10,FALSE) -> Atlanta | AF67: =VLOOKUP($Z67,AF$2:$AG$52,8-AF$1/10,FALSE) -> Minneapolis-St.Paul | AG67: =Y67 -> South Florida
Y68: =VLOOKUP($Z68,Y$2:$Z$52,2,FALSE) -> Columbus | Z68: =Z67+1 -> 13 | AA68: =VLOOKUP($Z68,AA$2:$AG$52,8-AA$1/10,FALSE) -> Inland Empire | AB68: =VLOOKUP($Z68,AB$2:$AG$52,8-AB$1/10,FALSE) -> Hartford | AC68: =VLOOKUP($Z68,AC$2:$AG$52,8-AC$1/10,FALSE) -> Cincinnati | AD68: =VLOOKUP($Z68,AD$2:$AG$52,8-AD$1/10,FALSE) -> Phoenix | AE68: =VLOOKUP($Z68,AE$2:$AG$52,8-AE$1/10,FALSE) -> South Florida | AF68: =VLOOKUP($Z68,AF$2:$AG$52,8-AF$1/10,FALSE) -> South Florida | AG68: =Y68 -> Columbus
Y69: =VLOOKUP($Z69,Y$2:$Z$52,2,FALSE) -> Seattle | Z69: =Z68+1 -> 14 | AA69: =VLOOKUP($Z69,AA$2:$AG$52,8-AA$1/10,FALSE) -> Las Vegas | AB69: =VLOOKUP($Z69,AB$2:$AG$52,8-AB$1/10,FALSE) -> Inland Empire | AC69: =VLOOKUP($Z69,AC$2:$AG$52,8-AC$1/10,FALSE) -> Inland Empire | AD69: =VLOOKUP($Z69,AD$2:$AG$52,8-AD$1/10,FALSE) -> Houston | AE69: =VLOOKUP($Z69,AE$2:$AG$52,8-AE$1/10,FALSE) -> Seattle | AF69: =VLOOKUP($Z69,AF$2:$AG$52,8-AF$1/10,FALSE) -> Seattle | AG69: =Y69 -> Seattle
Y70: =VLOOKUP($Z70,Y$2:$Z$52,2,FALSE) -> Detroit | Z70: =Z69+1 -> 15 | AA70: =VLOOKUP($Z70,AA$2:$AG$52,8-AA$1/10,FALSE) -> New York | AB70: =VLOOKUP($Z70,AB$2:$AG$52,8-AB$1/10,FALSE) -> Las Vegas | AC70: =VLOOKUP($Z70,AC$2:$AG$52,8-AC$1/10,FALSE) -> Chicago | AD70: =VLOOKUP($Z70,AD$2:$AG$52,8-AD$1/10,FALSE) -> St. Louis | AE70: =VLOOKUP($Z70,AE$2:$AG$52,8-AE$1/10,FALSE) -> Phoenix | AF70: =VLOOKUP($Z70,AF$2:$AG$52,8-AF$1/10,FALSE) -> Phoenix | AG70: =Y70 -> Detroit
... Y105: =VLOOKUP($Z105,Y$2:$Z$52,2,FALSE) -> Hampton Roads | Z105: =Z104+1 -> 50 | AA105: =VLOOKUP($Z105,AA$2:$AG$52,8-AA$1/10,FALSE) -> Atlanta | AB105: =VLOOKUP($Z105,AB$2:$AG$52,8-AB$1/10,FALSE) -> Hampton Roads | AC105: =VLOOKUP($Z105,AC$2:$AG$52,8-AC$1/10,FALSE) -> Oklahoma City | AD105: =VLOOKUP($Z105,AD$2:$AG$52,8-AD$1/10,FALSE) -> Oklahoma City | AE105: =VLOOKUP($Z105,AE$2:$AG$52,8-AE$1/10,FALSE) -> Oklahoma City | AF105: =VLOOKUP($Z105,AF$2:$AG$52,8-AF$1/10,FALSE) -> Oklahoma City | AG105: =Y105 -> Hampton Roads

Sheet Interval Circuities
B1: Time Threshold Circuities | K1: ln(Time Threshold Circuities) | T1: ln(C)-ln(t) | X1: C-ln(t) | AA1: ln(C)-t | AB1: C-t
B2: 10 | C2: 20 | D2: 30 | E2: 40 | F2: 50 | G2: 60 | H2: 70 | I2: 80 | J2: 90 | K2: =LN(B2) -> 2.3025851 | L2: =LN(C2) -> 2.9957323 | M2: =LN(D2) -> 3.4011974 | N2: =LN(E2) -> 3.6888795 | O2: =LN(F2) -> 3.912023 | P2: =LN(G2) -> 4.0943446 | Q2: =LN(H2) -> 4.2484952 | R2: =LN(I2) -> 4.3820266 | S2: =LN(J2) -> 4.4998097 | T2: Zeta | V2: Y-Intercept | W2: r2 | X2: Zeta | Y2: Y-Intercept | Z2: r2 | AA2: r2 | AB2: r2
A3: Atlanta | B3: ='[1]2000'!K$24 -> 1.379415 | C3: ='[1]2000'!L$24 -> 1.315702 | D3: ='[1]2000'!M$24 -> 1.2773822 | E3: ='[1]2000'!N$24 -> 1.2522183 | F3: ='[1]2000'!O$24 -> 1.2343851 | G3: ='[1]2000'!P$24 -> 1.2220844 | H3: ='[1]2000'!Q$24 -> 1.2119365 | I3: ='[1]2000'!R$24 -> 1.2039046 | J3: ='[1]2000'!S$24 -> 1.19727 | K3: =LN(B3) -> 0.32165948 | L3: =LN(C3) -> 0.27437039 | M3: =LN(D3) -> 0.2448128 | N3: =LN(E3) -> 0.22491658 | O3: =LN(F3) -> 0.21057297 | P3: =LN(G3) -> 0.20055796 | Q3: =LN(H3) -> 0.19221947 | R3: =LN(I3) -> 0.18557008 | S3: =LN(J3) -> 0.18004401 | T3: {=LINEST(K3:S3,$K$2:$S$2)} -> -0.065124674 | U3: 0.4686705 | V3: =EXP(U3) -> 1.5978684 | W3: =RSQ(K3:S3,$K$2:$S$2) -> 0.99629631 | X3: {=LINEST(B3:J3,$K$2:$S$2)} -> -0.083417843 | Y3: 1.5656543 | Z3: =RSQ(B3:J3,$K$2:$S$2) -> 0.99380512 | AA3: =RSQ(K3:S3,$B$2:$J$2) -> 0.87619441 | AB3: =RSQ(B3:J3,$B$2:$J$2) -> 0.86305431
A4: Austin | B4: ='[2]2000'!K$24 -> 1.3965837 | C4: ='[2]2000'!L$24 -> 1.3828756 | D4: ='[2]2000'!M$24 -> 1.3559569 | E4: ='[2]2000'!N$24 -> 1.3340543 | F4: ='[2]2000'!O$24 -> 1.3146605 | G4: ='[2]2000'!P$24 -> 1.2986851 | H4: ='[2]2000'!Q$24 -> 1.2859273 | I4: ='[2]2000'!R$24 -> 1.2752322 | J4: ='[2]2000'!S$24 -> 1.2676232 | K4: =LN(B4) -> 0.33402901 | L4: =LN(C4) -> 0.32416512 | M4: =LN(D4) -> 0.30450739 | N4: =LN(E4) -> 0.28822267 | O4: =LN(F4) -> 0.27357846 | P4: =LN(G4) -> 0.26135226 | Q4: =LN(H4) -> 0.25148006 | R4: =LN(I4) -> 0.24312829 | S4: =LN(J4) -> 0.23714369 | T4: {=LINEST(K4:S4,$K$2:$S$2)} -> -0.047778753 | U4: 0.45771046 | V4: =EXP(U4) -> 1.5804513 | W4: =RSQ(K4:S4,$K$2:$S$2) -> 0.95088895 | X4: {=LINEST(B4:J4,$K$2:$S$2)} -> -0.063701492 | Y4: 1.5607997 | Z4: =RSQ(B4:J4,$K$2:$S$2) -> 0.95481371 | AA4: =RSQ(K4:S4,$B$2:$J$2) -> 0.97802556 | AB4: =RSQ(B4:J4,$B$2:$J$2) -> 0.97465634
A5: Baltimore | B5: ='[3]2000'!K$24 -> 1.3553895 | C5: ='[3]2000'!L$24 -> 1.2950188 | D5: ='[3]2000'!M$24 -> 1.262916 | E5: ='[3]2000'!N$24 -> 1.241973 | F5: ='[3]2000'!O$24 -> 1.2277642 | G5: ='[3]2000'!P$24 -> 1.2190968 | H5: ='[3]2000'!Q$24 -> 1.2137407 | I5: ='[3]2000'!R$24 -> 1.211335 | J5: ='[3]2000'!S$24 -> 1.2115602 | K5: =LN(B5) -> 0.30408889 | L5: =LN(C5) -> 0.25852523 | M5: =LN(D5) -> 0.23342333 | N5: =LN(E5) -> 0.21670127 | O5: =LN(F5) -> 0.20519475 | P5: =LN(G5) -> 0.19811024 | Q5: =LN(H5) -> 0.19370706 | R5: =LN(I5) -> 0.19172304 | S5: =LN(J5) -> 0.19190894 | T5: {=LINEST(K5:S5,$K$2:$S$2)} -> -0.052406264 | U5: 0.41670085 | V5: =EXP(U5) -> 1.5169486 | W5: =RSQ(K5:S5,$K$2:$S$2) -> 0.97111662 | X5: {=LINEST(B5:J5,$K$2:$S$2)} -> -0.066777498 | Y5: 1.4975018 | Z5: =RSQ(B5:J5,$K$2:$S$2) -> 0.9668746 | AA5: =RSQ(K5:S5,$B$2:$J$2) -> 0.79488633 | AB5: =RSQ(B5:J5,$B$2:$J$2) -> 0.78404434
A6: Boston | B6: ='[4]2000'!K$24 -> 1.3218967 | C6: ='[4]2000'!L$24 -> 1.2591049 | D6: ='[4]2000'!M$24 -> 1.2248235 | E6: ='[4]2000'!N$24 -> 1.2083037 | F6: ='[4]2000'!O$24 -> 1.19816 | G6: ='[4]2000'!P$24 -> 1.192253 | H6: ='[4]2000'!Q$24 -> 1.1888352 | I6: ='[4]2000'!R$24 -> 1.1867712 | J6: ='[4]2000'!S$24 -> 1.1843401 | K6: =LN(B6) -> 0.27906758 | L6: =LN(C6) -> 0.23040108 | M6: =LN(D6) -> 0.20279673 | N6: =LN(E6) -> 0.18921745 | O6: =LN(F6) -> 0.18078708 | P6: =LN(G6) -> 0.17584481 | Q6: =LN(H6) -> 0.172974 | R6: =LN(I6) -> 0.17123633 | S6: =LN(J6) -> 0.1691857 | T6: {=LINEST(K6:S6,$K$2:$S$2)} -> -0.049433316 | U6: 0.38097414 | V6: =EXP(U6) -> 1.4637098 | W6: =RSQ(K6:S6,$K$2:$S$2) -> 0.94787636 | X6: {=LINEST(B6:J6,$K$2:$S$2)} -> -0.061542426 | Y6: 1.4475226 | Z6: =RSQ(B6:J6,$K$2:$S$2) -> 0.94205557 | AA6: =RSQ(K6:S6,$B$2:$J$2) -> 0.74378103 | AB6: =RSQ(B6:J6,$B$2:$J$2) -> 0.73266077
A7: Buffalo | B7: ='[5]2000'!K$24 -> 1.2781328 | C7: ='[5]2000'!L$24 -> 1.2378137 | D7: ='[5]2000'!M$24 -> 1.2153632 | E7: ='[5]2000'!N$24 -> 1.2012192 | F7: ='[5]2000'!O$24 -> 1.1921182 | G7: ='[5]2000'!P$24 -> 1.1856225 | H7: ='[5]2000'!Q$24 -> 1.1808397 | I7: ='[5]2000'!R$24 -> 1.1771505 | J7: ='[5]2000'!S$24 -> 1.1744391 | K7: =LN(B7) -> 0.2454003 | L7: =LN(C7) -> 0.21334665 | M7: =LN(D7) -> 0.19504298 | N7: =LN(E7) -> 0.183337 | O7: =LN(F7) -> 0.17573175 | P7: =LN(G7) -> 0.17026797 | Q7: =LN(H7) -> 0.16622576 | R7: =LN(I7) -> 0.16309665 | S7: =LN(J7) -> 0.16079066 | T7: {=LINEST(K7:S7,$K$2:$S$2)} -> -0.038642556 | U7: 0.32985945 | V7: =EXP(U7) -> 1.3907726 | W7: =RSQ(K7:S7,$K$2:$S$2) -> 0.98580969 | X7: {=LINEST(B7:J7,$K$2:$S$2)} -> -0.047204407 | Y7: 1.3805812 | Z7: =RSQ(B7:J7,$K$2:$S$2) -> 0.98306372 | AA7: =RSQ(K7:S7,$B$2:$J$2) -> 0.83340185 | AB7: =RSQ(B7:J7,$B$2:$J$2) -> 0.82492809
A8: Charlotte | B8: ='[6]2000'!K$24 -> 1.3850359 | C8: ='[6]2000'!L$24 -> 1.3093508 | D8: ='[6]2000'!M$24 -> 1.2727723 | E8: ='[6]2000'!N$24 -> 1.2496185 | F8: ='[6]2000'!O$24 -> 1.2362161 | G8: ='[6]2000'!P$24 -> 1.2291118 | H8: ='[6]2000'!Q$24 -> 1.2247359 | I8: ='[6]2000'!R$24 -> 1.2142402 | J8: ='[6]2000'!S$24 -> 1.2206007 | K8: =LN(B8) -> 0.32572604 | L8: =LN(C8) -> 0.26953144 | M8: =LN(D8) -> 0.24119742 | N8: =LN(E8) -> 0.22283833 | O8: =LN(F8) -> 0.21205518 | P8: =LN(G8) -> 0.20629179 | Q8: =LN(H8) -> 0.20272526 | R8: =LN(I8) -> 0.19411856 | S8: =LN(J8) -> 0.19934315 | T8: {=LINEST(K8:S8,$K$2:$S$2)} -> -0.058491113 | U8: 0.44830524 | V8: =EXP(U8) -> 1.5656565 | W8: =RSQ(K8:S8,$K$2:$S$2) -> 0.95952938 | X8: {=LINEST(B8:J8,$K$2:$S$2)} -> -0.075509884 | Y8: 1.541462 | Z8: =RSQ(B8:J8,$K$2:$S$2) -> 0.95346152 | AA8: =RSQ(K8:S8,$B$2:$J$2) -> 0.7692114 | AB8: =RSQ(B8:J8,$B$2:$J$2) -> 0.75614709
A9: Chicago | B9: ='[7]2000'!K$24 -> 1.3268247 | C9: ='[7]2000'!L$24 -> 1.274683 | D9: ='[7]2000'!M$24 -> 1.2443639 | E9: ='[7]2000'!N$24 -> 1.2250744 | F9: ='[7]2000'!O$24 -> 1.2102128 | G9: ='[7]2000'!P$24 -> 1.1997054 | H9: ='[7]2000'!Q$24 -> 1.1909479 | I9: ='[7]2000'!R$24 -> 1.1847178 | J9: ='[7]2000'!S$24 -> 1.1800793 | K9: =LN(B9) -> 0.28278867 | L9: =LN(C9) -> 0.24269752 | M9: =LN(D9) -> 0.21862444 | N9: =LN(E9) -> 0.20300158 | O9: =LN(F9) -> 0.19079622 | P9: =LN(G9) -> 0.18207601 | Q9: =LN(H9) -> 0.17474956 | R9: =LN(I9) -> 0.16950458 | S9: =LN(J9) -> 0.16558167 | T9: {=LINEST(K9:S9,$K$2:$S$2)} -> -0.053954351 | U9: 0.40429388 | V9: =EXP(U9) -> 1.4982442 | W9: =RSQ(K9:S9,$K$2:$S$2) -> 0.99634395 | X9: {=LINEST(B9:J9,$K$2:$S$2)} -> -0.067303128 | Y9: 1.4769948 | Z9: =RSQ(B9:J9,$K$2:$S$2) -> 0.9942676 | AA9: =RSQ(K9:S9,$B$2:$J$2) -> 0.87568319 | AB9: =RSQ(B9:J9,$B$2:$J$2) -> 0.86472602
A10: Cincinnati | B10: ='[8]2000'!K$24 -> 1.4218195 | C10: ='[8]2000'!L$24 -> 1.3361363 | D10: ='[8]2000'!M$24 -> 1.3079534 | E10: ='[8]2000'!N$24 -> 1.292691 | F10: ='[8]2000'!O$24 -> 1.2783111 | G10: ='[8]2000'!P$24 -> 1.2714841 | H10: ='[8]2000'!Q$24 -> 1.2667492 | I10: ='[8]2000'!R$24 -> 1.2644353 | J10: ='[8]2000'!S$24 -> 1.2610486 | K10: =LN(B10) -> 0.35193736 | L10: =LN(C10) -> 0.2897821 | M10: =LN(D10) -> 0.26846362 | N10: =LN(E10) -> 0.25672612 | O10: =LN(F10) -> 0.24553979 | P10: =LN(G10) -> 0.24018477 | Q10: =LN(H10) -> 0.23645391 | R10: =LN(I10) -> 0.23462565 | S10: =LN(J10) -> 0.23194364 | T10: {=LINEST(K10:S10,$K$2:$S$2)} -> -0.052159802 | U10: 0.45603547 | V10: =EXP(U10) -> 1.5778063 | W10: =RSQ(K10:S10,$K$2:$S$2) -> 0.93975829 | X10: {=LINEST(B10:J10,$K$2:$S$2)} -> -0.069462388 | Y10: 1.558818 | Z10: =RSQ(B10:J10,$K$2:$S$2) -> 0.9316802 | AA10: =RSQ(K10:S10,$B$2:$J$2) -> 0.73317567 | AB10: =RSQ(B10:J10,$B$2:$J$2) -> 0.7193213
A11: Cleveland | B11: ='[9]2000'!K$24 -> 1.2874615 | C11: ='[9]2000'!L$24 -> 1.2240352 | D11: ='[9]2000'!M$24 -> 1.1963457 | E11: ='[9]2000'!N$24 -> 1.1805956 | F11: ='[9]2000'!O$24 -> 1.1707432 | G11: ='[9]2000'!P$24 -> 1.1653581 | H11: ='[9]2000'!Q$24 -> 1.1621016 | I11: ='[9]2000'!R$24 -> 1.1591644 | J11: ='[9]2000'!S$24 -> 1.156934 | K11: =LN(B11) -> 0.25267249 | L11: =LN(C11) -> 0.20215294 | M11: =LN(D11) -> 0.17927162 | N11: =LN(E11) -> 0.16601904 | O11: =LN(F11) -> 0.15763877 | P11: =LN(G11) -> 0.15302843 | Q11: =LN(H11) -> 0.1502301 | R11: =LN(I11) -> 0.14769942 | S11: =LN(J11) -> 0.14577336 | T11: {=LINEST(K11:S11,$K$2:$S$2)} -> -0.047419222 | U11: 0.34935778 | V11: =EXP(U11) -> 1.4181565 | W11: =RSQ(K11:S11,$K$2:$S$2) -> 0.94771134 | X11: {=LINEST(B11:J11,$K$2:$S$2)} -> -0.057591398 | Y11: 1.4037218 | Z11: =RSQ(B11:J11,$K$2:$S$2) -> 0.9414671 | AA11: =RSQ(K11:S11,$B$2:$J$2) -> 0.74388881 | AB11: =RSQ(B11:J11,$B$2:$J$2) -> 0.73238757
A12: Columbus | B12: ='[10]2000'!K$24 -> 1.3211732 | C12: ='[10]2000'!L$24 -> 1.2660301 | D12: ='[10]2000'!M$24 -> 1.2318007 | E12: ='[10]2000'!N$24 -> 1.2124554 | F12: ='[10]2000'!O$24 -> 1.1995705 | G12: ='[10]2000'!P$24 -> 1.1898958 | H12: ='[10]2000'!Q$24 -> 1.1835423 | I12: ='[10]2000'!R$24 -> 1.1788997 | J12: ='[10]2000'!S$24 -> 1.1759384 | K12: =LN(B12) -> 0.27852015 | L12: =LN(C12) -> 0.23588609 | M12: =LN(D12) -> 0.20847709 | N12: =LN(E12) -> 0.19264752 | O12: =LN(F12) -> 0.18196358 | P12: =LN(G12) -> 0.17386572 | Q12: =LN(H12) -> 0.1685119 | R12: =LN(I12) -> 0.16458154 | S12: =LN(J12) -> 0.1620665 | T12: {=LINEST(K12:S12,$K$2:$S$2)} -> -0.053763116 | U12: 0.39654818 | V12: =EXP(U12) -> 1.4866841 | W12: =RSQ(K12:S12,$K$2:$S$2) -> 0.98476884 | X12: {=LINEST(B12:J12,$K$2:$S$2)} -> -0.066734755 | Y12: 1.4662883 | Z12: =RSQ(B12:J12,$K$2:$S$2) -> 0.98110322 | AA12: =RSQ(K12:S12,$B$2:$J$2) -> 0.83138229 | AB12: =RSQ(B12:J12,$B$2:$J$2) -> 0.81999166
A13: Dallas-Fort Worth | B13: ='[11]2000'!K$24 -> 1.3489383 | C13: ='[11]2000'!L$24 -> 1.3124304 | D13: ='[11]2000'!M$24 -> 1.2807383 | E13: ='[11]2000'!N$24 -> 1.2579634 | F13: ='[11]2000'!O$24 -> 1.244012 | G13: ='[11]2000'!P$24 -> 1.230944 | H13: ='[11]2000'!Q$24 -> 1.219373 | I13: ='[11]2000'!R$24 -> 1.209155 | J13: ='[11]2000'!S$24 -> 1.2002522 | K13: =LN(B13) -> 0.29931785 | L13: =LN(C13) -> 0.27188072 | M13: =LN(D13) -> 0.24743669 | N13: =LN(E13) -> 0.22949405 | O13: =LN(F13) -> 0.21834165 | P13: =LN(G13) -> 0.20778137 | Q13: =LN(H13) -> 0.19833677 | R13: =LN(I13) -> 0.18992181 | S13: =LN(J13) -> 0.18253174 | T13: {=LINEST(K13:S13,$K$2:$S$2)} -> -0.054326703 | U13: 0.42959449 | V13: =EXP(U13) -> 1.5366343 | W13: =RSQ(K13:S13,$K$2:$S$2) -> 0.99424059 | X13: {=LINEST(B13:J13,$K$2:$S$2)} -> -0.069121575 | Y13: 1.5134571 | Z13: =RSQ(B13:J13,$K$2:$S$2) -> 0.99601013 | AA13: =RSQ(K13:S13,$B$2:$J$2) -> 0.9411745 | AB13: =RSQ(B13:J13,$B$2:$J$2) -> 0.93318179
A14: Denver | B14: ='[12]2000'!K$24 -> 1.3590874 | C14: ='[12]2000'!L$24 -> 1.3645122 | D14: ='[12]2000'!M$24 -> 1.3624171 | E14: ='[12]2000'!N$24 -> 1.3442031 | F14: ='[12]2000'!O$24 -> 1.3352477 | G14: ='[12]2000'!P$24 -> 1.3276568 | H14: ='[12]2000'!Q$24 -> 1.3202084 | I14: ='[12]2000'!R$24 -> 1.3134913 | J14: ='[12]2000'!S$24 -> 1.3104708 | K14: =LN(B14) -> 0.30681343 | L14: =LN(C14) -> 0.310797 | M14: =LN(D14) -> 0.30926038 | N14: =LN(E14) -> 0.29580136 | O14: =LN(F14) -> 0.28911684 | P14: =LN(G14) -> 0.28341561 | Q14: =LN(H14) -> 0.27778959 | R14: =LN(I14) -> 0.27268871 | S14: =LN(J14) -> 0.27038646 | T14: {=LINEST(K14:S14,$K$2:$S$2)} -> -0.019592693 | U14: 0.36365736 | V14: =EXP(U14) -> 1.4385812 | W14: =RSQ(K14:S14,$K$2:$S$2) -> 0.79702693 | X14: {=LINEST(B14:J14,$K$2:$S$2)} -> -0.026225928 | Y14: 1.4351691 | Z14: =RSQ(B14:J14,$K$2:$S$2) -> 0.79749639 | AA14: =RSQ(K14:S14,$B$2:$J$2) -> 0.94035519 | AB14: =RSQ(B14:J14,$B$2:$J$2) -> 0.93920875
A15: Detroit | B15: ='[13]2000'!K$24 -> 1.3076806 | C15: ='[13]2000'!L$24 -> 1.2666607 | D15: ='[13]2000'!M$24 -> 1.2404707 | E15: ='[13]2000'!N$24 -> 1.2233122 | F15: ='[13]2000'!O$24 -> 1.2124781 | G15: ='[13]2000'!P$24 -> 1.2042531 | H15: ='[13]2000'!Q$24 -> 1.1988195 | I15: ='[13]2000'!R$24 -> 1.1948232 | J15: ='[13]2000'!S$24 -> 1.1919256 | K15: =LN(B15) -> 0.26825503 | L15: =LN(C15) -> 0.2363841 | M15: =LN(D15) -> 0.21549088 | N15: =LN(E15) -> 0.20156212 | O15: =LN(F15) -> 0.1926663 | P15: =LN(G15) -> 0.18585957 | Q15: =LN(H15) -> 0.18133731 | R15: =LN(I15) -> 0.17799819 | S15: =LN(J15) -> 0.17557015 | T15: {=LINEST(K15:S15,$K$2:$S$2)} -> -0.043115407 | U15: 0.36450797 | V15: =EXP(U15) -> 1.4398054 | W15: =RSQ(K15:S15,$K$2:$S$2) -> 0.99006278 | X15: {=LINEST(B15:J15,$K$2:$S$2)} -> -0.053664145 | Y15: 1.4266132 | Z15: =RSQ(B15:J15,$K$2:$S$2) -> 0.98791013 | AA15: =RSQ(K15:S15,$B$2:$J$2) -> 0.8510108 | AB15: =RSQ(B15:J15,$B$2:$J$2) -> 0.84239919
A16: Grand Rapids | B16: ='[14]2000'!K$24 -> 1.3330444 | C16: ='[14]2000'!L$24 -> 1.2972508 | D16: ='[14]2000'!M$24 -> 1.2691424 | E16: ='[14]2000'!N$24 -> 1.2540829 | F16: ='[14]2000'!O$24 -> 1.2450836 | G16: ='[14]2000'!P$24 -> 1.2399505 | H16: ='[14]2000'!Q$24 -> 1.2359442 | I16: ='[14]2000'!R$24 -> 1.2341094 | J16: ='[14]2000'!S$24 -> 1.233393 | K16: =LN(B16) -> 0.28746533 | L16: =LN(C16) -> 0.26024722 | M16: =LN(D16) -> 0.23834136 | N16: =LN(E16) -> 0.22640453 | O16: =LN(F16) -> 0.21920265 | P16: =LN(G16) -> 0.21507144 | Q16: =LN(H16) -> 0.21183524 | R16: =LN(I16) -> 0.2103496 | S16: =LN(J16) -> 0.2097689 | T16: {=LINEST(K16:S16,$K$2:$S$2)} -> -0.036725863 | U16: 0.36776936 | V16: =EXP(U16) -> 1.4445088 | W16: =RSQ(K16:S16,$K$2:$S$2) -> 0.96979167 | X16: {=LINEST(B16:J16,$K$2:$S$2)} -> -0.046929181 | Y16: 1.435034 | Z16: =RSQ(B16:J16,$K$2:$S$2) -> 0.96733376 | AA16: =RSQ(K16:S16,$B$2:$J$2) -> 0.79752849 | AB16: =RSQ(B16:J16,$B$2:$J$2) -> 0.79059361
A17: Hampton Roads | B17: ='[15]2000'!K$24 -> 1.4488158 | C17: ='[15]2000'!L$24 -> 1.3772698 | D17: ='[15]2000'!M$24 -> 1.3328613 | E17: ='[15]2000'!N$24 -> 1.3104066 | F17: ='[15]2000'!O$24 -> 1.3018593 | G17: ='[15]2000'!P$24 -> 1.3027673 | H17: ='[15]2000'!Q$24 -> 1.3090934 | I17: ='[15]2000'!R$24 -> 1.3145742 | J17: ='[15]2000'!S$24 -> 1.3216949 | K17: =LN(B17) -> 0.37074654 | L17: =LN(C17) -> 0.32010317 | M17: =LN(D17) -> 0.28732802 | N17: =LN(E17) -> 0.27033747 | O17: =LN(F17) -> 0.26379345 | P17: =LN(G17) -> 0.26449068 | Q17: =LN(H17) -> 0.26933486 | R17: =LN(I17) -> 0.27351278 | S17: =LN(J17) -> 0.2789149 | T17: {=LINEST(K17:S17,$K$2:$S$2)} -> -0.043442421 | U17: 0.45055257 | V17: =EXP(U17) -> 1.569179 | W17: =RSQ(K17:S17,$K$2:$S$2) -> 0.78384209 | X17: {=LINEST(B17:J17,$K$2:$S$2)} -> -0.059567665 | Y17: 1.5573727 | Z17: =RSQ(B17:J17,$K$2:$S$2) -> 0.78318962 | AA17: =RSQ(K17:S17,$B$2:$J$2) -> 0.50398814 | AB17: =RSQ(B17:J17,$B$2:$J$2) -> 0.50231083
A18: Hartford | B18: ='[16]2000'!K$24 -> 1.3193656 | C18: ='[16]2000'!L$24 -> 1.2668321 | D18: ='[16]2000'!M$24 -> 1.2481884 | E18: ='[16]2000'!N$24 -> 1.2353694 | F18: ='[16]2000'!O$24 -> 1.227572 | G18: ='[16]2000'!P$24 -> 1.2235906 | H18: ='[16]2000'!Q$24 -> 1.2204355 | I18: ='[16]2000'!R$24 -> 1.2191279 | J18: ='[16]2000'!S$24 -> 1.2189441 | K18: =LN(B18) -> 0.27715104 | L18: =LN(C18) -> 0.23651936 | M18: =LN(D18) -> 0.22169324 | N18: =LN(E18) -> 0.21137003 | O18: =LN(F18) -> 0.20503826 | P18: =LN(G18) -> 0.20178965 | Q18: =LN(H18) -> 0.19920778 | R18: =LN(I18) -> 0.19813579 | S18: =LN(J18) -> 0.19798497 | T18: {=LINEST(K18:S18,$K$2:$S$2)} -> -0.035133545 | U18: 0.34741617 | V18: =EXP(U18) -> 1.4154056 | W18: =RSQ(K18:S18,$K$2:$S$2) -> 0.93575223 | X18: {=LINEST(B18:J18,$K$2:$S$2)} -> -0.044361194 | Y18: 1.4074043 | Z18: =RSQ(B18:J18,$K$2:$S$2) -> 0.93071607 | AA18: =RSQ(K18:S18,$B$2:$J$2) -> 0.72215158 | AB18: =RSQ(B18:J18,$B$2:$J$2) -> 0.7135367
A19: Honolulu | B19: ='[17]2000'!K$24 -> 1.3897113 | C19: ='[17]2000'!L$24 -> 1.3789645 | D19: ='[17]2000'!M$24 -> 1.434576 | E19: ='[17]2000'!N$24 -> 1.4385434 | F19: ='[17]2000'!O$24 -> 1.443098 | G19: ='[17]2000'!P$24 -> 1.4504032 | H19: ='[17]2000'!Q$24 -> 1.4583947 | I19: ='[17]2000'!R$24 -> 1.4620609 | J19: ='[17]2000'!S$24 -> 1.4625639 | K19: =LN(B19) -> 0.32909602 | L19: =LN(C19) -> 0.32133289 | M19: =LN(D19) -> 0.36086935 | N19: =LN(E19) -> 0.36363109 | O19: =LN(F19) -> 0.36679221 | P19: =LN(G19) -> 0.37184161 | Q19: =LN(H19) -> 0.37733632 | R19: =LN(I19) -> 0.37984702 | S19: =LN(J19) -> 0.38019098 | T19: {=LINEST(K19:S19,$K$2:$S$2)} -> 0.027822191 | U19: 0.25757732 | V19: =EXP(U19) -> 1.2937918 | W19: =RSQ(K19:S19,$K$2:$S$2) -> 0.85674687 | X19: {=LINEST(B19:J19,$K$2:$S$2)} -> 0.039597085 | Y19: 1.2878689 | Z19: =RSQ(B19:J19,$K$2:$S$2) -> 0.86009241 | AA19: =RSQ(K19:S19,$B$2:$J$2) -> 0.79023466 | AB19: =RSQ(B19:J19,$B$2:$J$2) -> 0.7957749
A20: Houston | B20: ='[18]2000'!K$24 -> 1.3702791 | C20: ='[18]2000'!L$24 -> 1.3591508 | D20: ='[18]2000'!M$24 -> 1.3256759 | E20: ='[18]2000'!N$24 -> 1.3021894 | F20: ='[18]2000'!O$24 -> 1.285406 | G20: ='[18]2000'!P$24 -> 1.2697551 | H20: ='[18]2000'!Q$24 -> 1.2582599 | I20: ='[18]2000'!R$24 -> 1.249679 | J20: ='[18]2000'!S$24 -> 1.2429211 | K20: =LN(B20) -> 0.31501448 | L20: =LN(C20) -> 0.3068601 | M20: =LN(D20) -> 0.28192243 | N20: =LN(E20) -> 0.26404703 | O20: =LN(F20) -> 0.25107462 | P20: =LN(G20) -> 0.23882402 | Q20: =LN(H20) -> 0.22972972 | R20: =LN(I20) -> 0.22288669 | S20: =LN(J20) -> 0.21746431 | T20: {=LINEST(K20:S20,$K$2:$S$2)} -> -0.048892105 | U20: 0.44077064 | V20: =EXP(U20) -> 1.5539043 | W20: =RSQ(K20:S20,$K$2:$S$2) -> 0.95735413 | X20: {=LINEST(B20:J20,$K$2:$S$2)} -> -0.063917138 | Y20: 1.534016 | Z20: =RSQ(B20:J20,$K$2:$S$2) -> 0.96000444 | AA20: =RSQ(K20:S20,$B$2:$J$2) -> 0.96052714 | AB20: =RSQ(B20:J20,$B$2:$J$2) -> 0.95599126
A21: Indianapolis | B21: ='[19]2000'!K$24 -> 1.3488678 | C21: ='[19]2000'!L$24 -> 1.2928614 | D21: ='[19]2000'!M$24 -> 1.2574853 | E21: ='[19]2000'!N$24 -> 1.2352371 | F21: ='[19]2000'!O$24 -> 1.2195803 | G21: ='[19]2000'!P$24 -> 1.2090913 | H21: ='[19]2000'!Q$24 -> 1.2012103 | I21: ='[19]2000'!R$24 -> 1.1955483 | J21: ='[19]2000'!S$24 -> 1.1911733 | K21: =LN(B21) -> 0.29926559 | L21: =LN(C21) -> 0.25685793 | M21: =LN(D21) -> 0.22911395 | N21: =LN(E21) -> 0.21126296 | O21: =LN(F21) -> 0.19850679 | P21: =LN(G21) -> 0.18986913 | Q21: =LN(H21) -> 0.18332963 | R21: =LN(I21) -> 0.17860489 | S21: =LN(J21) -> 0.17493876 | T21: {=LINEST(K21:S21,$K$2:$S$2)} -> -0.057679793 | U21: 0.42838556 | V21: =EXP(U21) -> 1.5347777 | W21: =RSQ(K21:S21,$K$2:$S$2) -> 0.99184228 | X21: {=LINEST(B21:J21,$K$2:$S$2)} -> -0.072842515 | Y21: 1.5103453 | Z21: =RSQ(B21:J21,$K$2:$S$2) -> 0.98905869 | AA21: =RSQ(K21:S21,$B$2:$J$2) -> 0.85728032 | AB21: =RSQ(B21:J21,$B$2:$J$2) -> 0.84567972
A22: Inland Empire | B22: ='[20]2000'!K$24 -> 1.3681549 | C22: ='[20]2000'!L$24 -> 1.3832293 | D22: ='[20]2000'!M$24 -> 1.3589823 | E22: ='[20]2000'!N$24 -> 1.3487422 | F22: ='[20]2000'!O$24 -> 1.3428497 | G22: ='[20]2000'!P$24 -> 1.335729 | H22: ='[20]2000'!Q$24 -> 1.3290745 | I22: ='[20]2000'!R$24 -> 1.3211799 | J22: ='[20]2000'!S$24 -> 1.3180758 | K22: =LN(B22) -> 0.31346301 | L22: =LN(C22) -> 0.32442087 | M22: =LN(D22) -> 0.30673608 | N22: =LN(E22) -> 0.29917246 | O22: =LN(F22) -> 0.29479402 | P22: =LN(G22) -> 0.2894772 | Q22: =LN(H22) -> 0.2844828 | R22: =LN(I22) -> 0.27852521 | S22: =LN(J22) -> 0.27617294 | T22: {=LINEST(K22:S22,$K$2:$S$2)} -> -0.020456792 | U22: 0.37256227 | V22: =EXP(U22) -> 1.4514489 | W22: =RSQ(K22:S22,$K$2:$S$2) -> 0.82006374 | X22: {=LINEST(B22:J22,$K$2:$S$2)} -> -0.02758178 | Y22: 1.4478555 | Z22: =RSQ(B22:J22,$K$2:$S$2) -> 0.81917813 | AA22: =RSQ(K22:S22,$B$2:$J$2) -> 0.91789066 | AB22: =RSQ(B22:J22,$B$2:$J$2) -> 0.91474231
A23: Jacksonville | B23: ='[21]2000'!K$24 -> 1.4208874 | C23: ='[21]2000'!L$24 -> 1.3974872 | D23: ='[21]2000'!M$24 -> 1.3650879 | E23: ='[21]2000'!N$24 -> 1.3444632 | F23: ='[21]2000'!O$24 -> 1.3281521 | G23: ='[21]2000'!P$24 -> 1.3149777 | H23: ='[21]2000'!Q$24 -> 1.3068389 | I23: ='[21]2000'!R$24 -> 1.3007096 | J23: ='[21]2000'!S$24 -> 1.2965502 | K23: =LN(B23) -> 0.35128162 | L23: =LN(C23) -> 0.33467576 | M23: =LN(D23) -> 0.31121881 | N23: =LN(E23) -> 0.29599486 | O23: =LN(F23) -> 0.28378861 | P23: =LN(G23) -> 0.27381968 | Q23: =LN(H23) -> 0.26761118 | R23: =LN(I23) -> 0.26290998 | S23: =LN(J23) -> 0.25970701 | T23: {=LINEST(K23:S23,$K$2:$S$2)} -> -0.045174648 | U23: 0.46172131 | V23: =EXP(U23) -> 1.586803 | W23: =RSQ(K23:S23,$K$2:$S$2) -> 0.98394289 | X23: {=LINEST(B23:J23,$K$2:$S$2)} -> -0.061265927 | Y23: 1.5699 | Z23: =RSQ(B23:J23,$K$2:$S$2) -> 0.9851324 | AA23: =RSQ(K23:S23,$B$2:$J$2) -> 0.92705103 | AB23: =RSQ(B23:J23,$B$2:$J$2) -> 0.92134765
A24: Kansas City | B24: ='[22]2000'!K$24 -> 1.3468144 | C24: ='[22]2000'!L$24 -> 1.3100546 | D24: ='[22]2000'!M$24 -> 1.2891953 | E24: ='[22]2000'!N$24 -> 1.2721275 | F24: ='[22]2000'!O$24 -> 1.2609514 | G24: ='[22]2000'!P$24 -> 1.2505371 | H24: ='[22]2000'!Q$24 -> 1.2430839 | I24: ='[22]2000'!R$24 -> 1.2369818 | J24: ='[22]2000'!S$24 -> 1.2336222 | K24: =LN(B24) -> 0.29774211 | L24: =LN(C24) -> 0.27006881 | M24: =LN(D24) -> 0.25401821 | N24: =LN(E24) -> 0.24069068 | O24: =LN(F24) -> 0.23186649 | P24: =LN(G24) -> 0.2235731 | Q24: =LN(H24) -> 0.21759529 | R24: =LN(I24) -> 0.21267435 | S24: =LN(J24) -> 0.20995472 | T24: {=LINEST(K24:S24,$K$2:$S$2)} -> -0.040876494 | U24: 0.39206356 | V24: =EXP(U24) -> 1.4800318 | W24: =RSQ(K24:S24,$K$2:$S$2) -> 0.99899238 | X24: {=LINEST(B24:J24,$K$2:$S$2)} -> -0.052580721 | Y24: 1.4673491 | Z24: =RSQ(B24:J24,$K$2:$S$2) -> 0.99875554 | AA24: =RSQ(K24:S24,$B$2:$J$2) -> 0.9056078 | AB24: =RSQ(B24:J24,$B$2:$J$2) -> 0.89828735
A25: Las Vegas | B25: ='[23]2000'!K$24 -> 1.3370218 | C25: ='[23]2000'!L$24 -> 1.3363866 | D25: ='[23]2000'!M$24 -> 1.3357993 | E25: ='[23]2000'!N$24 -> 1.3380426 | F25: ='[23]2000'!O$24 -> 1.3387178 | G25: ='[23]2000'!P$24 -> 1.3388864 | H25: ='[23]2000'!Q$24 -> 1.3374697 | I25: ='[23]2000'!R$24 -> 1.3364318 | J25: ='[23]2000'!S$24 -> 1.3361796 | K25: =LN(B25) -> 0.2904446 | L25: =LN(C25) -> 0.28996942 | M25: =LN(D25) -> 0.28952981 | N25: =LN(E25) -> 0.29120782 | O25: =LN(F25) -> 0.29171229 | P25: =LN(G25) -> 0.29183821 | Q25: =LN(H25) -> 0.29077958 | R25: =LN(I25) -> 0.29000321 | S25: =LN(J25) -> 0.28981447 | T25: {=LINEST(K25:S25,$K$2:$S$2)} -> 0.0001846205 | U25: 0.28990111 | V25: =EXP(U25) -> 1.3362953 | W25: =RSQ(K25:S25,$K$2:$S$2) -> 0.024699854 | X25: {=LINEST(B25:J25,$K$2:$S$2)} -> 0.00024701221 | Y25: 1.3362949 | Z25: =RSQ(B25:J25,$K$2:$S$2) -> 0.024720284 | AA25: =RSQ(K25:S25,$B$2:$J$2) -> 0.0014741738 | AB25: =RSQ(B25:J25,$B$2:$J$2) -> 0.0014762736
A26: Los Angeles | B26: ='[24]2000'!K$24 -> 1.3204751 | C26: ='[24]2000'!L$24 -> 1.2842806 | D26: ='[24]2000'!M$24 -> 1.2561117 | E26: ='[24]2000'!N$24 -> 1.2435202 | F26: ='[24]2000'!O$24 -> 1.2352862 | G26: ='[24]2000'!P$24 -> 1.2308235 | H26: ='[24]2000'!Q$24 -> 1.2292552 | I26: ='[24]2000'!R$24 -> 1.2302944 | J26: ='[24]2000'!S$24 -> 1.2331588 | K26: =LN(B26) -> 0.27799157 | L26: =LN(C26) -> 0.25019869 | M26: =LN(D26) -> 0.22802099 | N26: =LN(E26) -> 0.2179462 | O26: =LN(F26) -> 0.21130266 | P26: =LN(G26) -> 0.20768342 | Q26: =LN(H26) -> 0.20640848 | R26: =LN(I26) -> 0.20725352 | S26: =LN(J26) -> 0.20957901 | T26: {=LINEST(K26:S26,$K$2:$S$2)} -> -0.033047611 | U26: 0.34714542 | V26: =EXP(U26) -> 1.4150225 | W26: =RSQ(K26:S26,$K$2:$S$2) -> 0.9263208 | X26: {=LINEST(B26:J26,$K$2:$S$2)} -> -0.041964776 | Y26: 1.4077865 | Z26: =RSQ(B26:J26,$K$2:$S$2) -> 0.92394588 | AA26: =RSQ(K26:S26,$B$2:$J$2) -> 0.71014188 | AB26: =RSQ(B26:J26,$B$2:$J$2) -> 0.70496147
A27: Louisville | B27: ='[25]2000'!K$24 -> 1.4104778 | C27: ='[25]2000'!L$24 -> 1.3638472 | D27: ='[25]2000'!M$24 -> 1.3315074 | E27: ='[25]2000'!N$24 -> 1.313371 | F27: ='[25]2000'!O$24 -> 1.3023258 | G27: ='[25]2000'!P$24 -> 1.2961126 | H27: ='[25]2000'!Q$24 -> 1.2944463 | I27: ='[25]2000'!R$24 -> 1.2954054 | J27: ='[25]2000'!S$24 -> 1.3000371 | K27: =LN(B27) -> 0.34392849 | L27: =LN(C27) -> 0.31030956 | M27: =LN(D27) -> 0.28631171 | N27: =LN(E27) -> 0.27259712 | O27: =LN(F27) -> 0.26415173 | P27: =LN(G27) -> 0.25936947 | Q27: =LN(H27) -> 0.25808307 | R27: =LN(I27) -> 0.25882367 | S27: =LN(J27) -> 0.26239281 | T27: {=LINEST(K27:S27,$K$2:$S$2)} -> -0.039728811 | U27: 0.42754219 | V27: =EXP(U27) -> 1.5334839 | W27: =RSQ(K27:S27,$K$2:$S$2) -> 0.93135045 | X27: {=LINEST(B27:J27,$K$2:$S$2)} -> -0.053469036 | Y27: 1.5222317 | Z27: =RSQ(B27:J27,$K$2:$S$2) -> 0.92872628 | AA27: =RSQ(K27:S27,$B$2:$J$2) -> 0.71955229 | AB27: =RSQ(B27:J27,$B$2:$J$2) -> 0.71339806
A28: Memphis | B28: ='[26]2000'!K$24 -> 1.3956796 | C28: ='[26]2000'!L$24 -> 1.3532647 | D28: ='[26]2000'!M$24 -> 1.3251932 | E28: ='[26]2000'!N$24 -> 1.3040974 | F28: ='[26]2000'!O$24 -> 1.2855937 | G28: ='[26]2000'!P$24 -> 1.2742871 | H28: ='[26]2000'!Q$24 -> 1.268154 | I28: ='[26]2000'!R$24 -> 1.2654726 | J28: ='[26]2000'!S$24 -> 1.2647219 | K28: =LN(B28) -> 0.33338144 | L28: =LN(C28) -> 0.30251995 | M28: =LN(D28) -> 0.28155824 | N28: =LN(E28) -> 0.26551115 | O28: =LN(F28) -> 0.25122067 | P28: =LN(G28) -> 0.2423869 | Q28: =LN(H28) -> 0.23756232 | R28: =LN(I28) -> 0.23544564 | S28: =LN(J28) -> 0.23485224 | T28: {=LINEST(K28:S28,$K$2:$S$2)} -> -0.04785999 | U28: 0.44321658 | V28: =EXP(U28) -> 1.5577097 | W28: =RSQ(K28:S28,$K$2:$S$2) -> 0.98806188 | X28: {=LINEST(B28:J28,$K$2:$S$2)} -> -0.063335769 | Y28: 1.539978 | Z28: =RSQ(B28:J28,$K$2:$S$2) -> 0.98733726 | AA28: =RSQ(K28:S28,$B$2:$J$2) -> 0.86694879 | AB28: =RSQ(B28:J28,$B$2:$J$2) -> 0.85929135
A29: Milwaukee | B29: ='[27]2000'!K$24 -> 1.2891528 | C29: ='[27]2000'!L$24 -> 1.2361322 | D29: ='[27]2000'!M$24 -> 1.2090233 | E29: ='[27]2000'!N$24 -> 1.194758 | F29: ='[27]2000'!O$24 -> 1.1856458 | G29: ='[27]2000'!P$24 -> 1.1797064 | H29: ='[27]2000'!Q$24 -> 1.1757945 | I29: ='[27]2000'!R$24 -> 1.1738744 | J29: ='[27]2000'!S$24 -> 1.1739192 | K29: =LN(B29) -> 0.25398523 | L29: =LN(C29) -> 0.21198732 | M29: =LN(D29) -> 0.18981284 | N29: =LN(E29) -> 0.17794368 | O29: =LN(F29) -> 0.17028759 | P29: =LN(G29) -> 0.16526561 | Q29: =LN(H29) -> 0.16194408 | R29: =LN(I29) -> 0.1603097 | S29: =LN(J29) -> 0.16034792 | T29: {=LINEST(K29:S29,$K$2:$S$2)} -> -0.042656572 | U29: 0.34243883 | V29: =EXP(U29) -> 1.4083782 | W29: =RSQ(K29:S29,$K$2:$S$2) -> 0.95374612 | X29: {=LINEST(B29:J29,$K$2:$S$2)} -> -0.05221905 | Y29: 1.3965172 | Z29: =RSQ(B29:J29,$K$2:$S$2) -> 0.94890978 | AA29: =RSQ(K29:S29,$B$2:$J$2) -> 0.75482179 | AB29: =RSQ(B29:J29,$B$2:$J$2) -> 0.74518649
A30: Minneapolis-St.Paul | B30: ='[28]2000'!K$24 -> 1.3631972 | C30: ='[28]2000'!L$24 -> 1.2987722 | D30: ='[28]2000'!M$24 -> 1.2663205 | E30: ='[28]2000'!N$24 -> 1.2497082 | F30: ='[28]2000'!O$24 -> 1.2361963 | G30: ='[28]2000'!P$24 -> 1.2276082 | H30: ='[28]2000'!Q$24 -> 1.2190259 | I30: ='[28]2000'!R$24 -> 1.2115564 | J30: ='[28]2000'!S$24 -> 1.2057333 | K30: =LN(B30) -> 0.30983285 | L30: =LN(C30) -> 0.26141934 | M30: =LN(D30) -> 0.23611544 | N30: =LN(E30) -> 0.22291011 | O30: =LN(F30) -> 0.21203915 | P30: =LN(G30) -> 0.20506769 | Q30: =LN(H30) -> 0.19805208 | R30: =LN(I30) -> 0.19190581 | S30: =LN(J30) -> 0.18708792 | T30: {=LINEST(K30:S30,$K$2:$S$2)} -> -0.054548993 | U30: 0.42813228 | V30: =EXP(U30) -> 1.534389 | W30: =RSQ(K30:S30,$K$2:$S$2) -> 0.98719069 | X30: {=LINEST(B30:J30,$K$2:$S$2)} -> -0.069702822 | Y30: 1.512768 | Z30: =RSQ(B30:J30,$K$2:$S$2) -> 0.98280018 | AA30: =RSQ(K30:S30,$B$2:$J$2) -> 0.84119067 | AB30: =RSQ(B30:J30,$B$2:$J$2) -> 0.82801065
A31: Nashville | B31: ='[29]2000'!K$24 -> 1.4676806 | C31: ='[29]2000'!L$24 -> 1.4231433 | D31: ='[29]2000'!M$24 -> 1.3801075 | E31: ='[29]2000'!N$24 -> 1.3573622 | F31: ='[29]2000'!O$24 -> 1.339835 | G31: ='[29]2000'!P$24 -> 1.3252662 | H31: ='[29]2000'!Q$24 -> 1.3121929 | I31: ='[29]2000'!R$24 -> 1.3016526 | J31: ='[29]2000'!S$24 -> 1.2927429 | K31: =LN(B31) -> 0.38368334 | L31: =LN(C31) -> 0.35286798 | M31: =LN(D31) -> 0.32216142 | N31: =LN(E31) -> 0.30554325 | O31: =LN(F31) -> 0.29254645 | P31: =LN(G31) -> 0.28161334 | Q31: =LN(H31) -> 0.27169969 | R31: =LN(I31) -> 0.26363467 | S31: =LN(J31) -> 0.25676624 | T31: {=LINEST(K31:S31,$K$2:$S$2)} -> -0.059283026 | U31: 0.5242206 | V31: =EXP(U31) -> 1.6891418 | W31: =RSQ(K31:S31,$K$2:$S$2) -> 0.99609236 | X31: {=LINEST(B31:J31,$K$2:$S$2)} -> -0.081596623 | Y31: 1.6595019 | Z31: =RSQ(B31:J31,$K$2:$S$2) -> 0.99686941 | AA31: =RSQ(K31:S31,$B$2:$J$2) -> 0.92495882 | AB31: =RSQ(B31:J31,$B$2:$J$2) -> 0.91538616
A32: New Orleans | B32: ='[30]2000'!K$24 -> 1.3950623 | C32: ='[30]2000'!L$24 -> 1.3650398 | D32: ='[30]2000'!M$24 -> 1.3350928 | E32: ='[30]2000'!N$24 -> 1.3143269 | F32: ='[30]2000'!O$24 -> 1.304341 | G32: ='[30]2000'!P$24 -> 1.3006707 | H32: ='[30]2000'!Q$24 -> 1.3071078 | I32: ='[30]2000'!R$24 -> 1.3214773 | J32: ='[30]2000'!S$24 -> 1.3330136 | K32: =LN(B32) -> 0.33293911 | L32: =LN(C32) -> 0.3111836 | M32: =LN(D32) -> 0.2890008 | N32: =LN(E32) -> 0.27332464 | O32: =LN(F32) -> 0.2656979 | P32: =LN(G32) -> 0.26288007 | Q32: =LN(H32) -> 0.26781693 | R32: =LN(I32) -> 0.27875025 | S32: =LN(J32) -> 0.28744223 | T32: {=LINEST(K32:S32,$K$2:$S$2)} -> -0.026855516 | U32: 0.38548547 | V32: =EXP(U32) -> 1.4703279 | W32: =RSQ(K32:S32,$K$2:$S$2) -> 0.68833921 | X32: {=LINEST(B32:J32,$K$2:$S$2)} -> -0.036258259 | Y32: 1.4657437 | Z32: =RSQ(B32:J32,$K$2:$S$2) -> 0.69288464 | AA32: =RSQ(K32:S32,$B$2:$J$2) -> 0.42389408 | AB32: =RSQ(B32:J32,$B$2:$J$2) -> 0.42694648
A33: New York | B33: ='[31]2000'!K$24 -> 1.3553384 | C33: ='[31]2000'!L$24 -> 1.2991987 | D33: ='[31]2000'!M$24 -> 1.2662626 | E33: ='[31]2000'!N$24 -> 1.2498431 | F33: ='[31]2000'!O$24 -> 1.2369436 | G33: ='[31]2000'!P$24 -> 1.226713 | H33: ='[31]2000'!Q$24 -> 1.2183813 | I33: ='[31]2000'!R$24 -> 1.2130954 | J33: ='[31]2000'!S$24 -> 1.2106143 | K33: =LN(B33) -> 0.30405114 | L33: =LN(C33) -> 0.26174765 | M33: =LN(D33) -> 0.23606975 | N33: =LN(E33) -> 0.22301801 | O33: =LN(F33) -> 0.21264349 | P33: =LN(G33) -> 0.20433823 | Q33: =LN(H33) -> 0.19752321 | R33: =LN(I33) -> 0.1931753 | S33: =LN(J33) -> 0.1911279 | T33: {=LINEST(K33:S33,$K$2:$S$2)} -> -0.051763938 | U33: 0.41767617 | V33: =EXP(U33) -> 1.5184289 | W33: =RSQ(K33:S33,$K$2:$S$2) -> 0.98834516 | X33: {=LINEST(B33:J33,$K$2:$S$2)} -> -0.066043174 | Y33: 1.4989438 | Z33: =RSQ(B33:J33,$K$2:$S$2) -> 0.98485023 | AA33: =RSQ(K33:S33,$B$2:$J$2) -> 0.84263487 | AB33: =RSQ(B33:J33,$B$2:$J$2) -> 0.8311976
A34: Oklahoma City | B34: ='[32]2000'!K$24 -> 1.3557576 | C34: ='[32]2000'!L$24 -> 1.3177276 | D34: ='[32]2000'!M$24 -> 1.2967908 | E34: ='[32]2000'!N$24 -> 1.2786718 | F34: ='[32]2000'!O$24 -> 1.2646048 | G34: ='[32]2000'!P$24 -> 1.2533188 | H34: ='[32]2000'!Q$24 -> 1.2445779 | I34: ='[32]2000'!R$24 -> 1.2377227 | J34: ='[32]2000'!S$24 -> 1.2328347 | K34: =LN(B34) -> 0.30436044 | L34: =LN(C34) -> 0.27590871 | M34: =LN(D34) -> 0.25989258 | N34: =LN(E34) -> 0.2458219 | O34: =LN(F34) -> 0.23475969 | P34: =LN(G34) -> 0.2257951 | Q34: =LN(H34) -> 0.2187964 | R34: =LN(I34) -> 0.21327313 | S34: =LN(J34) -> 0.20931611 | T34: {=LINEST(K34:S34,$K$2:$S$2)} -> -0.044228147 | U34: 0.40785298 | V34: =EXP(U34) -> 1.5035861 | W34: =RSQ(K34:S34,$K$2:$S$2) -> 0.99833584 | X34: {=LINEST(B34:J34,$K$2:$S$2)} -> -0.057085387 | Y34: 1.4884222 | Z34: =RSQ(B34:J34,$K$2:$S$2) -> 0.99892598 | AA34: =RSQ(K34:S34,$B$2:$J$2) -> 0.92343501 | AB34: =RSQ(B34:J34,$B$2:$J$2) -> 0.9161443
A35: Orlando | B35: ='[33]2000'!K$24 -> 1.3729301 | C35: ='[33]2000'!L$24 -> 1.3367323 | D35: ='[33]2000'!M$24 -> 1.3124498 | E35: ='[33]2000'!N$24 -> 1.2956394 | F35: ='[33]2000'!O$24 -> 1.2845455 | G35: ='[33]2000'!P$24 -> 1.2777769 | H35: ='[33]2000'!Q$24 -> 1.2721723 | I35: ='[33]2000'!R$24 -> 1.2697045 | J35: ='[33]2000'!S$24 -> 1.2671796 | K35: =LN(B35) -> 0.31694725 | L35: =LN(C35) -> 0.29022803 | M35: =LN(D35) -> 0.2718955 | N35: =LN(E35) -> 0.25900428 | O35: =LN(F35) -> 0.25040498 | P35: =LN(G35) -> 0.2451218 | Q35: =LN(H35) -> 0.24072594 | R35: =LN(I35) -> 0.23878417 | S35: =LN(J35) -> 0.23679368 | T35: {=LINEST(K35:S35,$K$2:$S$2)} -> -0.037732179 | U35: 0.40165338 | V35: =EXP(U35) -> 1.4942933 | W35: =RSQ(K35:S35,$K$2:$S$2) -> 0.98833729 | X35: {=LINEST(B35:J35,$K$2:$S$2)} -> -0.049628767 | Y35: 1.48366 | Z35: =RSQ(B35:J35,$K$2:$S$2) -> 0.98670545 | AA35: =RSQ(K35:S35,$B$2:$J$2) -> 0.84924514 | AB35: =RSQ(B35:J35,$B$2:$J$2) -> 0.84213977
A36: Philadelphia | B36: ='[34]2000'!K$24 -> 1.3170344 | C36: ='[34]2000'!L$24 -> 1.2522965 | D36: ='[34]2000'!M$24 -> 1.2192698 | E36: ='[34]2000'!N$24 -> 1.2017508 | F36: ='[34]2000'!O$24 -> 1.1904624 | G36: ='[34]2000'!P$24 -> 1.1821918 | H36: ='[34]2000'!Q$24 -> 1.1752189 | I36: ='[34]2000'!R$24 -> 1.1694594 | J36: ='[34]2000'!S$24 -> 1.1650002 | K36: =LN(B36) -> 0.27538254 | L36: =LN(C36) -> 0.22497906 | M36: =LN(D36) -> 0.19825216 | N36: =LN(E36) -> 0.18377951 | O36: =LN(F36) -> 0.17434178 | P36: =LN(G36) -> 0.16737013 | Q36: =LN(H36) -> 0.16145443 | R36: =LN(I36) -> 0.15654155 | S36: =LN(J36) -> 0.15272125 | T36: {=LINEST(K36:S36,$K$2:$S$2)} -> -0.05472799 | U36: 0.39217593 | V36: =EXP(U36) -> 1.4801981 | W36: =RSQ(K36:S36,$K$2:$S$2) -> 0.97789758 | X36: {=LINEST(B36:J36,$K$2:$S$2)} -> -0.06751665 | Y36: 1.4595762 | Z36: =RSQ(B36:J36,$K$2:$S$2) -> 0.97252386 | AA36: =RSQ(K36:S36,$B$2:$J$2) -> 0.81219918 | AB36: =RSQ(B36:J36,$B$2:$J$2) -> 0.79890571
A37: Phoenix | B37: ='[35]2000'!K$24 -> 1.3654756 | C37: ='[35]2000'!L$24 -> 1.353797 | D37: ='[35]2000'!M$24 -> 1.3350078 | E37: ='[35]2000'!N$24 -> 1.3223139 | F37: ='[35]2000'!O$24 -> 1.3124726 | G37: ='[35]2000'!P$24 -> 1.3048099 | H37: ='[35]2000'!Q$24 -> 1.3000415 | I37: ='[35]2000'!R$24 -> 1.2966216 | J37: ='[35]2000'!S$24 -> 1.2935691 | K37: =LN(B37) -> 0.3115028 | L37: =LN(C37) -> 0.30291321 | M37: =LN(D37) -> 0.28893712 | N37: =LN(E37) -> 0.27938312 | O37: =LN(F37) -> 0.27191281 | P37: =LN(G37) -> 0.26605736 | Q37: =LN(H37) -> 0.2623962 | R37: =LN(I37) -> 0.25976213 | S37: =LN(J37) -> 0.25740512 | T37: {=LINEST(K37:S37,$K$2:$S$2)} -> -0.026837513 | U37: 0.37777778 | V37: =EXP(U37) -> 1.4590387 | W37: =RSQ(K37:S37,$K$2:$S$2) -> 0.97919808 | X37: {=LINEST(B37:J37,$K$2:$S$2)} -> -0.03565874 | Y37: 1.4532857 | Z37: =RSQ(B37:J37,$K$2:$S$2) -> 0.98001559 | AA37: =RSQ(K37:S37,$B$2:$J$2) -> 0.93045469 | AB37: =RSQ(B37:J37,$B$2:$J$2) -> 0.92727131
A38: Pittsburgh | B38: ='[36]2000'!K$24 -> 1.4225894 | C38: ='[36]2000'!L$24 -> 1.3407201 | D38: ='[36]2000'!M$24 -> 1.3032326 | E38: ='[36]2000'!N$24 -> 1.2817843 | F38: ='[36]2000'!O$24 -> 1.2654254 | G38: ='[36]2000'!P$24 -> 1.2524971 | H38: ='[36]2000'!Q$24 -> 1.2428096 | I38: ='[36]2000'!R$24 -> 1.2358292 | J38: ='[36]2000'!S$24 -> 1.230477 | K38: =LN(B38) -> 0.35247871 | L38: =LN(C38) -> 0.29320687 | M38: =LN(D38) -> 0.26484782 | N38: =LN(E38) -> 0.24825307 | O38: =LN(F38) -> 0.23540838 | P38: =LN(G38) -> 0.22513922 | Q38: =LN(H38) -> 0.21737459 | R38: =LN(I38) -> 0.21174213 | S38: =LN(J38) -> 0.20740188 | T38: {=LINEST(K38:S38,$K$2:$S$2)} -> -0.065033333 | U38: 0.49290014 | V38: =EXP(U38) -> 1.637057 | W38: =RSQ(K38:S38,$K$2:$S$2) -> 0.98546784 | X38: {=LINEST(B38:J38,$K$2:$S$2)} -> -0.085639268 | Y38: 1.6051588 | Z38: =RSQ(B38:J38,$K$2:$S$2) -> 0.97988884 | AA38: =RSQ(K38:S38,$B$2:$J$2) -> 0.8339864 | AB38: =RSQ(B38:J38,$B$2:$J$2) -> 0.81831739
A39: Portland | B39: ='[37]2000'!K$24 -> 1.4972319 | C39: ='[37]2000'!L$24 -> 1.4978703 | D39: ='[37]2000'!M$24 -> 1.4641032 | E39: ='[37]2000'!N$24 -> 1.448877 | F39: ='[37]2000'!O$24 -> 1.4341566 | G39: ='[37]2000'!P$24 -> 1.4225778 | H39: ='[37]2000'!Q$24 -> 1.4169231 | I39: ='[37]2000'!R$24 -> 1.4127785 | J39: ='[37]2000'!S$24 -> 1.4115064 | K39: =LN(B39) -> 0.40361798 | L39: =LN(C39) -> 0.40404427 | M39: =LN(D39) -> 0.38124289 | N39: =LN(E39) -> 0.37078879 | O39: =LN(F39) -> 0.36057695 | P39: =LN(G39) -> 0.3524706 | Q39: =LN(H39) -> 0.34848766 | R39: =LN(I39) -> 0.34555832 | S39: =LN(J39) -> 0.34465749 | T39: {=LINEST(K39:S39,$K$2:$S$2)} -> -0.03177509 | U39: 0.48630087 | V39: =EXP(U39) -> 1.6262892 | W39: =RSQ(K39:S39,$K$2:$S$2) -> 0.93347928 | X39: {=LINEST(B39:J39,$K$2:$S$2)} -> -0.046223867 | Y39: 1.6172982 | Z39: =RSQ(B39:J39,$K$2:$S$2) -> 0.93359032 | AA39: =RSQ(K39:S39,$B$2:$J$2) -> 0.91274895 | AB39: =RSQ(B39:J39,$B$2:$J$2) -> 0.90921947
A40: Providence | B40: ='[38]2000'!K$24 -> 1.3248231 | C40: ='[38]2000'!L$24 -> 1.2799993 | D40: ='[38]2000'!M$24 -> 1.2557177 | E40: ='[38]2000'!N$24 -> 1.2418057 | F40: ='[38]2000'!O$24 -> 1.2289096 | G40: ='[38]2000'!P$24 -> 1.2268427 | H40: ='[38]2000'!Q$24 -> 1.2357077 | I40: ='[38]2000'!R$24 -> 1.2543582 | J40: ='[38]2000'!S$24 -> 1.277515 | K40: =LN(B40) -> 0.28127894 | L40: =LN(C40) -> 0.24685951 | M40: =LN(D40) -> 0.2277073 | N40: =LN(E40) -> 0.21656649 | O40: =LN(F40) -> 0.20612727 | P40: =LN(G40) -> 0.20444396 | Q40: =LN(H40) -> 0.21164388 | R40: =LN(I40) -> 0.22662408 | S40: =LN(J40) -> 0.24491681 | T40: {=LINEST(K40:S40,$K$2:$S$2)} -> -0.023722611 | U40: 0.31794122 | V40: =EXP(U40) -> 1.3742955 | W40: =RSQ(K40:S40,$K$2:$S$2) -> 0.4761312 | X40: {=LINEST(B40:J40,$K$2:$S$2)} -> -0.030362208 | Y40: 1.3715083 | Z40: =RSQ(B40:J40,$K$2:$S$2) -> 0.48152988 | AA40: =RSQ(K40:S40,$B$2:$J$2) -> 0.21363348 | AB40: =RSQ(B40:J40,$B$2:$J$2) -> 0.21693276
A41: Raleigh | B41: ='[39]2000'!K$24 -> 1.3721701 | C41: ='[39]2000'!L$24 -> 1.3030418 | D41: ='[39]2000'!M$24 -> 1.2616296 | E41: ='[39]2000'!N$24 -> 1.235995 | F41: ='[39]2000'!O$24 -> 1.2183864 | G41: ='[39]2000'!P$24 -> 1.2062064 | H41: ='[39]2000'!Q$24 -> 1.1984192 | I41: ='[39]2000'!R$24 -> 1.1937612 | J41: ='[39]2000'!S$24 -> 1.1912351 | K41: =LN(B41) -> 0.31639349 | L41: =LN(C41) -> 0.26470136 | M41: =LN(D41) -> 0.23240426 | N41: =LN(E41) -> 0.21187631 | O41: =LN(F41) -> 0.19752739 | P41: =LN(G41) -> 0.18748022 | Q41: =LN(H41) -> 0.18100336 | R41: =LN(I41) -> 0.177109 | S41: =LN(J41) -> 0.17499064 | T41: {=LINEST(K41:S41,$K$2:$S$2)} -> -0.065990771 | U41: 0.4617592 | V41: =EXP(U41) -> 1.5868631 | W41: =RSQ(K41:S41,$K$2:$S$2) -> 0.98431167 | X41: {=LINEST(B41:J41,$K$2:$S$2)} -> -0.083912537 | Y41: 1.5548912 | Z41: =RSQ(B41:J41,$K$2:$S$2) -> 0.98012119 | AA41: =RSQ(K41:S41,$B$2:$J$2) -> 0.83117145 | AB41: =RSQ(B41:J41,$B$2:$J$2) -> 0.81770067
A42: Rochester, NY | B42: ='[40]2000'!K$24 -> 1.28683 | C42: ='[40]2000'!L$24 -> 1.2447691 | D42: ='[40]2000'!M$24 -> 1.223766 | E42: ='[40]2000'!N$24 -> 1.209979 | F42: ='[40]2000'!O$24 -> 1.2005096 | G42: ='[40]2000'!P$24 -> 1.1924475 | H42: ='[40]2000'!Q$24 -> 1.187915 | I42: ='[40]2000'!R$24 -> 1.1840092 | J42: ='[40]2000'!S$24 -> 1.1828583 | K42: =LN(B42) -> 0.25218179 | L42: =LN(C42) -> 0.21895003 | M42: =LN(D42) -> 0.20193303 | N42: =LN(E42) -> 0.19060304 | O42: =LN(F42) -> 0.18274613 | P42: =LN(G42) -> 0.17600793 | Q42: =LN(H42) -> 0.17219967 | R42: =LN(I42) -> 0.16890632 | S42: =LN(J42) -> 0.16793377 | T42: {=LINEST(K42:S42,$K$2:$S$2)} -> -0.038718832 | U42: 0.33661268 | V42: =EXP(U42) -> 1.4001966 | W42: =RSQ(K42:S42,$K$2:$S$2) -> 0.98588291 | X42: {=LINEST(B42:J42,$K$2:$S$2)} -> -0.047604901 | Y42: 1.3898936 | Z42: =RSQ(B42:J42,$K$2:$S$2) -> 0.98313561 | AA42: =RSQ(K42:S42,$B$2:$J$2) -> 0.83402195 | AB42: =RSQ(B42:J42,$B$2:$J$2) -> 0.82549324
A43: Sacramento | B43: ='[41]2000'!K$24 -> 1.4784315 | C43: ='[41]2000'!L$24 -> 1.4715655 | D43: ='[41]2000'!M$24 -> 1.4606947 | E43: ='[41]2000'!N$24 -> 1.4598012 | F43: ='[41]2000'!O$24 -> 1.4609362 | G43: ='[41]2000'!P$24 -> 1.4590869 | H43: ='[41]2000'!Q$24 -> 1.4543259 | I43: ='[41]2000'!R$24 -> 1.4448832 | J43: ='[41]2000'!S$24 -> 1.4368804 | K43: =LN(B43) -> 0.39098171 | L43: =LN(C43) -> 0.3863268 | M43: =LN(D43) -> 0.37891212 | N43: =LN(E43) -> 0.37830027 | O43: =LN(F43) -> 0.37907748 | P43: =LN(G43) -> 0.3778108 | Q43: =LN(H43) -> 0.37454249 | R43: =LN(I43) -> 0.36802849 | S43: =LN(J43) -> 0.3624744 | T43: {=LINEST(K43:S43,$K$2:$S$2)} -> -0.010897924 | U43: 0.41797872 | V43: =EXP(U43) -> 1.5188884 | W43: =RSQ(K43:S43,$K$2:$S$2) -> 0.83453072 | X43: {=LINEST(B43:J43,$K$2:$S$2)} -> -0.015910082 | Y43: 1.5177769 | Z43: =RSQ(B43:J43,$K$2:$S$2) -> 0.83743291 | AA43: =RSQ(K43:S43,$B$2:$J$2) -> 0.89810083 | AB43: =RSQ(B43:J43,$B$2:$J$2) -> 0.8985525
