Workbook
Name Beta: 'Summary-1990'!$B$55

Sheet 1990
B1: Network Speed (congested) [km/h] | C1: Network Speed (freeflow) [km/h] | D1: Circuity [ ] | E1: Average Airline Speed [km/h] | F1: Airline Radius [km] | G1: Area covered in 30 mins [km2] | H1: Urbanized area density [people/km2] | I1: Urbanized Area [km2] | J1: Population | K1: Accessibility | L1: MinPA,P | M1: . | N1: Employment Density | O1: Employment | P1: Employment Accessibility | Q1: Min EA, E
A2: Area | B2: S_n | D2: C1 | E2: S_a | F2: R_a | G2: A_30 | H2: D_UA | L2: =MIN(J2,K2) -> 0 | M2: .
A3: Atlanta | B3: 60.375468 | C3: 63.997996 | D3: 1.2804196 | E3: =B3/D3 -> 47.152878 | F3: =E3*0.5 -> 23.576439 | G3: =PI()*F3^2 -> 1746.2495 | H3: =J3/I3 -> 964.67391 | I3: 2944 | J3: 2840000 | K3: =G3*H3 -> 1684561.3 | L3: =MIN(J3,K3) -> 1684561.3 | M3: . | N3: =O3/I3 -> 503.32235 | O3: 1481781 | P3: =G3*N3 -> 878926.38 | Q3: =MIN(P3,O3) -> 878926.38
A4: Austin* | B4: 63.478689 | C4: 67.922197 | D4: 1.3588387 | E4: =B4/D4 -> 46.715398 | F4: =E4*0.5 -> 23.357699 | G4: =PI()*F4^2 -> 1713.9968 | H4: =J4/I4 -> 932.86219 | I4: 707.5 | J4: 660000 | K4: =G4*H4 -> 1598922.8 | L4: =MIN(J4,K4) -> 660000 | M4: . | N4: =O4/I4 -> 571.04735 | O4: 404016 | P4: =G4*N4 -> 978773.3 | Q4: =MIN(P4,O4) -> 404016
A5: Baltimore | B5: 60.37745 | C5: 64.603872 | D5: 1.252585 | E5: =B5/D5 -> 48.202277 | F5: =E5*0.5 -> 24.101139 | G5: =PI()*F5^2 -> 1824.8408 | H5: =J5/I5 -> 1296.8394 | I5: 1534.5 | J5: 1990000 | K5: =G5*H5 -> 2366525.4 | L5: =MIN(J5,K5) -> 1990000 | M5: . | N5: =O5/I5 -> 776.6784 | O5: 1191813 | P5: =G5*N5 -> 1417314.5 | Q5: =MIN(P5,O5) -> 1191813
A6: Boston | B6: 61.541691 | C6: 67.69586 | D6: 1.2423921 | E6: =B6/D6 -> 49.534838 | F6: =E6*0.5 -> 24.767419 | G6: =PI()*F6^2 -> 1927.1316 | H6: =J6/I6 -> 1563.9893 | I6: 2308.2 | J6: 3610000 | K6: =G6*H6 -> 3014013.1 | L6: =MIN(J6,K6) -> 3014013.1 | M6: . | N6: =O6/I6 -> 927.87323 | O6: 2141717 | P6: =G6*N6 -> 1788133.8 | Q6: =MIN(P6,O6) -> 1788133.8
A7: Buffalo | B7: 73.276598 | C7: 76.207662 | D7: 1.2197721 | E7: =B7/D7 -> 60.074008 | F7: =E7*0.5 -> 30.037004 | G7: =PI()*F7^2 -> 2834.4127 | H7: =J7/I7 -> 1440.1623 | I7: 739.5 | J7: 1065000 | K7: =G7*H7 -> 4082014.3 | L7: =MIN(J7,K7) -> 1065000 | M7: . | N7: =O7/I7 -> 718.21771 | O7: 531122 | P7: =G7*N7 -> 2035725.4 | Q7: =MIN(P7,O7) -> 531122
A8: Charlotte | B8: 66.908177 | C8: 71.591749 | D8: 1.2963499 | E8: =B8/D8 -> 51.612743 | F8: =E8*0.5 -> 25.806372 | G8: =PI()*F8^2 -> 2092.2027 | H8: =J8/I8 -> 862.48203 | I8: 626.1 | J8: 540000 | K8: =G8*H8 -> 1804487.3 | L8: =MIN(J8,K8) -> 540000 | M8: . | N8: =O8/I8 -> 966.06932 | O8: 604856 | P8: =G8*N8 -> 2021212.9 | Q8: =MIN(P8,O8) -> 604856
A9: Chicago | B9: 59.830535 | C9: 64.616977 | D9: 1.2306496 | E9: =B9/D9 -> 48.617034 | F9: =E9*0.5 -> 24.308517 | G9: =PI()*F9^2 -> 1856.3797 | H9: =J9/I9 -> 1830.0112 | I9: 4103.8 | J9: 7510000 | K9: =G9*H9 -> 3397195.6 | L9: =MIN(J9,K9) -> 3397195.6 | M9: . | N9: =O9/I9 -> 936.04391 | O9: 3841337 | P9: =G9*N9 -> 1737652.9 | Q9: =MIN(P9,O9) -> 1737652.9
A10: Cincinnati | B10: 67.518821 | C10: 74.270703 | D10: 1.3292592 | E10: =B10/D10 -> 50.794323 | F10: =E10*0.5 -> 25.397161 | G10: =PI()*F10^2 -> 2026.3769 | H10: =J10/I10 -> 860.24751 | I10: 1325.2 | J10: 1140000 | K10: =G10*H10 -> 1743185.7 | L10: =MIN(J10,K10) -> 1140000 | M10: . | N10: =O10/I10 -> 613.31573 | O10: 812766 | P10: =G10*N10 -> 1242808.8 | Q10: =MIN(P10,O10) -> 812766
A11: Cleveland | B11: 70.270148 | C11: 77.297163 | D11: 1.2049847 | E11: =B11/D11 -> 58.316215 | F11: =E11*0.5 -> 29.158108 | G11: =PI()*F11^2 -> 2670.9671 | H11: =J11/I11 -> 1068.6096 | I11: 1647 | J11: 1760000 | K11: =G11*H11 -> 2854221.1 | L11: =MIN(J11,K11) -> 1760000 | M11: . | N11: =O11/I11 -> 754.15847 | O11: 1242099 | P11: =G11*N11 -> 2014332.5 | Q11: =MIN(P11,O11) -> 1242099
A12: Columbus | B12: 67.725933 | C12: 77.207564 | D12: 1.2627799 | E12: =B12/D12 -> 53.632411 | F12: =E12*0.5 -> 26.816206 | G12: =PI()*F12^2 -> 2259.1472 | H12: =J12/I12 -> 973.91694 | I12: 893.3 | J12: 870000 | K12: =G12*H12 -> 2200221.7 | L12: =MIN(J12,K12) -> 870000 | M12: . | N12: =O12/I12 -> 758.8257 | O12: 677859 | P12: =G12*N12 -> 1714299 | Q12: =MIN(P12,O12) -> 677859
A13: Dallas-Fort Worth | B13: 66.031469 | C13: 76.596505 | D13: 1.3065071 | E13: =B13/D13 -> 50.540461 | F13: =E13*0.5 -> 25.27023 | G13: =PI()*F13^2 -> 2006.1725 | H13: =J13/I13 -> 869.56522 | I13: 3737.5 | J13: 3250000 | K13: =G13*H13 -> 1744497.8 | L13: =MIN(J13,K13) -> 1744497.8 | M13: . | N13: =O13/I13 -> 528.85779 | O13: 1976606 | P13: =G13*N13 -> 1060980 | Q13: =MIN(P13,O13) -> 1060980
A14: Denver | B14: 65.002141 | C14: 76.052505 | D14: 1.3654163 | E14: =B14/D14 -> 47.606098 | F14: =E14*0.5 -> 23.803049 | G14: =PI()*F14^2 -> 1779.9797 | H14: =J14/I14 -> 1329.5187 | I14: 1188.4 | J14: 1580000 | K14: =G14*H14 -> 2366516.3 | L14: =MIN(J14,K14) -> 1580000 | M14: . | N14: =O14/I14 -> 811.94211 | O14: 964912 | P14: =G14*N14 -> 1445240.5 | Q14: =MIN(P14,O14) -> 964912
A15: Detroit | B15: 59.740127 | C15: 69.895948 | D15: 1.2288146 | E15: =B15/D15 -> 48.616062 | F15: =E15*0.5 -> 24.308031 | G15: =PI()*F15^2 -> 1856.3055 | H15: =J15/I15 -> 1369.2488 | I15: 2899.4 | J15: 3970000 | K15: =G15*H15 -> 2541744.1 | L15: =MIN(J15,K15) -> 2541744.1 | M15: . | N15: =O15/I15 -> 717.34842 | O15: 2079880 | P15: =G15*N15 -> 1331617.8 | Q15: =MIN(P15,O15) -> 1331617.8
A16: Grand Rapids*2 | B16: 70.939381 | C16: 83.70847 | D16: 1.2825248 | E16: =B16/D16 -> 55.312286 | F16: =E16*0.5 -> 27.656143 | G16: =PI()*F16^2 -> 2402.8856 | H16: =J16/I16 -> 1190.5898 | I16: 578.2 | J16: 688399 | K16: =G16*H16 -> 2860851 | L16: =MIN(J16,K16) -> 688399 | M16: . | N16: =O16/I16 -> 693.86026 | O16: =337335+63855 -> 401190 | P16: =G16*N16 -> 1667266.8 | Q16: =MIN(P16,O16) -> 401190
A17: Hampton Roads | B17: 64.898649 | C17: 85.666217 | D17: 1.3571401 | E17: =B17/D17 -> 47.820155 | F17: =E17*0.5 -> 23.910078 | G17: =PI()*F17^2 -> 1796.0228 | H17: =J17/I17 -> 770.84182 | I17: 1718.9 | J17: 1325000 | K17: =G17*H17 -> 1384449.5 | L17: =MIN(J17,K17) -> 1325000 | M17: . | N17: =O17/I17 -> 406.65484 | O17: 698999 | P17: =G17*N17 -> 730361.36 | Q17: =MIN(P17,O17) -> 698999
A18: Hartford | B18: 70.550118 | C18: 84.660141 | D18: 1.3223702 | E18: =B18/D18 -> 53.351261 | F18: =E18*0.5 -> 26.675631 | G18: =PI()*F18^2 -> 2235.5236 | H18: =J18/I18 -> 1320.2112 | I18: 624.9 | J18: 825000 | K18: =G18*H18 -> 2951363.4 | L18: =MIN(J18,K18) -> 825000 | M18: . | N18: =O18/I18 -> 899.29429 | O18: 561969 | P18: =G18*N18 -> 2010393.6 | Q18: =MIN(P18,O18) -> 561969
A19: Honolulu*2 | B19: 61.851771 | C19: 73.603607 | D19: 1.3847021 | E19: =B19/D19 -> 44.667925 | F19: =E19*0.5 -> 22.333962 | G19: =PI()*F19^2 -> 1567.0449 | H19: =J19/I19 -> 2328.0373 | I19: 359.2 | J19: 836231 | K19: =G19*H19 -> 3648138.9 | L19: =MIN(J19,K19) -> 836231 | M19: . | N19: =O19/I19 -> 1218.0345 | O19: 437518 | P19: =G19*N19 -> 1908714.7 | Q19: =MIN(P19,O19) -> 437518
A20: Houston | B20: 61.86593 | C20: 73.620457 | D20: 1.3197846 | E20: =B20/D20 -> 46.875778 | F20: =E20*0.5 -> 23.437889 | G20: =PI()*F20^2 -> 1725.7856 | H20: =J20/I20 -> 951.03794 | I20: 3049.3 | J20: 2900000 | K20: =G20*H20 -> 1641287.6 | L20: =MIN(J20,K20) -> 1641287.6 | M20: . | N20: =O20/I20 -> 577.11475 | O20: 1759796 | P20: =G20*N20 -> 995976.35 | Q20: =MIN(P20,O20) -> 995976.35
A21: Indianapolis | B21: 66.181817 | C21: 78.094544 | D21: 1.2722485 | E21: =B21/D21 -> 52.019567 | F21: =E21*0.5 -> 26.009784 | G21: =PI()*F21^2 -> 2125.3152 | H21: =J21/I21 -> 778.16206 | I21: 1214.4 | J21: 945000 | K21: =G21*H21 -> 1653839.6 | L21: =MIN(J21,K21) -> 945000 | M21: . | N21: =O21/I21 -> 514.63356 | O21: 624971 | P21: =G21*N21 -> 1093758.5 | Q21: =MIN(P21,O21) -> 624971
A22: Inland Empire** | B22: 65.102211 | C22: 72.914476 | D22: 1.3359338 | E22: =B22/D22 -> 48.731614 | F22: =E22*0.5 -> 24.365807 | G22: =PI()*F22^2 -> 1865.1401 | H22: =J22/I22 -> 1078.382 | I22: 1191.6 | J22: 1285000 | K22: =G22*H22 -> 2011333.6 | L22: =MIN(J22,K22) -> 1285000 | M22: . | N22: =O22/I22 -> 643.63293 | O22: 766953 | P22: =G22*N22 -> 1200465.6 | Q22: =MIN(P22,O22) -> 766953
A23: Jacksonville* | B23: 55.540281 | C23: 57.20649 | D23: 1.3671479 | E23: =B23/D23 -> 40.624926 | F23: =E23*0.5 -> 20.312463 | G23: =PI()*F23^2 -> 1296.209 | H23: =J23/I23 -> 547.57016 | I23: 1314.9 | J23: 720000 | K23: =G23*H23 -> 709765.38 | L23: =MIN(J23,K23) -> 709765.38 | M23: . | N23: =O23/I23 -> 337.57852 | O23: 443882 | P23: =G23*N23 -> 437572.33 | Q23: =MIN(P23,O23) -> 437572.33
A24: Kansas City | B24: 63.219918 | C24: 65.116516 | D24: 1.2881189 | E24: =B24/D24 -> 49.079255 | F24: =E24*0.5 -> 24.539628 | G24: =PI()*F24^2 -> 1891.8461 | H24: =J24/I24 -> 587.90735 | I24: 1973.1 | J24: 1160000 | K24: =G24*H24 -> 1112230.2 | L24: =MIN(J24,K24) -> 1112230.2 | M24: . | N24: =O24/I24 -> 390.91227 | O24: 771309 | P24: =G24*N24 -> 739545.86 | Q24: =MIN(P24,O24) -> 739545.86
A25: Las Vegas* | B25: 58.291698 | C25: 60.040449 | D25: 1.3334071 | E25: =B25/D25 -> 43.716355 | F25: =E25*0.5 -> 21.858178 | G25: =PI()*F25^2 -> 1500.9899 | H25: =J25/I25 -> 1175.4828 | I25: 595.5 | J25: 700000 | K25: =G25*H25 -> 1764387.8 | L25: =MIN(J25,K25) -> 700000 | M25: . | N25: =O25/I25 -> 623.22082 | O25: 371128 | P25: =G25*N25 -> 935448.18 | Q25: =MIN(P25,O25) -> 371128
A26: Los Angeles | B26: 48.116228 | C26: 49.559715 | D26: 1.2467602 | E26: =B26/D26 -> 38.59301 | F26: =E26*0.5 -> 19.296505 | G26: =PI()*F26^2 -> 1169.7881 | H26: =J26/I26 -> 2243.0421 | I26: 5091.3 | J26: 11420000 | K26: =G26*H26 -> 2623883.9 | L26: =MIN(J26,K26) -> 2623883.9 | M26: . | N26: =O26/I26 -> 1337.3879 | O26: 6809043 | P26: =G26*N26 -> 1564460.4 | Q26: =MIN(P26,O26) -> 1564460.4
A27: Louisville* | B27: 62.487213 | C27: 64.986701 | D27: 1.3589322 | E27: =B27/D27 -> 45.982583 | F27: =E27*0.5 -> 22.991292 | G27: =PI()*F27^2 -> 1660.6443 | H27: =J27/I27 -> 1106.8598 | I27: 731.8 | J27: 810000 | K27: =G27*H27 -> 1838100.4 | L27: =MIN(J27,K27) -> 810000 | M27: . | N27: =O27/I27 -> 610.65318 | O27: 446876 | P27: =G27*N27 -> 1014077.7 | Q27: =MIN(P27,O27) -> 446876
A28: Memphis* | B28: 65.308032 | C28: 67.920353 | D28: 1.331226 | E28: =B28/D28 -> 49.058562 | F28: =E28*0.5 -> 24.529281 | G28: =PI()*F28^2 -> 1890.2511 | H28: =J28/I28 -> 973.62165 | I28: 883.3 | J28: 860000 | K28: =G28*H28 -> 1840389.4 | L28: =MIN(J28,K28) -> 860000 | M28: . | N28: =O28/I28 -> 507.45726 | O28: 448237 | P28: =G28*N28 -> 959221.65 | Q28: =MIN(P28,O28) -> 448237
... A53: Washington | B53: 57.166397 | C53: 76.031308 | D53: 1.3152548 | E53: =B53/D53 -> 43.464123 | F53: =E53*0.5 -> 21.732062 | G53: =PI()*F53^2 -> 1483.7193 | H53: =J53/I53 -> 1267.0645 | I53: 2446.6 | J53: 3100000 | K53: =G53*H53 -> 1879968 | L53: =MIN(J53,K53) -> 1879968 | M53: . | N53: =O53/I53 -> 905.07235 | O53: 2214350 | P53: =G53*N53 -> 1342873.3 | Q53: =MIN(P53,O53) -> 1342873.3
A55: Notes:
A56: 1 Circuity is from a sample of OD points with network distance matched to average commute distance
A57: 2 Population from 1990 Census
A58: * Circuity is based on either 1995 or 2001 commute distance; 1990 commute distance not available
A59: ** Uses 1995 Employment
A60: Data Sources:
A61: Network Speed (congested), Network Speed (freeflow), Population: TTI complete data 1982-2007 (calculated from 1990 values only)
A62: Circuity: Networks are Census Tiger 2008 county-level shapefiles merged together, commute distances are from 1990 NPTS
A63: Urbanized Area: Census 1990 Population and Housing Unit Counts (census.gov)
A64: Employment: Census 1990, sum of responses to question P050. Travel Time to Work: Workers 16 years and over (American FactFinder)

Sheet 1995
B1: Network Speed (congested) [km/h] | C1: Network Speed (freeflow) [km/h] | D1: Circuity [ ] | E1: Average Airline Speed [km/h] | F1: Airline Radius [km] | G1: Area covered in 30 mins [km2] | H1: Urbanized area density [people/km2] | I1: Area [km2] | J1: Population | K1: Accessibility | L1: MinPA,P | M1: . | N1: Employment Density | O1: Employment | P1: Employment Accessibility | Q1: Min EA, E
A2: Area | B2: S_n | D2: C1 | E2: S_a | F2: R_a | G2: A_30 | H2: D_UA | L2: =MIN(J2,K2) -> 0 | M2: .
A3: Atlanta | B3: 57.036474 | C3: 70.725228 | D3: 1.2545032 | E3: =B3/D3 -> 45.465387 | F3: =E3*0.5 -> 22.732694 | G3: =PI()*F3^2 -> 1623.4977 | H3: =J3/I3 -> 1103.9402 | I3: 2944 | J3: 3250000 | K3: =G3*H3 -> 1792244.4 | L3: =MIN(J3,K3) -> 1792244.4 | M3: . | N3: =O3/I3 -> 643.62636 | O3: 1894836 | P3: =G3*N3 -> 1044925.9 | Q3: =MIN(P3,O3) -> 1044925.9
A4: Austin* | B4: 62.912833 | C4: 73.608014 | D4: 1.3588387 | E4: =B4/D4 -> 46.298972 | F4: =E4*0.5 -> 23.149486 | G4: =PI()*F4^2 -> 1683.5754 | H4: =J4/I4 -> 1074.2049 | I4: 707.5 | J4: 760000 | K4: =G4*H4 -> 1808505 | L4: =MIN(J4,K4) -> 760000 | M4: . | N4: =O4/I4 -> 678.06502 | O4: 479731 | P4: =G4*N4 -> 1141573.6 | Q4: =MIN(P4,O4) -> 479731
A5: Baltimore | B5: 60.832586 | C5: 72.390778 | D5: 1.252585 | E5: =B5/D5 -> 48.565634 | F5: =E5*0.5 -> 24.282817 | G5: =PI()*F5^2 -> 1852.4565 | H5: =J5/I5 -> 1394.5911 | I5: 1534.5 | J5: 2140000 | K5: =G5*H5 -> 2583419.3 | L5: =MIN(J5,K5) -> 2140000 | M5: . | N5: =O5/I5 -> 646.30108 | O5: 991749 | P5: =G5*N5 -> 1197244.6 | Q5: =MIN(P5,O5) -> 991749
A6: Boston | B6: 59.830799 | C6: 71.198651 | D6: 1.2257226 | E6: =B6/D6 -> 48.812674 | F6: =E6*0.5 -> 24.406337 | G6: =PI()*F6^2 -> 1871.3502 | H6: =J6/I6 -> 1594.3159 | I6: 2308.2 | J6: 3680000 | K6: =G6*H6 -> 2983523.4 | L6: =MIN(J6,K6) -> 2983523.4 | M6: . | N6: =O6/I6 -> 1247.0938 | O6: 2878542 | P6: =G6*N6 -> 2333749.3 | Q6: =MIN(P6,O6) -> 2333749.3
A7: Buffalo | B7: 66.3074 | C7: 68.959696 | D7: 1.2376013 | E7: =B7/D7 -> 53.57735 | F7: =E7*0.5 -> 26.788675 | G7: =PI()*F7^2 -> 2254.5109 | H7: =J7/I7 -> 1446.9236 | I7: 739.5 | J7: 1070000 | K7: =G7*H7 -> 3262105 | L7: =MIN(J7,K7) -> 1070000 | M7: . | N7: =O7/I7 -> 630.65585 | O7: 466370 | P7: =G7*N7 -> 1421820.5 | Q7: =MIN(P7,O7) -> 466370
A8: Charlotte | B8: 61.905551 | C8: 69.953273 | D8: 1.2806694 | E8: =B8/D8 -> 48.338432 | F8: =E8*0.5 -> 24.169216 | G8: =PI()*F8^2 -> 1835.1645 | H8: =J8/I8 -> 1054.1447 | I8: 626.1 | J8: 660000 | K8: =G8*H8 -> 1934528.9 | L8: =MIN(J8,K8) -> 660000 | M8: . | N8: =O8/I8 -> 1161.0174 | O8: 726913 | P8: =G8*N8 -> 2130657.9 | Q8: =MIN(P8,O8) -> 726913
A9: Chicago | B9: 54.90711 | C9: 71.379243 | D9: 1.2306496 | E9: =B9/D9 -> 44.616363 | F9: =E9*0.5 -> 22.308182 | G9: =PI()*F9^2 -> 1563.4292 | H9: =J9/I9 -> 1887.2752 | I9: 4103.8 | J9: 7745000 | K9: =G9*H9 -> 2950621.2 | L9: =MIN(J9,K9) -> 2950621.2 | M9: . | N9: =O9/I9 -> 977.85272 | O9: =3741075+224929+46908 -> 4012912 | P9: =G9*N9 -> 1528803.5 | Q9: =MIN(P9,O9) -> 1528803.5
A10: Cincinnati | B10: 64.694239 | C10: 75.045318 | D10: 1.3292592 | E10: =B10/D10 -> 48.669394 | F10: =E10*0.5 -> 24.334697 | G10: =PI()*F10^2 -> 1860.3804 | H10: =J10/I10 -> 980.984 | I10: 1325.2 | J10: 1300000 | K10: =G10*H10 -> 1825003.4 | L10: =MIN(J10,K10) -> 1300000 | M10: . | N10: =O10/I10 -> 673.15801 | O10: =789795+102274 -> 892069 | P10: =G10*N10 -> 1252330 | Q10: =MIN(P10,O10) -> 892069
A11: Cleveland | B11: 68.272477 | C11: 75.78245 | D11: 1.2227035 | E11: =B11/D11 -> 55.837312 | F11: =E11*0.5 -> 27.918656 | G11: =PI()*F11^2 -> 2448.7187 | H11: =J11/I11 -> 1074.6812 | I11: 1647 | J11: 1770000 | K11: =G11*H11 -> 2631592 | L11: =MIN(J11,K11) -> 1770000 | M11: . | N11: =O11/I11 -> 633.32848 | O11: 1043092 | P11: =G11*N11 -> 1550843.3 | Q11: =MIN(P11,O11) -> 1043092
A12: Columbus | B12: 64.21199 | C12: 73.843788 | D12: 1.2387292 | E12: =B12/D12 -> 51.836988 | F12: =E12*0.5 -> 25.918494 | G12: =PI()*F12^2 -> 2110.4224 | H12: =J12/I12 -> 1130.6392 | I12: 893.3 | J12: 1010000 | K12: =G12*H12 -> 2386126.3 | L12: =MIN(J12,K12) -> 1010000 | M12: . | N12: =O12/I12 -> 810.5295 | O12: 724046 | P12: =G12*N12 -> 1710559.6 | Q12: =MIN(P12,O12) -> 724046
A13: Dallas-Fort Worth | B13: 62.831555 | C13: 72.884604 | D13: 1.2669463 | E13: =B13/D13 -> 49.592911 | F13: =E13*0.5 -> 24.796456 | G13: =PI()*F13^2 -> 1931.6529 | H13: =J13/I13 -> 936.45485 | I13: 3737.5 | J13: 3500000 | K13: =G13*H13 -> 1808905.7 | L13: =MIN(J13,K13) -> 1808905.7 | M13: . | N13: =O13/I13 -> 638.19746 | O13: =1747902+637361 -> 2385263 | P13: =G13*N13 -> 1232776 | Q13: =MIN(P13,O13) -> 1232776
A14: Denver | B14: 57.288368 | C14: 69.891808 | D14: 1.3381636 | E14: =B14/D14 -> 42.811183 | F14: =E14*0.5 -> 21.405592 | G14: =PI()*F14^2 -> 1439.4757 | H14: =J14/I14 -> 1455.7388 | I14: 1188.4 | J14: 1730000 | K14: =G14*H14 -> 2095500.6 | L14: =MIN(J14,K14) -> 1730000 | M14: . | N14: =O14/I14 -> 816.15113 | O14: 969914 | P14: =G14*N14 -> 1174829.7 | Q14: =MIN(P14,O14) -> 969914
A15: Detroit | B15: 53.475546 | C15: 67.379188 | D15: 1.239001 | E15: =B15/D15 -> 43.160214 | F15: =E15*0.5 -> 21.580107 | G15: =PI()*F15^2 -> 1463.0429 | H15: =J15/I15 -> 1384.7693 | I15: 2899.4 | J15: 4015000 | K15: =G15*H15 -> 2025976.8 | L15: =MIN(J15,K15) -> 2025976.8 | M15: . | N15: =O15/I15 -> 664.662 | O15: 1927121 | P15: =G15*N15 -> 972429 | Q15: =MIN(P15,O15) -> 972429
A16: Grand Rapids* | B16: 60.555305 | C16: 66.005283 | D16: 1.2825248 | E16: =B16/D16 -> 47.215698 | F16: =E16*0.5 -> 23.607849 | G16: =PI()*F16^2 -> 1750.9055 | H16: =J16/I16 -> 830.16257 | I16: 578.2 | J16: 480000 | K16: =G16*H16 -> 1453536.2 | L16: =MIN(J16,K16) -> 480000 | M16: . | N16: =O16/I16 -> 892.0339 | O16: 515774 | P16: =G16*N16 -> 1561867 | Q16: =MIN(P16,O16) -> 515774
A17: Hampton Roads | B17: 59.158545 | C17: 68.032326 | D17: 1.3437943 | E17: =B17/D17 -> 44.023514 | F17: =E17*0.5 -> 22.011757 | G17: =PI()*F17^2 -> 1522.1564 | H17: =J17/I17 -> 823.20088 | I17: 1718.9 | J17: 1415000 | K17: =G17*H17 -> 1253040.5 | L17: =MIN(J17,K17) -> 1253040.5 | M17: . | N17: =O17/I17 -> 318.17034 | O17: 546903 | P17: =G17*N17 -> 484305.03 | Q17: =MIN(P17,O17) -> 484305.03
A18: Hartford | B18: 70.476777 | C18: 76.11492 | D18: 1.3223702 | E18: =B18/D18 -> 53.2958 | F18: =E18*0.5 -> 26.6479 | G18: =PI()*F18^2 -> 2230.8782 | H18: =J18/I18 -> 1344.2151 | I18: 624.9 | J18: 840000 | K18: =G18*H18 -> 2998780.1 | L18: =MIN(J18,K18) -> 840000 | M18: . | N18: =O18/I18 -> 872.53321 | O18: 545246 | P18: =G18*N18 -> 1946515.3 | Q18: =MIN(P18,O18) -> 545246
A19: Honolulu* | B19: 62.589105 | C19: 75.732818 | D19: 1.3847021 | E19: =B19/D19 -> 45.200411 | F19: =E19*0.5 -> 22.600205 | G19: =PI()*F19^2 -> 1604.629 | H19: =J19/I19 -> 1948.7751 | I19: 359.2 | J19: 700000 | K19: =G19*H19 -> 3127061 | L19: =MIN(J19,K19) -> 700000 | M19: . | N19: =O19/I19 -> 861.60078 | O19: 309487 | P19: =G19*N19 -> 1382549.6 | Q19: =MIN(P19,O19) -> 309487
A20: Houston | B20: 61.72194 | C20: 73.449109 | D20: 1.3274916 | E20: =B20/D20 -> 46.495165 | F20: =E20*0.5 -> 23.247582 | G20: =PI()*F20^2 -> 1697.874 | H20: =J20/I20 -> 996.95012 | I20: 3049.3 | J20: 3040000 | K20: =G20*H20 -> 1692695.7 | L20: =MIN(J20,K20) -> 1692695.7 | M20: . | N20: =O20/I20 -> 577.52173 | O20: 1761037 | P20: =G20*N20 -> 980559.14 | Q20: =MIN(P20,O20) -> 980559.14
A21: Indianapolis | B21: 56.481833 | C21: 70.037473 | D21: 1.2722485 | E21: =B21/D21 -> 44.395284 | F21: =E21*0.5 -> 22.197642 | G21: =PI()*F21^2 -> 1547.9736 | H21: =J21/I21 -> 811.10013 | I21: 1214.4 | J21: 985000 | K21: =G21*H21 -> 1255561.6 | L21: =MIN(J21,K21) -> 985000 | M21: . | N21: =O21/I21 -> 628.12912 | O21: 762800 | P21: =G21*N21 -> 972327.29 | Q21: =MIN(P21,O21) -> 762800
A22: Inland Empire | B22: 63.440181 | C22: 74.225012 | D22: 1.3453292 | E22: =B22/D22 -> 47.15588 | F22: =E22*0.5 -> 23.57794 | G22: =PI()*F22^2 -> 1746.4718 | H22: =J22/I22 -> 1191.6751 | I22: 1191.6 | J22: 1420000 | K22: =G22*H22 -> 2081226.9 | L22: =MIN(J22,K22) -> 1420000 | M22: . | N22: =O22/I22 -> 643.63293 | O22: 766953 | P22: =G22*N22 -> 1124086.8 | Q22: =MIN(P22,O22) -> 766953
A23: Jacksonville* | B23: 57.215795 | C23: 68.658954 | D23: 1.3671479 | E23: =B23/D23 -> 41.85048 | F23: =E23*0.5 -> 20.92524 | G23: =PI()*F23^2 -> 1375.5955 | H23: =J23/I23 -> 612.21386 | I23: 1314.9 | J23: 805000 | K23: =G23*H23 -> 842158.66 | L23: =MIN(J23,K23) -> 805000 | M23: . | N23: =O23/I23 -> 349.42505 | O23: 459459 | P23: =G23*N23 -> 480667.55 | Q23: =MIN(P23,O23) -> 459459
A24: Kansas City | B24: 68.436669 | C24: 73.227236 | D24: 1.282665 | E24: =B24/D24 -> 53.355062 | F24: =E24*0.5 -> 26.677531 | G24: =PI()*F24^2 -> 2235.8421 | H24: =J24/I24 -> 674.06619 | I24: 1973.1 | J24: 1330000 | K24: =G24*H24 -> 1507105.6 | L24: =MIN(J24,K24) -> 1330000 | M24: . | N24: =O24/I24 -> 418.47397 | O24: 825691 | P24: =G24*N24 -> 935641.74 | Q24: =MIN(P24,O24) -> 825691
A25: Las Vegas | B25: 52.889872 | C25: 65.583442 | D25: 1.3334071 | E25: =B25/D25 -> 39.66521 | F25: =E25*0.5 -> 19.832605 | G25: =PI()*F25^2 -> 1235.6896 | H25: =J25/I25 -> 1595.2981 | I25: 595.5 | J25: 950000 | K25: =G25*H25 -> 1971293.3 | L25: =MIN(J25,K25) -> 950000 | M25: . | N25: =O25/I25 -> 983.45256 | O25: 585646 | P25: =G25*N25 -> 1215242.1 | Q25: =MIN(P25,O25) -> 585646
A26: Los Angeles | B26: 50.562417 | C26: 71.798632 | D26: 1.2409046 | E26: =B26/D26 -> 40.746416 | F26: =E26*0.5 -> 20.373208 | G26: =PI()*F26^2 -> 1303.9734 | H26: =J26/I26 -> 2374.6391 | I26: 5091.3 | J26: 12090000 | K26: =G26*H26 -> 3096466.1 | L26: =MIN(J26,K26) -> 3096466.1 | M26: . | N26: =O26/I26 -> 975.70581 | O26: =3693537+1274074 -> 4967611 | P26: =G26*N26 -> 1272294.4 | Q26: =MIN(P26,O26) -> 1272294.4
A27: Louisville* | B27: 61.310499 | C27: 71.120178 | D27: 1.3589322 | E27: =B27/D27 -> 45.116672 | F27: =E27*0.5 -> 22.558336 | G27: =PI()*F27^2 -> 1598.689 | H27: =J27/I27 -> 1127.3572 | I27: 731.8 | J27: 825000 | K27: =G27*H27 -> 1802293.6 | L27: =MIN(J27,K27) -> 825000 | M27: . | N27: =O27/I27 -> 674.68844 | O27: 493737 | P27: =G27*N27 -> 1078617 | Q27: =MIN(P27,O27) -> 493737
A28: Memphis | B28: 58.655633 | C28: 65.107753 | D28: 1.331226 | E28: =B28/D28 -> 44.061364 | F28: =E28*0.5 -> 22.030682 | G28: =PI()*F28^2 -> 1524.775 | H28: =J28/I28 -> 1052.8699 | I28: 883.3 | J28: 930000 | K28: =G28*H28 -> 1605389.7 | L28: =MIN(J28,K28) -> 930000 | M28: . | N28: =O28/I28 -> 578.7275 | O28: 511190 | P28: =G28*N28 -> 882429.21 | Q28: =MIN(P28,O28) -> 511190
A29: Milwaukee | B29: 59.418221 | C29: 67.14259 | D29: 1.2176021 | E29: =B29/D29 -> 48.799376 | F29: =E29*0.5 -> 24.399688 | G29: =PI()*F29^2 -> 1870.3308 | H29: =J29/I29 -> 942.68477 | I29: 1326 | J29: 1250000 | K29: =G29*H29 -> 1763132.3 | L29: =MIN(J29,K29) -> 1250000 | M29: . | N29: =O29/I29 -> 580.19759 | O29: 769342 | P29: =G29*N29 -> 1085161.4 | Q29: =MIN(P29,O29) -> 769342
A30: Minneapolis-St.Paul | B30: 61.666325 | C30: 72.1496 | D30: 1.2383391 | E30: =B30/D30 -> 49.797608 | F30: =E30*0.5 -> 24.898804 | G30: =PI()*F30^2 -> 1947.6317 | H30: =J30/I30 -> 806.36374 | I30: 2753.1 | J30: 2220000 | K30: =G30*H30 -> 1570499.6 | L30: =MIN(J30,K30) -> 1570499.6 | M30: . | N30: =O30/I30 -> 558.99059 | O30: 1538957 | P30: =G30*N30 -> 1088707.8 | Q30: =MIN(P30,O30) -> 1088707.8
A31: Nashville | B31: 63.173996 | C31: 71.386616 | D31: 1.3533327 | E31: =B31/D31 -> 46.680315 | F31: =E31*0.5 -> 23.340157 | G31: =PI()*F31^2 -> 1711.4233 | H31: =J31/I31 -> 511.10046 | I31: 1252.2 | J31: 640000 | K31: =G31*H31 -> 874709.22 | L31: =MIN(J31,K31) -> 640000 | M31: . | N31: =O31/I31 -> 488.76777 | O31: 612035 | P31: =G31*N31 -> 836488.53 | Q31: =MIN(P31,O31) -> 612035
A32: New Orleans | B32: 58.965102 | C32: 67.809867 | D32: 1.3763526 | E32: =B32/D32 -> 42.841567 | F32: =E32*0.5 -> 21.420784 | G32: =PI()*F32^2 -> 1441.5197 | H32: =J32/I32 -> 1551.1079 | I32: 699.5 | J32: 1085000 | K32: =G32*H32 -> 2235952.6 | L32: =MIN(J32,K32) -> 1085000 | M32: . | N32: =O32/I32 -> 763.52538 | O32: 534086 | P32: =G32*N32 -> 1100636.9 | Q32: =MIN(P32,O32) -> 534086
A33: New York | B33: 58.662283 | C33: 72.154609 | D33: 1.2603547 | E33: =B33/D33 -> 46.544265 | F33: =E33*0.5 -> 23.272132 | G33: =PI()*F33^2 -> 1701.4619 | H33: =J33/I33 -> 2117.6348 | I33: 7683.1 | J33: 16270000 | K33: =G33*H33 -> 3603074.9 | L33: =MIN(J33,K33) -> 3603074.9 | M33: . | N33: =O33/I33 -> 958.84916 | O33: =3557965+617736+210152+305726+1019809+895963+759583 -> 7366934 | P33: =G33*N33 -> 1631445.3 | Q33: =MIN(P33,O33) -> 1631445.3
A34: Oklahoma City | B34: 65.428156 | C34: 70.008126 | D34: 1.2964578 | E34: =B34/D34 -> 50.466863 | F34: =E34*0.5 -> 25.233431 | G34: =PI()*F34^2 -> 2000.3339 | H34: =J34/I34 -> 447.68101 | I34: 1675.3 | J34: 750000 | K34: =G34*H34 -> 895511.51 | L34: =MIN(J34,K34) -> 750000 | M34: . | N34: =O34/I34 -> 254.5365 | O34: 426425 | P34: =G34*N34 -> 509157.99 | Q34: =MIN(P34,O34) -> 426425
A35: Orlando | B35: 51.610671 | C35: 65.029445 | D35: 1.3247336 | E35: =B35/D35 -> 38.959283 | F35: =E35*0.5 -> 19.479641 | G35: =PI()*F35^2 -> 1192.0975 | H35: =J35/I35 -> 1012.6211 | I35: 1022.1 | J35: 1035000 | K35: =G35*H35 -> 1207143.1 | L35: =MIN(J35,K35) -> 1035000 | M35: . | N35: =O35/I35 -> 729.77693 | O35: 745905 | P35: =G35*N35 -> 869965.28 | Q35: =MIN(P35,O35) -> 745905
A36: Philadelphia | B36: 57.527408 | C36: 67.307067 | D36: 1.2151793 | E36: =B36/D36 -> 47.340674 | F36: =E36*0.5 -> 23.670337 | G36: =PI()*F36^2 -> 1760.1868 | H36: =J36/I36 -> 1548.768 | I36: 3015.3 | J36: 4670000 | K36: =G36*H36 -> 2726120.9 | L36: =MIN(J36,K36) -> 2726120.9 | M36: . | N36: =O36/I36 -> 794.65194 | O36: =2112593+283521 -> 2396114 | P36: =G36*N36 -> 1398735.9 | Q36: =MIN(P36,O36) -> 1398735.9
A37: Phoenix | B37: 55.217531 | C37: 64.604512 | D37: 1.3855039 | E37: =B37/D37 -> 39.853755 | F37: =E37*0.5 -> 19.926878 | G37: =PI()*F37^2 -> 1247.465 | H37: =J37/I37 -> 1156.6114 | I37: 1919.4 | J37: 2220000 | K37: =G37*H37 -> 1442832.3 | L37: =MIN(J37,K37) -> 1442832.3 | M37: . | N37: =O37/I37 -> 663.90487 | O37: 1274299 | P37: =G37*N37 -> 828198.1 | Q37: =MIN(P37,O37) -> 828198.1
A38: Pittsburgh | B38: 60.206378 | C38: 66.227016 | D38: 1.3073565 | E38: =B38/D38 -> 46.051996 | F38: =E38*0.5 -> 23.025998 | G38: =PI()*F38^2 -> 1665.6617 | H38: =J38/I38 -> 880.80588 | I38: 2015.2 | J38: 1775000 | K38: =G38*H38 -> 1467124.6 | L38: =MIN(J38,K38) -> 1467124.6 | M38: . | N38: =O38/I38 -> 499.64371 | O38: 1006882 | P38: =G38*N38 -> 832237.37 | Q38: =MIN(P38,O38) -> 832237.37
A39: Portland | B39: 60.024289 | C39: 72.029147 | D39: 1.4034944 | E39: =B39/D39 -> 42.767743 | F39: =E39*0.5 -> 21.383871 | G39: =PI()*F39^2 -> 1436.5559 | H39: =J39/I39 -> 1323.5148 | I39: 1004.9 | J39: 1330000 | K39: =G39*H39 -> 1901303 | L39: =MIN(J39,K39) -> 1330000 | M39: . | N39: =O39/I39 -> 831.47477 | O39: 835549 | P39: =G39*N39 -> 1194460 | Q39: =MIN(P39,O39) -> 835549
A40: Providence* | B40: 67.445743 | C40: 72.841403 | D40: 1.2391401 | E40: =B40/D40 -> 54.429474 | F40: =E40*0.5 -> 27.214737 | G40: =PI()*F40^2 -> 2326.7951 | H40: =J40/I40 -> 1480.0931 | I40: 773.6 | J40: 1145000 | K40: =G40*H40 -> 3443873.4 | L40: =MIN(J40,K40) -> 1145000 | M40: . | N40: =O40/I40 -> 485.89452 | O40: 375888 | P40: =G40*N40 -> 1130577 | Q40: =MIN(P40,O40) -> 375888
A41: Raleigh* | B41: 61.558628 | C41: 68.330077 | D41: 1.2413604 | E41: =B41/D41 -> 49.58965 | F41: =E41*0.5 -> 24.794825 | G41: =PI()*F41^2 -> 1931.3989 | H41: =J41/I41 -> 1338.6 | I41: 455.7 | J41: 610000 | K41: =G41*H41 -> 2585370.4 | L41: =MIN(J41,K41) -> 610000 | M41: . | N41: =O41/I41 -> 1185.3237 | O41: 540152 | P41: =G41*N41 -> 2289332.8 | Q41: =MIN(P41,O41) -> 540152
A42: Rochester | B42: 71.963113 | C42: 75.561269 | D42: 1.2570038 | E42: =B42/D42 -> 57.249718 | F42: =E42*0.5 -> 28.624859 | G42: =PI()*F42^2 -> 2574.1662 | H42: =J42/I42 -> 1096.6836 | I42: 569.9 | J42: 625000 | K42: =G42*H42 -> 2823046 | L42: =MIN(J42,K42) -> 625000 | M42: . | N42: =O42/I42 -> 799.00333 | O42: 455352 | P42: =G42*N42 -> 2056767.4 | Q42: =MIN(P42,O42) -> 455352
A43: Sacramento | B43: 57.718159 | C43: 69.26179 | D43: 1.4511941 | E43: =B43/D43 -> 39.772873 | F43: =E43*0.5 -> 19.886437 | G43: =PI()*F43^2 -> 1242.4068 | H43: =J43/I43 -> 1434.0234 | I43: 864.7 | J43: 1240000 | K43: =G43*H43 -> 1781640.3 | L43: =MIN(J43,K43) -> 1240000 | M43: . | N43: =O43/I43 -> 583.35492 | O43: 504427 | P43: =G43*N43 -> 724764.1 | Q43: =MIN(P43,O43) -> 504427
A44: Salt Lake City | B44: 58.266152 | C44: 69.33672 | D44: 1.3833656 | E44: =B44/D44 -> 42.119126 | F44: =E44*0.5 -> 21.059563 | G44: =PI()*F44^2 -> 1393.3127 | H44: =J44/I44 -> 1268.8041 | I44: 658.1 | J44: 835000 | K44: =G44*H44 -> 1767840.9 | L44: =MIN(J44,K44) -> 835000 | M44: . | N44: =O44/I44 -> 896.24677 | O44: 589820 | P44: =G44*N44 -> 1248752 | Q44: =MIN(P44,O44) -> 589820
A45: San Antonio | B45: 68.258758 | C45: 75.084634 | D45: 1.3944577 | E45: =B45/D45 -> 48.950039 | F45: =E45*0.5 -> 24.475019 | G45: =PI()*F45^2 -> 1881.8975 | H45: =J45/I45 -> 1075.3636 | I45: 1134.5 | J45: 1220000 | K45: =G45*H45 -> 2023724 | L45: =MIN(J45,K45) -> 1220000 | M45: . | N45: =O45/I45 -> 504.97752 | O45: 572897 | P45: =G45*N45 -> 950315.93 | Q45: =MIN(P45,O45) -> 572897
A46: San Diego | B46: 61.114708 | C46: 73.948797 | D46: 1.4004145 | E46: =B46/D46 -> 43.640443 | F46: =E46*0.5 -> 21.820222 | G46: =PI()*F46^2 -> 1495.7816 | H46: =J46/I46 -> 1429.3706 | I46: 1787.5 | J46: 2555000 | K46: =G46*H46 -> 2138026.3 | L46: =MIN(J46,K46) -> 2138026.3 | M46: . | N46: =O46/I46 -> 537.63021 | O46: 961014 | P46: =G46*N46 -> 804177.38 | Q46: =MIN(P46,O46) -> 804177.38
A47: San Francisco | B47: 56.191337 | C47: 74.172565 | D47: 1.4169329 | E47: =B47/D47 -> 39.657022 | F47: =E47*0.5 -> 19.828511 | G47: =PI()*F47^2 -> 1235.1795 | H47: =J47/I47 -> 1713.8566 | I47: 2263.9 | J47: 3880000 | K47: =G47*H47 -> 2116920.5 | L47: =MIN(J47,K47) -> 2116920.5 | M47: . | N47: =O47/I47 -> 816.73395 | O47: =962037+886967 -> 1849004 | P47: =G47*N47 -> 1008813 | Q47: =MIN(P47,O47) -> 1008813
A48: San Jose | B48: 57.512041 | C48: 71.314931 | D48: 1.4152399 | E48: =B48/D48 -> 40.637662 | F48: =E48*0.5 -> 20.318831 | G48: =PI()*F48^2 -> 1297.0219 | H48: =J48/I48 -> 1768.1953 | I48: 876.6 | J48: 1550000 | K48: =G48*H48 -> 2293388 | L48: =MIN(J48,K48) -> 1550000 | M48: . | N48: =O48/I48 -> 1079.5836 | O48: 946363 | P48: =G48*N48 -> 1400243.6 | Q48: =MIN(P48,O48) -> 946363
A49: Seattle | B49: 56.598099 | C49: 73.011548 | D49: 1.4075781 | E49: =B49/D49 -> 40.209563 | F49: =E49*0.5 -> 20.104782 | G49: =PI()*F49^2 -> 1269.8388 | H49: =J49/I49 -> 1664.8059 | I49: 1522.7 | J49: 2535000 | K49: =G49*H49 -> 2114035.2 | L49: =MIN(J49,K49) -> 2114035.2 | M49: . | N49: =O49/I49 -> 892.90668 | O49: =1169062 +190567 -> 1359629 | P49: =G49*N49 -> 1133847.5 | Q49: =MIN(P49,O49) -> 1133847.5
A50: South Florida | B50: 55.648504 | C50: 69.56063 | D50: 1.2685017 | E50: =B50/D50 -> 43.869474 | F50: =E50*0.5 -> 21.934737 | G50: =PI()*F50^2 -> 1511.5229 | H50: =J50/I50 -> 4685.7894 | I50: 913.4 | J50: 4280000 | K50: =G50*H50 -> 7082677.9 | L50: =MIN(J50,K50) -> 4280000 | M50: . | N50: =O50/I50 -> 1556.351 | O50: =835903+585668 -> 1421571 | P50: =G50*N50 -> 2352460.2 | Q50: =MIN(P50,O50) -> 1421571
A51: St. Louis | B51: 61.48109 | C51: 72.547686 | D51: 1.358629 | E51: =B51/D51 -> 45.252303 | F51: =E51*0.5 -> 22.626151 | G51: =PI()*F51^2 -> 1608.3155 | H51: =J51/I51 -> 1057.7943 | I51: 1886 | J51: 1995000 | K51: =G51*H51 -> 1701266.9 | L51: =MIN(J51,K51) -> 1701266.9 | M51: . | N51: =O51/I51 -> 632.73118 | O51: 1193331 | P51: =G51*N51 -> 1017631.4 | Q51: =MIN(P51,O51) -> 1017631.4
A52: Tampa Bay | B52: 49.704385 | C52: 64.118657 | D52: 1.2742559 | E52: =B52/D52 -> 39.006595 | F52: =E52*0.5 -> 19.503298 | G52: =PI()*F52^2 -> 1194.9947 | H52: =J52/I52 -> 1087.5379 | I52: 1682.7 | J52: 1830000 | K52: =G52*H52 -> 1299602 | L52: =MIN(J52,K52) -> 1299602 | M52: . | N52: =O52/I52 -> 580.54496 | O52: 976883 | P52: =G52*N52 -> 693748.13 | Q52: =MIN(P52,O52) -> 693748.13
A53: Washington | B53: 53.455408 | C53: 69.492031 | D53: 1.2938832 | E53: =B53/D53 -> 41.313936 | F53: =E53*0.5 -> 20.656968 | G53: =PI()*F53^2 -> 1340.5501 | H53: =J53/I53 -> 1434.644 | I53: 2446.6 | J53: 3510000 | K53: =G53*H53 -> 1923212.1 | L53: =MIN(J53,K53) -> 1923212.1 | M53: . | N53: =O53/I53 -> 840.12875 | O53: 2055459 | P53: =G53*N53 -> 1126234.6 | Q53: =MIN(P53,O53) -> 1126234.6
A55: Notes:
A56: 1 Circuity is from a sample of OD points with network distance matched to average commute distance
A57: * Circuitry is from 2001 commute distance; 1995 commute distance unavailable
A59: Data Sources:
A60: Network Speed (congested), Network Speed (freeflow), Population: TTI complete data 1982-2007 (calculated from 1995 values only)
A61: Circuity: Networks are Census Tiger 2008 county-level shapefiles merged together, commute distances are from 1995 NPTS
A62: Urbanized Area: Census 1990 Population and Housing Unit Counts (census.gov)
A63: Employment: 1998 MSA Business Patterns (NAICS - from Censtats)

Sheet 2001
B1: Network Speed (congested) [km/h] | C1: Network Speed (freeflow) [km/h] | D1: Circuity [ ] | E1: Average Airline Speed [km/h] | F1: Airline Radius [km] | G1: Area covered in 30 mins [km2] | H1: Urbanized area density [people/km2] | I1: Urbanized Area [km2] | J1: Population | K1: Accessibility | L1: MinPA,P | M1: . | N1: Employment Density | O1: Employment | P1: Employment Accessibility | Q1: Min EA, E
A2: Area | B2: S_n | D2: C2 | E2: S_a | F2: R_a | G2: A_30 | H2: D_UA | L2: =MIN(J2,K2) -> 0 | Q2: =MIN(P2,O2) -> 0
A3: Atlanta | B3: 52.31679 | C3: 68.53499 | D3: 1.2545032 | E3: =B3/D3 -> 41.703194 | F3: =E3*0.5 -> 20.851597 | G3: =PI()*F3^2 -> 1365.9302 | H3: 540.543 | I3: 5083.0589 | J3: 3850000 | K3: =G3*H3 -> 738344.01 | L3: =MIN(J3,K3) -> 738344.01 | M3: . | N3: =O3/I3 -> 418.87927 | O3: 2129188 | P3: =G3*N3 -> 572159.85 | Q3: =MIN(P3,O3) -> 572159.85
A4: Austin | B4: 53.19888 | C4: 67.56258 | D4: 1.3588387 | E4: =B4/D4 -> 39.150255 | F4: =E4*0.5 -> 19.575128 | G4: =PI()*F4^2 -> 1203.8131 | H4: 741.3162 | I4: 823.94448 | J4: 960000 | K4: =G4*H4 -> 892406.17 | L4: =MIN(J4,K4) -> 892406.17 | M4: . | N4: =O4/I4 -> 704.51955 | O4: 580485 | P4: =G4*N4 -> 848109.88 | Q4: =MIN(P4,O4) -> 580485
A5: Baltimore | B5: 57.5626 | C5: 71.37762 | D5: 1.252585 | E5: =B5/D5 -> 45.955044 | F5: =E5*0.5 -> 22.977522 | G5: =PI()*F5^2 -> 1658.6557 | H5: 1130.18 | I5: 1768.2607 | J5: 2210000 | K5: =G5*H5 -> 1874579.5 | L5: =MIN(J5,K5) -> 1874579.5 | M5: . | N5: =O5/I5 -> 601.54252 | O5: 1063684 | P5: =G5*N5 -> 997751.95 | Q5: =MIN(P5,O5) -> 997751.95
A6: Boston | B6: 60.28802 | C6: 74.15427 | D6: 1.2192841 | E6: =B6/D6 -> 49.445425 | F6: =E6*0.5 -> 24.722712 | G6: =PI()*F6^2 -> 1920.1807 | H6: 780.1243 | I6: 4496.6741 | J6: 3940000 | K6: =G6*H6 -> 1497979.6 | L6: =MIN(J6,K6) -> 1497979.6 | M6: . | N6: =O6/I6 -> 683.91236 | O6: 3075331 | P6: =G6*N6 -> 1313235.3 | Q6: =MIN(P6,O6) -> 1313235.3
A7: Buffalo | B7: 60.07548 | C7: 64.28076 | D7: 1.2197721 | E7: =B7/D7 -> 49.251397 | F7: =E7*0.5 -> 24.625699 | G7: =PI()*F7^2 -> 1905.1404 | H7: 742.2481 | I7: 949.73302 | J7: 1115000 | K7: =G7*H7 -> 1414086.9 | L7: =MIN(J7,K7) -> 1115000 | M7: . | N7: =O7/I7 -> 500.80074 | O7: 475627 | P7: =G7*N7 -> 954095.74 | Q7: =MIN(P7,O7) -> 475627
A8: Charlotte | B8: 54.73937 | C8: 66.78204 | D8: 1.232499 | E8: =B8/D8 -> 44.413317 | F8: =E8*0.5 -> 22.206659 | G8: =PI()*F8^2 -> 1549.2314 | H8: 612.8043 | I8: 1126.4161 | J8: 865000 | K8: =G8*H8 -> 949375.69 | L8: =MIN(J8,K8) -> 865000 | M8: . | N8: =O8/I8 -> 720.43269 | O8: 811507 | P8: =G8*N8 -> 1116117 | Q8: =MIN(P8,O8) -> 811507
A9: Chicago | B9: 47.50277 | C9: 64.12874 | D9: 1.2285083 | E9: =B9/D9 -> 38.667032 | F9: =E9*0.5 -> 19.333516 | G9: =PI()*F9^2 -> 1174.2797 | H9: 1111.92 | I9: 5498.057 | J9: 8150000 | K9: =G9*H9 -> 1305705.1 | L9: =MIN(J9,K9) -> 1305705.1 | M9: . | N9: =O9/I9 -> 762.04903 | O9: =3915405+225650+48734 -> 4189789 | P9: =G9*N9 -> 894858.73 | Q9: =MIN(P9,O9) -> 894858.73
A10: Cincinnati | B10: 59.70134 | C10: 70.44758 | D10: 1.3292592 | E10: =B10/D10 -> 44.913242 | F10: =E10*0.5 -> 22.456621 | G10: =PI()*F10^2 -> 1584.3046 | H10: 725.1187 | I10: 1739.8649 | J10: 1540000 | K10: =G10*H10 -> 1148808.9 | L10: =MIN(J10,K10) -> 1148808.9 | M10: . | N10: =O10/I10 -> 537.37105 | O10: =820201+114752 -> 934953 | P10: =G10*N10 -> 851359.42 | Q10: =MIN(P10,O10) -> 851359.42
A11: Cleveland | B11: 62.77554 | C11: 69.05309 | D11: 1.1958825 | E11: =B11/D11 -> 52.493067 | F11: =E11*0.5 -> 26.246533 | G11: =PI()*F11^2 -> 2164.182 | H11: 820.467 | I11: 1675.7263 | J11: 1785000 | K11: =G11*H11 -> 1775639.9 | L11: =MIN(J11,K11) -> 1775639.9 | M11: . | N11: =O11/I11 -> 643.10978 | O11: 1077676 | P11: =G11*N11 -> 1391806.6 | Q11: =MIN(P11,O11) -> 1077676
A12: Columbus | B12: 60.79675 | C12: 71.13219 | D12: 1.2517998 | E12: =B12/D12 -> 48.56747 | F12: =E12*0.5 -> 24.283735 | G12: =PI()*F12^2 -> 1852.5965 | H12: 793.0747 | I12: 1030.0578 | J12: 1140000 | K12: =G12*H12 -> 1469247.4 | L12: =MIN(J12,K12) -> 1140000 | M12: . | N12: =O12/I12 -> 750.93647 | O12: 773508 | P12: =G12*N12 -> 1391182.3 | Q12: =MIN(P12,O12) -> 773508
A13: Dallas-Fort Worth | B13: 56.96404 | C13: 70.06577 | D13: 1.2688045 | E13: =B13/D13 -> 44.895839 | F13: =E13*0.5 -> 22.447919 | G13: =PI()*F13^2 -> 1583.0771 | H13: 831.1357 | I13: 3644.2179 | J13: 4090000 | K13: =G13*H13 -> 1315751.9 | L13: =MIN(J13,K13) -> 1315751.9 | M13: . | N13: =O13/I13 -> 713.75617 | O13: =1915132+685951 -> 2601083 | P13: =G13*N13 -> 1129931 | Q13: =MIN(P13,O13) -> 1129931
A14: Denver | B14: 50.87279 | C14: 67.15208 | D14: 1.3463144 | E14: =B14/D14 -> 37.786709 | F14: =E14*0.5 -> 18.893354 | G14: =PI()*F14^2 -> 1121.4193 | H14: 919.8315 | I14: 1291.906 | J14: 2025000 | K14: =G14*H14 -> 1031516.8 | L14: =MIN(J14,K14) -> 1031516.8 | M14: . | N14: =O14/I14 -> 836.36813 | O14: 1080509 | P14: =G14*N14 -> 937919.34 | Q14: =MIN(P14,O14) -> 937919.34
A15: Detroit | B15: 50.51411 | C15: 65.16321 | D15: 1.2231188 | E15: =B15/D15 -> 41.299429 | F15: =E15*0.5 -> 20.649715 | G15: =PI()*F15^2 -> 1339.6088 | H15: 1127.53 | I15: 3267.1409 | J15: 4030000 | K15: =G15*H15 -> 1510449.1 | L15: =MIN(J15,K15) -> 1510449.1 | M15: . | N15: =O15/I15 -> 597.8524 | O15: 1953268 | P15: =G15*N15 -> 800888.31 | Q15: =MIN(P15,O15) -> 800888.31
A16: Grand Rapids | B16: 56.839146 | C16: 63.091452 | D16: 1.2876333 | E16: =B16/D16 -> 44.142338 | F16: =E16*0.5 -> 22.071169 | G16: =PI()*F16^2 -> 1530.3844 | H16: 1048.9459 | I16: 666.54415 | J16: 555000 | K16: =G16*H16 -> 1605290.6 | L16: =MIN(J16,K16) -> 555000 | M16: . | N16: =O16/I16 -> 796.59389 | O16: 530965 | P16: =G16*N16 -> 1219094.9 | Q16: =MIN(P16,O16) -> 530965
A17: Hampton Roads | B17: 54.51603 | C17: 64.32891 | D17: 1.3149722 | E17: =B17/D17 -> 41.457935 | F17: =E17*0.5 -> 20.728967 | G17: =PI()*F17^2 -> 1349.9112 | H17: 595.8125 | I17: 1364.4099 | J17: 1520000 | K17: =G17*H17 -> 804293.97 | L17: =MIN(J17,K17) -> 804293.97 | M17: . | N17: =O17/I17 -> 420.42645 | O17: 573634 | P17: =G17*N17 -> 567538.38 | Q17: =MIN(P17,O17) -> 567538.38
A18: Hartford | B18: 68.56857 | C18: 75.42543 | D18: 1.318605 | E18: =B18/D18 -> 52.000843 | F18: =E18*0.5 -> 26.000422 | G18: =PI()*F18^2 -> 2123.7855 | H18: 616.3466 | I18: 1215.5915 | J18: 870000 | K18: =G18*H18 -> 1308988 | L18: =MIN(J18,K18) -> 870000 | M18: . | N18: =O18/I18 -> 467.19724 | O18: 567921 | P18: =G18*N18 -> 992226.72 | Q18: =MIN(P18,O18) -> 567921
A19: Honolulu | B19: 58.403203 | C19: 68.915779 | D19: 1.5656731 | E19: =B19/D19 -> 37.302297 | F19: =E19*0.5 -> 18.651149 | G19: =PI()*F19^2 -> 1092.8512 | H19: 1930.5094 | I19: 399.17986 | J19: 700000 | K19: =G19*H19 -> 2109759.5 | L19: =MIN(J19,K19) -> 700000 | M19: . | N19: =O19/I19 -> 802.79853 | O19: 320461 | P19: =G19*N19 -> 877339.34 | Q19: =MIN(P19,O19) -> 320461
A20: Houston | B20: 53.7673 | C20: 68.82214 | D20: 1.3120577 | E20: =B20/D20 -> 40.979371 | F20: =E20*0.5 -> 20.489685 | G20: =PI()*F20^2 -> 1318.9261 | H20: 778.6393 | I20: 3354.7213 | J20: 3630000 | K20: =G20*H20 -> 1026967.7 | L20: =MIN(J20,K20) -> 1026967.7 | M20: . | N20: =O20/I20 -> 557.65586 | O20: 1870780 | P20: =G20*N20 -> 735506.84 | Q20: =MIN(P20,O20) -> 735506.84
A21: Indianapolis | B21: 53.33619 | C21: 65.07016 | D21: 1.2553195 | E21: =B21/D21 -> 42.488138 | F21: =E21*0.5 -> 21.244069 | G21: =PI()*F21^2 -> 1417.8337 | H21: 795.3705 | I21: 1432.0576 | J21: 1030000 | K21: =G21*H21 -> 1127703.1 | L21: =MIN(J21,K21) -> 1030000 | M21: . | N21: =O21/I21 -> 568.0393 | O21: 813465 | P21: =G21*N21 -> 805385.24 | Q21: =MIN(P21,O21) -> 805385.24
A22: Inland Empire1 | B22: 57.81975 | C22: 71.69648 | D22: 1.3322188 | E22: =B22/D22 -> 43.401092 | F22: =E22*0.5 -> 21.700546 | G22: =PI()*F22^2 -> 1479.419 | H22: 1048.911 | I22: 1136.4228 | J22: 1630000 | K22: =G22*H22 -> 1551778.9 | L22: =MIN(J22,K22) -> 1551778.9 | M22: . | N22: =O22/I22 -> 772.15541 | O22: 877495 | P22: =G22*N22 -> 1142341.4 | Q22: =MIN(P22,O22) -> 877495
A23: Jacksonville | B23: 54.3979 | C23: 63.64554 | D23: 1.3671479 | E23: =B23/D23 -> 39.789331 | F23: =E23*0.5 -> 19.894666 | G23: =PI()*F23^2 -> 1243.4352 | H23: 464.3661 | I23: 1063.2316 | J23: 890000 | K23: =G23*H23 -> 577409.15 | L23: =MIN(J23,K23) -> 577409.15 | M23: . | N23: =O23/I23 -> 467.65164 | O23: 497222 | P23: =G23*N23 -> 581494.5 | Q23: =MIN(P23,O23) -> 497222
A24: Kansas City | B24: 63.34106 | C24: 69.04175 | D24: 1.3058059 | E24: =B24/D24 -> 48.507255 | F24: =E24*0.5 -> 24.253628 | G24: =PI()*F24^2 -> 1848.0056 | H24: 534.1705 | I24: 1513.627 | J24: 1425000 | K24: =G24*H24 -> 987150.07 | L24: =MIN(J24,K24) -> 987150.07 | M24: . | N24: =O24/I24 -> 588.92447 | O24: 891412 | P24: =G24*N24 -> 1088335.7 | Q24: =MIN(P24,O24) -> 891412
A25: Las Vegas | B25: 50.76474 | C25: 64.47121 | D25: 1.3395993 | E25: =B25/D25 -> 37.895466 | F25: =E25*0.5 -> 18.947733 | G25: =PI()*F25^2 -> 1127.8839 | H25: 1701.467 | I25: 740.49811 | J25: 1300000 | K25: =G25*H25 -> 1919057.2 | L25: =MIN(J25,K25) -> 1300000 | M25: . | N25: =O25/I25 -> 934.33729 | O25: 691875 | P25: =G25*N25 -> 1053824 | Q25: =MIN(P25,O25) -> 691875
A26: Los Angeles | B26: 47.96656 | C26: 70.9905 | D26: 1.3322188 | E26: =B26/D26 -> 36.005017 | F26: =E26*0.5 -> 18.002509 | G26: =PI()*F26^2 -> 1018.1598 | H26: 2155.593 | I26: 4319.9303 | J26: 12450000 | K26: =G26*H26 -> 2194738.1 | L26: =MIN(J26,K26) -> 2194738.1 | M26: . | N26: =O26/I26 -> 1226.6024 | O26: =3889686+1409151 -> 5298837 | P26: =G26*N26 -> 1248877.2 | Q26: =MIN(P26,O26) -> 1248877.2
A27: Louisville | B27: 57.96375 | C27: 68.97688 | D27: 1.3589322 | E27: =B27/D27 -> 42.653894 | F27: =E27*0.5 -> 21.326947 | G27: =PI()*F27^2 -> 1428.9178 | H27: 763.3284 | I27: 1013.4551 | J27: 860000 | K27: =G27*H27 -> 1090733.6 | L27: =MIN(J27,K27) -> 860000 | M27: . | N27: =O27/I27 -> 509.17498 | O27: 516026 | P27: =G27*N27 -> 727569.21 | Q27: =MIN(P27,O27) -> 516026
A28: Memphis | B28: 57.32139 | C28: 64.77317 | D28: 1.3251324 | E28: =B28/D28 -> 43.257105 | F28: =E28*0.5 -> 21.628553 | G28: =PI()*F28^2 -> 1469.6191 | H28: 772.2043 | I28: 1035.5225 | J28: 980000 | K28: =G28*H28 -> 1134846.2 | L28: =MIN(J28,K28) -> 980000 | M28: . | N28: =O28/I28 -> 519.02878 | O28: 537466 | P28: =G28*N28 -> 762774.61 | Q28: =MIN(P28,O28) -> 537466
A29: Milwaukee | B29: 57.25628 | C29: 65.84471 | D29: 1.2147109 | E29: =B29/D29 -> 47.135727 | F29: =E29*0.5 -> 23.567864 | G29: =PI()*F29^2 -> 1744.9794 | H29: 931.9707 | I29: 1261.4412 | J29: 1400000 | K29: =G29*H29 -> 1626269.7 | L29: =MIN(J29,K29) -> 1400000 | M29: . | N29: =O29/I29 -> 619.65949 | O29: 781664 | P29: =G29*N29 -> 1081293 | Q29: =MIN(P29,O29) -> 781664
A30: Minneapolis-St.Paul | B30: 55.30265 | C30: 69.68134 | D30: 1.2298335 | E30: =B30/D30 -> 44.967592 | F30: =E30*0.5 -> 22.483796 | G30: =PI()*F30^2 -> 1588.1413 | H30: 756.6357 | I30: 2316.0156 | J30: 2430000 | K30: =G30*H30 -> 1201644.4 | L30: =MIN(J30,K30) -> 1201644.4 | M30: . | N30: =O30/I30 -> 709.14809 | O30: 1642398 | P30: =G30*N30 -> 1126227.4 | Q30: =MIN(P30,O30) -> 1126227.4
A31: Nashville | B31: 60.80458 | C31: 70.53332 | D31: 1.3726075 | E31: =B31/D31 -> 44.298592 | F31: =E31*0.5 -> 22.149296 | G31: =PI()*F31^2 -> 1541.2381 | H31: 455.8151 | I31: 1115.6883 | J31: 850000 | K31: =G31*H31 -> 702519.59 | L31: =MIN(J31,K31) -> 702519.59 | M31: . | N31: =O31/I31 -> 568.951 | O31: 634772 | P31: =G31*N31 -> 876888.95 | Q31: =MIN(P31,O31) -> 634772
A32: New Orleans | B32: 56.71207 | C32: 65.21888 | D32: 1.3418186 | E32: =B32/D32 -> 42.265079 | F32: =E32*0.5 -> 21.13254 | G32: =PI()*F32^2 -> 1402.9857 | H32: 1342.165 | I32: 512.39266 | J32: 1095000 | K32: =G32*H32 -> 1883038.3 | L32: =MIN(J32,K32) -> 1095000 | M32: . | N32: =O32/I32 -> 1056.4398 | O32: 541312 | P32: =G32*N32 -> 1482170 | Q32: =MIN(P32,O32) -> 541312
A33: New York | B33: 51.8687 | C33: 66.91063 | D33: 1.2505759 | E33: =B33/D33 -> 41.47585 | F33: =E33*0.5 -> 20.737925 | G33: =PI()*F33^2 -> 1351.0782 | H33: 1475.768 | I33: 8683.2033 | J33: 17200000 | K33: =G33*H33 -> 1993877.9 | L33: =MIN(J33,K33) -> 1993877.9 | M33: . | N33: =O33/I33 -> 908.0232 | O33: =3845734+647143+223496+331771+1100827+943220+792359 -> 7884550 | P33: =G33*N33 -> 1226810.3 | Q33: =MIN(P33,O33) -> 1226810.3
A34: Oklahoma City | B34: 59.51772 | C34: 65.46949 | D34: 1.2823721 | E34: =B34/D34 -> 46.412207 | F34: =E34*0.5 -> 23.206104 | G34: =PI()*F34^2 -> 1691.8207 | H34: 584.5659 | I34: 834.88805 | J34: 810000 | K34: =G34*H34 -> 988980.68 | L34: =MIN(J34,K34) -> 810000 | M34: . | N34: =O34/I34 -> 528.7128 | O34: 441416 | P34: =G34*N34 -> 894487.26 | Q34: =MIN(P34,O34) -> 441416
A35: Orlando | B35: 45.74069 | C35: 60.83512 | D35: 1.323813 | E35: =B35/D35 -> 34.552229 | F35: =E35*0.5 -> 17.276115 | G35: =PI()*F35^2 -> 937.65273 | H35: 708.8145 | I35: 1173.7605 | J35: 1230000 | K35: =G35*H35 -> 664621.85 | L35: =MIN(J35,K35) -> 664621.85 | M35: . | N35: =O35/I35 -> 697.01275 | O35: 818126 | P35: =G35*N35 -> 653555.91 | Q35: =MIN(P35,O35) -> 653555.91
A36: Philadelphia | B36: 52.86588 | C36: 66.61101 | D36: 1.2151793 | E36: =B36/D36 -> 43.504592 | F36: =E36*0.5 -> 21.752296 | G36: =PI()*F36^2 -> 1486.4835 | H36: 942.2731 | I36: 4660.7165 | J36: 5125000 | K36: =G36*H36 -> 1400673.4 | L36: =MIN(J36,K36) -> 1400673.4 | M36: . | N36: =O36/I36 -> 547.27079 | O36: =2237898+312776 -> 2550674 | P36: =G36*N36 -> 813508.99 | Q36: =MIN(P36,O36) -> 813508.99
A37: Phoenix | B37: 52.44265 | C37: 67.12659 | D37: 1.3591592 | E37: =B37/D37 -> 38.584626 | F37: =E37*0.5 -> 19.292313 | G37: =PI()*F37^2 -> 1169.2799 | H37: 990.8817 | I37: 2069.4187 | J37: 2900000 | K37: =G37*H37 -> 1158618 | L37: =MIN(J37,K37) -> 1158618 | M37: . | N37: =O37/I37 -> 677.88603 | O37: 1402830 | P37: =G37*N37 -> 792638.48 | Q37: =MIN(P37,O37) -> 792638.48
A38: Pittsburgh | B38: 58.55113 | C38: 64.40624 | D38: 1.3100772 | E38: =B38/D38 -> 44.692884 | F38: =E38*0.5 -> 22.346442 | G38: =PI()*F38^2 -> 1568.7966 | H38: 603.0711 | I38: 2207.6966 | J38: 1765000 | K38: =G38*H38 -> 946095.89 | L38: =MIN(J38,K38) -> 946095.89 | M38: . | N38: =O38/I38 -> 470.46366 | O38: 1038641 | P38: =G38*N38 -> 738061.78 | Q38: =MIN(P38,O38) -> 738061.78
A39: Portland | B39: 53.08795 | C39: 67.95258 | D39: 1.3917707 | E39: =B39/D39 -> 38.144179 | F39: =E39*0.5 -> 19.072089 | G39: =PI()*F39^2 -> 1142.7373 | H39: 1192.044 | I39: 1227.5103 | J39: 1590000 | K39: =G39*H39 -> 1362193.2 | L39: =MIN(J39,K39) -> 1362193.2 | M39: . | N39: =O39/I39 -> 714.74674 | O39: 877359 | P39: =G39*N39 -> 816767.78 | Q39: =MIN(P39,O39) -> 816767.78
A40: Providence | B40: 62.4824 | C40: 71.22993 | D40: 1.2391401 | E40: =B40/D40 -> 50.424 | F40: =E40*0.5 -> 25.212 | G40: =PI()*F40^2 -> 1996.9375 | H40: 595.1384 | I40: 1304.4013 | J40: 1210000 | K40: =G40*H40 -> 1188454.2 | L40: =MIN(J40,K40) -> 1188454.2 | M40: . | N40: =O40/I40 -> 482.4474 | O40: 629305 | P40: =G40*N40 -> 963417.29 | Q40: =MIN(P40,O40) -> 629305
A41: Raleigh | B41: 61.62895 | C41: 70.25701 | D41: 1.2413604 | E41: =B41/D41 -> 49.6463 | F41: =E41*0.5 -> 24.82315 | G41: =PI()*F41^2 -> 1935.8141 | H41: 484.1599 | I41: 827.79291 | J41: 790000 | K41: =G41*H41 -> 937243.57 | L41: =MIN(J41,K41) -> 790000 | M41: . | N41: =O41/I41 -> 742.45019 | O41: 614595 | P41: =G41*N41 -> 1437245.6 | Q41: =MIN(P41,O41) -> 614595
A42: Rochester | B42: 62.089398 | C42: 65.814761 | D42: 1.2673101 | E42: =B42/D42 -> 48.99306 | F42: =E42*0.5 -> 24.49653 | G42: =PI()*F42^2 -> 1885.2069 | H42: 723.26126 | I42: 764.44365 | J42: 665000 | K42: =G42*H42 -> 1363497.1 | L42: =MIN(J42,K42) -> 665000 | M42: . | N42: =O42/I42 -> 595.4448 | O42: 455184 | P42: =G42*N42 -> 1122536.6 | Q42: =MIN(P42,O42) -> 455184
A43: Sacramento | B43: 53.29741 | C43: 67.68771 | D43: 1.4087461 | E43: =B43/D43 -> 37.833225 | F43: =E43*0.5 -> 18.916613 | G43: =PI()*F43^2 -> 1124.182 | H43: 1367.639 | I43: 955.78454 | J43: 1470000 | K43: =G43*H43 -> 1537475.1 | L43: =MIN(J43,K43) -> 1470000 | M43: . | N43: =O43/I43 -> 612.25828 | O43: 585187 | P43: =G43*N43 -> 688289.71 | Q43: =MIN(P43,O43) -> 585187
A44: Salt Lake City | B44: 52.23418 | C44: 63.7257 | D44: 1.4286295 | E44: =B44/D44 -> 36.562439 | F44: =E44*0.5 -> 18.281219 | G44: =PI()*F44^2 -> 1049.9296 | H44: 899.2759 | I44: 597.56598 | J44: 920000 | K44: =G44*H44 -> 944176.41 | L44: =MIN(J44,K44) -> 920000 | M44: . | N44: =O44/I44 -> 1022.9582 | O44: 611285 | P44: =G44*N44 -> 1074034.1 | Q44: =MIN(P44,O44) -> 611285
A45: San Antonio | B45: 59.60624 | C45: 71.52749 | D45: 1.3773597 | E45: =B45/D45 -> 43.275726 | F45: =E45*0.5 -> 21.637863 | G45: =PI()*F45^2 -> 1470.8846 | H45: 935.5552 | I45: 1055.5735 | J45: 1260000 | K45: =G45*H45 -> 1376093.8 | L45: =MIN(J45,K45) -> 1260000 | M45: . | N45: =O45/I45 -> 601.99786 | O45: 635453 | P45: =G45*N45 -> 885469.4 | Q45: =MIN(P45,O45) -> 635453
A46: San Diego | B46: 53.16983 | C46: 70.71587 | D46: 1.4004145 | E46: =B46/D46 -> 37.96721 | F46: =E46*0.5 -> 18.983605 | G46: =PI()*F46^2 -> 1132.1585 | H46: 1412.321 | I46: 2026.112 | J46: 2780000 | K46: =G46*H46 -> 1598971.3 | L46: =MIN(J46,K46) -> 1598971.3 | M46: . | N46: =O46/I46 -> 533.91026 | O46: 1081762 | P46: =G46*N46 -> 604471.06 | Q46: =MIN(P46,O46) -> 604471.06
A47: San Francisco | B47: 53.32521 | C47: 72.52228 | D47: 1.4605973 | E47: =B47/D47 -> 36.509181 | F47: =E47*0.5 -> 18.25459 | G47: =PI()*F47^2 -> 1046.8731 | H47: 1233.717 | I47: 1107.7471 | J47: 4090000 | K47: =G47*H47 -> 1291545.2 | L47: =MIN(J47,K47) -> 1291545.2 | M47: . | N47: =O47/I47 -> 1849.248 | O47: =1048438+1000061 -> 2048499 | P47: =G47*N47 -> 1935928 | Q47: =MIN(P47,O47) -> 1935928
A48: San Jose1 | B48: 50.66389 | C48: 67.88962 | D48: 1.4605973 | E48: =B48/D48 -> 34.687104 | F48: =E48*0.5 -> 17.343552 | G48: =PI()*F48^2 -> 944.98731 | H48: 1658.259 | I48: 673.68371 | J48: 1675000 | K48: =G48*H48 -> 1567033.7 | L48: =MIN(J48,K48) -> 1567033.7 | M48: . | N48: =O48/I48 -> 1548.2013 | O48: 1042998 | P48: =G48*N48 -> 1463030.6 | Q48: =MIN(P48,O48) -> 1042998
A49: Seattle | B49: 58.18665 | C49: 73.89704 | D49: 1.4023949 | E49: =B49/D49 -> 41.490918 | F49: =E49*0.5 -> 20.745459 | G49: =PI()*F49^2 -> 1352.06 | H49: 856.6154 | I49: 2469.8811 | J49: 2740000 | K49: =G49*H49 -> 1158195.4 | L49: =MIN(J49,K49) -> 1158195.4 | M49: . | N49: =O49/I49 -> 599.91348 | O49: 1481715 | P49: =G49*N49 -> 811119.03 | Q49: =MIN(P49,O49) -> 811119.03
A50: South Florida | B50: 59.82909 | C50: 81.36757 | D50: 1.2685017 | E50: =B50/D50 -> 47.165162 | F50: =E50*0.5 -> 23.582581 | G50: =PI()*F50^2 -> 1747.1594 | H50: 1147.902 | I50: 2890.6685 | J50: 4965000 | K50: =G50*H50 -> 2005567.8 | L50: =MIN(J50,K50) -> 2005567.8 | M50: . | N50: =O50/I50 -> 514.04512 | O50: =845720+640214 -> 1485934 | P50: =G50*N50 -> 898118.78 | Q50: =MIN(P50,O50) -> 898118.78
A51: St. Louis | B51: 56.50248 | C51: 66.67293 | D51: 1.3553298 | E51: =B51/D51 -> 41.689099 | F51: =E51*0.5 -> 20.84455 | G51: =PI()*F51^2 -> 1365.0071 | H51: 699.066 | I51: 2146.9741 | J51: 2055000 | K51: =G51*H51 -> 954230.03 | L51: =MIN(J51,K51) -> 954230.03 | M51: . | N51: =O51/I51 -> 568.53085 | O51: 1220621 | P51: =G51*N51 -> 776048.62 | Q51: =MIN(P51,O51) -> 776048.62
A52: Tampa Bay | B52: 47.58084 | C52: 59.95186 | D52: 1.29 | E52: =B52/D52 -> 36.884372 | F52: =E52*0.5 -> 18.442186 | G52: =PI()*F52^2 -> 1068.5004 | H52: 576.2719 | I52: 2077.8744 | J52: 2000000 | K52: =G52*H52 -> 615746.73 | L52: =MIN(J52,K52) -> 615746.73 | M52: . | N52: =O52/I52 -> 501.91291 | O52: 1042912 | P52: =G52*N52 -> 536294.12 | Q52: =MIN(P52,O52) -> 536294.12
A53: Washington | B53: 49.55658 | C53: 67.39695 | D53: 1.3045456 | E53: =B53/D53 -> 37.987619 | F53: =E53*0.5 -> 18.993809 | G53: =PI()*F53^2 -> 1133.376 | H53: 1265.034 | I53: 2996.0093 | J53: 4030000 | K53: =G53*H53 -> 1433759.2 | L53: =MIN(J53,K53) -> 1433759.2 | M53: . | N53: =O53/I53 -> 760.55704 | O53: 2278636 | P53: =G53*N53 -> 861997.12 | Q53: =MIN(P53,O53) -> 861997.12
A56: Notes:
A57: 1 Los Angeles-Inland Empire and San Francisco-San Jose were combined for the circuity analysis
A58: 2 Circuity is from a sample of OD points with network distance matched to average commute distance
A60: Data Sources:
A61: Network Speed (congested), Network Speed (freeflow), Population: TTI complete data 1982-2007 (calculated from 2001 values only), FHWA data on highway usage in 2001
A62: Circuity: Networks are Census Tiger 2008 county-level shapefiles merged together, commute distances are from 2001 NHTS
A63: Urbanized Area: Census 2000 Urbanized Area (census.gov)
A64: Employment: 2001 MSA Business Patterns (NAICS - from Censtats)

Sheet 1990-10
A1: =1/6 -> 0.16666667 | B1: Network Speed (congested) [km/h] | C1: Network Speed (freeflow) [km/h] | D1: 10 min Distance [m] | E1: Circuity [ ] | F1: Average Airline Speed [km/h] | G1: Airline Radius [km] | H1: Area covered in $A$1$ hrs [km2] | I1: Urbanized area density [people/km2] | J1: Area [km2] | K1: Population | L1: Accessibility | M1: MinPA,P | N1: . | O1: Employment Density | P1: Employment | Q1: Employment Accessibility | R1: Min EA, E
A2: Area | B2: S_n | C2: S_f | E2: C3 | F2: S_a | G2: R_a | H2: A_X | I2: D_UA | J2: Area | K2: Pop | L2: A_P | M2: MinA_P | N2: . | O2: D_Emp | P2: Emp | Q2: A_E | R2: MinA_E
A3: Atlanta | B3: 60.375468 | C3: 63.997996 | D3: =B3*$A$1*1000 -> 10062.578 | E3: ='Interval Circuities'!B3 -> 1.3522448 | F3: =B3/E3 -> 44.648328 | G3: =F3*$A$1 -> 7.441388 | H3: =PI()*G3^2 -> 173.96335 | I3: =K3/J3 -> 964.67391 | J3: 2944 | K3: 2840000 | L3: =H3*I3 -> 167817.91 | M3: =MIN(K3,L3) -> 167817.91 | N3: . | O3: =P3/J3 -> 503.32235 | P3: 1481781 | Q3: =H3*O3 -> 87559.644 | R3: =MIN(Q3,P3) -> 87559.644
A4: Austin | B4: 63.478689 | C4: 67.922197 | D4: =B4*$A$1*1000 -> 10579.782 | E4: ='Interval Circuities'!B4 -> 1.4261507 | F4: =B4/E4 -> 44.510507 | G4: =F4*$A$1 -> 7.4184179 | H4: =PI()*G4^2 -> 172.89103 | I4: =K4/J4 -> 932.86219 | J4: 707.5 | K4: 660000 | L4: =H4*I4 -> 161283.5 | M4: =MIN(K4,L4) -> 161283.5 | N4: . | O4: =P4/J4 -> 571.04735 | P4: 404016 | Q4: =H4*O4 -> 98728.964 | R4: =MIN(Q4,P4) -> 98728.964
A5: Baltimore2 | B5: 60.37745 | C5: 64.603872 | D5: =B5*$A$1*1000 -> 10062.908 | E5: ='Interval Circuities'!B5 -> 1.3415278 | F5: =B5/E5 -> 45.006484 | G5: =F5*$A$1 -> 7.5010806 | H5: =PI()*G5^2 -> 176.76551 | I5: =K5/J5 -> 1296.8394 | J5: 1534.5 | K5: 1990000 | L5: =H5*I5 -> 229236.47 | M5: =MIN(K5,L5) -> 229236.47 | N5: . | O5: =P5/J5 -> 776.6784 | P5: 1191813 | Q5: =H5*O5 -> 137289.96 | R5: =MIN(Q5,P5) -> 137289.96
A6: Boston | B6: 61.541691 | C6: 67.69586 | D6: =B6*$A$1*1000 -> 10256.948 | E6: ='Interval Circuities'!B6 -> 1.3256489 | F6: =B6/E6 -> 46.423824 | G6: =F6*$A$1 -> 7.737304 | H6: =PI()*G6^2 -> 188.07419 | I6: =K6/J6 -> 1563.9893 | J6: 2308.2 | K6: 3610000 | L6: =H6*I6 -> 294146.01 | M6: =MIN(K6,L6) -> 294146.01 | N6: . | O6: =P6/J6 -> 927.87323 | P6: 2141717 | Q6: =H6*O6 -> 174509.01 | R6: =MIN(Q6,P6) -> 174509.01
A7: Buffalo | B7: 73.276598 | C7: 76.207662 | D7: =B7*$A$1*1000 -> 12212.766 | E7: ='Interval Circuities'!B7 -> 1.2477771 | F7: =B7/E7 -> 58.725711 | G7: =F7*$A$1 -> 9.7876185 | H7: =PI()*G7^2 -> 300.95665 | I7: =K7/J7 -> 1440.1623 | J7: 739.5 | K7: 1065000 | L7: =H7*I7 -> 433426.41 | M7: =MIN(K7,L7) -> 433426.41 | N7: . | O7: =P7/J7 -> 718.21771 | P7: 531122 | Q7: =H7*O7 -> 216152.39 | R7: =MIN(Q7,P7) -> 216152.39
A8: Charlotte | B8: 66.908177 | C8: 71.591749 | D8: =B8*$A$1*1000 -> 11151.363 | E8: ='Interval Circuities'!B8 -> 1.3646366 | F8: =B8/E8 -> 49.030031 | G8: =F8*$A$1 -> 8.1716718 | H8: =PI()*G8^2 -> 209.78368 | I8: =K8/J8 -> 862.48203 | J8: 626.1 | K8: 540000 | L8: =H8*I8 -> 180934.65 | M8: =MIN(K8,L8) -> 180934.65 | N8: . | O8: =P8/J8 -> 966.06932 | P8: 604856 | Q8: =H8*O8 -> 202665.58 | R8: =MIN(Q8,P8) -> 202665.58
A9: Chicago | B9: 59.830535 | C9: 64.616977 | D9: =B9*$A$1*1000 -> 9971.7558 | E9: ='Interval Circuities'!B9 -> 1.3161081 | F9: =B9/E9 -> 45.460196 | G9: =F9*$A$1 -> 7.5766993 | H9: =PI()*G9^2 -> 180.34744 | I9: =K9/J9 -> 1830.0112 | J9: 4103.8 | K9: 7510000 | L9: =H9*I9 -> 330037.84 | M9: =MIN(K9,L9) -> 330037.84 | N9: . | O9: =P9/J9 -> 936.04391 | P9: 3841337 | Q9: =H9*O9 -> 168813.12 | R9: =MIN(Q9,P9) -> 168813.12
A10: Cincinnati | B10: 67.518821 | C10: 74.270703 | D10: =B10*$A$1*1000 -> 11253.137 | E10: ='Interval Circuities'!B10 -> 1.3893578 | F10: =B10/E10 -> 48.597144 | G10: =F10*$A$1 -> 8.0995239 | H10: =PI()*G10^2 -> 206.09567 | I10: =K10/J10 -> 860.24751 | J10: 1325.2 | K10: 1140000 | L10: =H10*I10 -> 177293.28 | M10: =MIN(K10,L10) -> 177293.28 | N10: . | O10: =P10/J10 -> 613.31573 | P10: 812766 | Q10: =H10*O10 -> 126401.71 | R10: =MIN(Q10,P10) -> 126401.71
A11: Cleveland | B11: 70.270148 | C11: 77.297163 | D11: =B11*$A$1*1000 -> 11711.691 | E11: ='Interval Circuities'!B11 -> 1.2715518 | F11: =B11/E11 -> 55.2633 | G11: =F11*$A$1 -> 9.21055 | H11: =PI()*G11^2 -> 266.5146 | I11: =K11/J11 -> 1068.6096 | J11: 1647 | K11: 1760000 | L11: =H11*I11 -> 284800.05 | M11: =MIN(K11,L11) -> 284800.05 | N11: . | O11: =P11/J11 -> 754.15847 | P11: 1242099 | Q11: =H11*O11 -> 200994.24 | R11: =MIN(Q11,P11) -> 200994.24
A12: Columbus | B12: 67.725933 | C12: 77.207564 | D12: =B12*$A$1*1000 -> 11287.655 | E12: ='Interval Circuities'!B12 -> 1.3154052 | F12: =B12/E12 -> 51.486745 | G12: =F12*$A$1 -> 8.5811242 | H12: =PI()*G12^2 -> 231.33335 | I12: =K12/J12 -> 973.91694 | J12: 893.3 | K12: 870000 | L12: =H12*I12 -> 225299.47 | M12: =MIN(K12,L12) -> 225299.47 | N12: . | O12: =P12/J12 -> 758.8257 | P12: 677859 | Q12: =H12*O12 -> 175541.69 | R12: =MIN(Q12,P12) -> 175541.69
A13: Dallas-Fort Worth | B13: 66.031469 | C13: 76.596505 | D13: =B13*$A$1*1000 -> 11005.245 | E13: ='Interval Circuities'!B13 -> 1.3709373 | F13: =B13/E13 -> 48.1652 | G13: =F13*$A$1 -> 8.0275333 | H13: =PI()*G13^2 -> 202.44828 | I13: =K13/J13 -> 869.56522 | J13: 3737.5 | K13: 3250000 | L13: =H13*I13 -> 176041.99 | M13: =MIN(K13,L13) -> 176041.99 | N13: . | O13: =P13/J13 -> 528.85779 | P13: 1976606 | Q13: =H13*O13 -> 107066.35 | R13: =MIN(Q13,P13) -> 107066.35
A14: Denver | B14: 65.002141 | C14: 76.052505 | D14: =B14*$A$1*1000 -> 10833.69 | E14: ='Interval Circuities'!B14 -> 1.3838943 | F14: =B14/E14 -> 46.970451 | G14: =F14*$A$1 -> 7.8284085 | H14: =PI()*G14^2 -> 192.5293 | I14: =K14/J14 -> 1329.5187 | J14: 1188.4 | K14: 1580000 | L14: =H14*I14 -> 255971.3 | M14: =MIN(K14,L14) -> 255971.3 | N14: . | O14: =P14/J14 -> 811.94211 | P14: 964912 | Q14: =H14*O14 -> 156322.65 | R14: =MIN(Q14,P14) -> 156322.65
A15: Detroit | B15: 59.740127 | C15: 69.895948 | D15: =B15*$A$1*1000 -> 9956.6878 | E15: ='Interval Circuities'!B15 -> 1.2961889 | F15: =B15/E15 -> 46.089057 | G15: =F15*$A$1 -> 7.6815096 | H15: =PI()*G15^2 -> 185.37153 | I15: =K15/J15 -> 1369.2488 | J15: 2899.4 | K15: 3970000 | L15: =H15*I15 -> 253819.74 | M15: =MIN(K15,L15) -> 253819.74 | N15: . | O15: =P15/J15 -> 717.34842 | P15: 2079880 | Q15: =H15*O15 -> 132975.97 | R15: =MIN(Q15,P15) -> 132975.97
A16: Grand Rapids | B16: 70.939381 | C16: 83.70847 | D16: =B16*$A$1*1000 -> 11823.23 | E16: ='Interval Circuities'!B16 -> 1.3348755 | F16: =B16/E16 -> 53.14307 | G16: =F16*$A$1 -> 8.8571783 | H16: =PI()*G16^2 -> 246.45671 | I16: =K16/J16 -> 1190.5898 | J16: 578.2 | K16: 688399 | L16: =H16*I16 -> 293428.84 | M16: =MIN(K16,L16) -> 293428.84 | N16: . | O16: =P16/J16 -> 583.42269 | P16: =337335 -> 337335 | Q16: =H16*O16 -> 143788.44 | R16: =MIN(Q16,P16) -> 143788.44
A17: Hampton Roads | B17: 64.898649 | C17: 85.666217 | D17: =B17*$A$1*1000 -> 10816.442 | E17: ='Interval Circuities'!B17 -> 1.3770423 | F17: =B17/E17 -> 47.129015 | G17: =F17*$A$1 -> 7.8548359 | H17: =PI()*G17^2 -> 193.83139 | I17: =K17/J17 -> 770.84182 | J17: 1718.9 | K17: 1325000 | L17: =H17*I17 -> 149413.34 | M17: =MIN(K17,L17) -> 149413.34 | N17: . | O17: =P17/J17 -> 406.65484 | P17: 698999 | Q17: =H17*O17 -> 78822.471 | R17: =MIN(Q17,P17) -> 78822.471
A18: Hartford | B18: 70.550118 | C18: 84.660141 | D18: =B18*$A$1*1000 -> 11758.353 | E18: ='Interval Circuities'!B18 -> 1.3002946 | F18: =B18/E18 -> 54.257025 | G18: =F18*$A$1 -> 9.0428375 | H18: =PI()*G18^2 -> 256.89717 | I18: =K18/J18 -> 1320.2112 | J18: 624.9 | K18: 825000 | L18: =H18*I18 -> 339158.54 | M18: =MIN(K18,L18) -> 339158.54 | N18: . | O18: =P18/J18 -> 899.29429 | P18: 561969 | Q18: =H18*O18 -> 231026.16 | R18: =MIN(Q18,P18) -> 231026.16
A19: Honolulu | B19: 61.851771 | C19: 73.603607 | D19: =B19*$A$1*1000 -> 10308.628 | E19: ='Interval Circuities'!B19 -> 1.3987004 | F19: =B19/E19 -> 44.220886 | G19: =F19*$A$1 -> 7.3701477 | H19: =PI()*G19^2 -> 170.64842 | I19: =K19/J19 -> 2328.0373 | J19: 359.2 | K19: 836231 | L19: =H19*I19 -> 397275.88 | M19: =MIN(K19,L19) -> 397275.88 | N19: . | O19: =P19/J19 -> 1218.0345 | P19: 437518 | Q19: =H19*O19 -> 207855.66 | R19: =MIN(Q19,P19) -> 207855.66
A20: Houston | B20: 61.86593 | C20: 73.620457 | D20: =B20*$A$1*1000 -> 10310.988 | E20: ='Interval Circuities'!B20 -> 1.3897486 | F20: =B20/E20 -> 44.515914 | G20: =F20*$A$1 -> 7.4193191 | H20: =PI()*G20^2 -> 172.93304 | I20: =K20/J20 -> 951.03794 | J20: 3049.3 | K20: 2900000 | L20: =H20*I20 -> 164465.88 | M20: =MIN(K20,L20) -> 164465.88 | N20: . | O20: =P20/J20 -> 577.11475 | P20: 1759796 | Q20: =H20*O20 -> 99802.206 | R20: =MIN(Q20,P20) -> 99802.206
A21: Indianapolis | B21: 66.181817 | C21: 78.094544 | D21: =B21*$A$1*1000 -> 11030.303 | E21: ='Interval Circuities'!B21 -> 1.3132675 | F21: =B21/E21 -> 50.394771 | G21: =F21*$A$1 -> 8.3991285 | H21: =PI()*G21^2 -> 221.62478 | I21: =K21/J21 -> 778.16206 | J21: 1214.4 | K21: 945000 | L21: =H21*I21 -> 172460 | M21: =MIN(K21,L21) -> 172460 | N21: . | O21: =P21/J21 -> 514.63356 | P21: 624971 | Q21: =H21*O21 -> 114055.55 | R21: =MIN(Q21,P21) -> 114055.55
A22: Inland Empire2 | B22: 65.102211 | C22: 72.914476 | D22: =B22*$A$1*1000 -> 10850.368 | E22: ='Interval Circuities'!B22 -> 1.3841719 | F22: =B22/E22 -> 47.033329 | G22: =F22*$A$1 -> 7.8388882 | H22: =PI()*G22^2 -> 193.04511 | I22: =K22/J22 -> 1078.382 | J22: 1191.6 | K22: 1285000 | L22: =H22*I22 -> 208176.38 | M22: =MIN(K22,L22) -> 208176.38 | N22: . | O22: =P22/J22 -> 643.63293 | P22: 766953 | Q22: =H22*O22 -> 124250.19 | R22: =MIN(Q22,P22) -> 124250.19
A23: Jacksonville | B23: 55.540281 | C23: 57.20649 | D23: =B23*$A$1*1000 -> 9256.7136 | E23: ='Interval Circuities'!B23 -> 1.3815643 | F23: =B23/E23 -> 40.201011 | G23: =F23*$A$1 -> 6.7001685 | H23: =PI()*G23^2 -> 141.03319 | I23: =K23/J23 -> 547.57016 | J23: 1314.9 | K23: 720000 | L23: =H23*I23 -> 77225.564 | M23: =MIN(K23,L23) -> 77225.564 | N23: . | O23: =P23/J23 -> 337.57852 | P23: 443882 | Q23: =H23*O23 -> 47609.775 | R23: =MIN(Q23,P23) -> 47609.775
A24: Kansas City | B24: 63.219918 | C24: 65.116516 | D24: =B24*$A$1*1000 -> 10536.653 | E24: ='Interval Circuities'!B24 -> 1.3497364 | F24: =B24/E24 -> 46.838715 | G24: =F24*$A$1 -> 7.8064526 | H24: =PI()*G24^2 -> 191.45086 | I24: =K24/J24 -> 587.90735 | J24: 1973.1 | K24: 1160000 | L24: =H24*I24 -> 112555.37 | M24: =MIN(K24,L24) -> 112555.37 | N24: . | O24: =P24/J24 -> 390.91227 | P24: 771309 | Q24: =H24*O24 -> 74840.491 | R24: =MIN(Q24,P24) -> 74840.491
A25: Las Vegas | B25: 58.291698 | C25: 60.040449 | D25: =B25*$A$1*1000 -> 9715.283 | E25: ='Interval Circuities'!B25 -> 1.3162006 | F25: =B25/E25 -> 44.287853 | G25: =F25*$A$1 -> 7.3813088 | H25: =PI()*G25^2 -> 171.16565 | I25: =K25/J25 -> 1175.4828 | J25: 595.5 | K25: 700000 | L25: =H25*I25 -> 201202.28 | M25: =MIN(K25,L25) -> 201202.28 | N25: . | O25: =P25/J25 -> 623.22082 | P25: 371128 | Q25: =H25*O25 -> 106674 | R25: =MIN(Q25,P25) -> 106674
A26: Los Angeles2 | B26: 48.116228 | C26: 49.559715 | D26: =B26*$A$1*1000 -> 8019.3713 | E26: ='Interval Circuities'!B26 -> 1.2967212 | F26: =B26/E26 -> 37.106071 | G26: =F26*$A$1 -> 6.1843452 | H26: =PI()*G26^2 -> 120.15375 | I26: =K26/J26 -> 2243.0421 | J26: 5091.3 | K26: 11420000 | L26: =H26*I26 -> 269509.91 | M26: =MIN(K26,L26) -> 269509.91 | N26: . | O26: =P26/J26 -> 1186.748 | P26: =6809043-P22 -> 6042090 | Q26: =H26*O26 -> 142592.22 | R26: =MIN(Q26,P26) -> 142592.22
A27: Louisville | B27: 62.487213 | C27: 64.986701 | D27: =B27*$A$1*1000 -> 10414.535 | E27: ='Interval Circuities'!B27 -> 1.4461618 | F27: =B27/E27 -> 43.209004 | G27: =F27*$A$1 -> 7.2015007 | H27: =PI()*G27^2 -> 162.92806 | I27: =K27/J27 -> 1106.8598 | J27: 731.8 | K27: 810000 | L27: =H27*I27 -> 180338.52 | M27: =MIN(K27,L27) -> 180338.52 | N27: . | O27: =P27/J27 -> 610.65318 | P27: 446876 | Q27: =H27*O27 -> 99492.54 | R27: =MIN(Q27,P27) -> 99492.54
A28: Memphis | B28: 65.308032 | C28: 67.920353 | D28: =B28*$A$1*1000 -> 10884.672 | E28: ='Interval Circuities'!B28 -> 1.3673424 | F28: =B28/E28 -> 47.76275 | G28: =F28*$A$1 -> 7.9604583 | H28: =PI()*G28^2 -> 199.07926 | I28: =K28/J28 -> 973.62165 | J28: 883.3 | K28: 860000 | L28: =H28*I28 -> 193827.88 | M28: =MIN(K28,L28) -> 193827.88 | N28: . | O28: =P28/J28 -> 507.45726 | P28: 448237 | Q28: =H28*O28 -> 101024.22 | R28: =MIN(Q28,P28) -> 101024.22
A29: Milwaukee | B29: 64.485521 | C29: 67.064942 | D29: =B29*$A$1*1000 -> 10747.587 | E29: ='Interval Circuities'!B29 -> 1.2642402 | F29: =B29/E29 -> 51.007334 | G29: =F29*$A$1 -> 8.5012224 | H29: =PI()*G29^2 -> 227.04536 | I29: =K29/J29 -> 927.60181 | J29: 1326 | K29: 1230000 | L29: =H29*I29 -> 210607.68 | M29: =MIN(K29,L29) -> 210607.68 | N29: . | O29: =P29/J29 -> 582.76923 | P29: 772752 | Q29: =H29*O29 -> 132315.05 | R29: =MIN(Q29,P29) -> 132315.05
A30: Minneapolis-St.Paul | B30: 63.564185 | C30: 66.106753 | D30: =B30*$A$1*1000 -> 10594.031 | E30: ='Interval Circuities'!B30 -> 1.3432337 | F30: =B30/E30 -> 47.321762 | G30: =F30*$A$1 -> 7.8869603 | H30: =PI()*G30^2 -> 195.42008 | I30: =K30/J30 -> 730.08608 | J30: 2753.1 | K30: 2010000 | L30: =H30*I30 -> 142673.48 | M30: =MIN(K30,L30) -> 142673.48 | N30: . | O30: =P30/J30 -> 474.96422 | P30: 1307624 | Q30: =H30*O30 -> 92817.545 | R30: =MIN(Q30,P30) -> 92817.545
A31: Nashville | B31: 63.734437 | C31: 66.283814 | D31: =B31*$A$1*1000 -> 10622.406 | E31: ='Interval Circuities'!B31 -> 1.3962975 | F31: =B31/E31 -> 45.645312 | G31: =F31*$A$1 -> 7.607552 | H31: =PI()*G31^2 -> 181.81919 | I31: =K31/J31 -> 451.20588 | J31: 1252.2 | K31: 565000 | L31: =H31*I31 -> 82037.889 | M31: =MIN(K31,L31) -> 82037.889 | N31: . | O31: =P31/J31 -> 395.87686 | P31: 495717 | Q31: =H31*O31 -> 71978.011 | R31: =MIN(Q31,P31) -> 71978.011
A32: New Orleans | B32: 62.636693 | C32: 65.142161 | D32: =B32*$A$1*1000 -> 10439.449 | E32: ='Interval Circuities'!B32 -> 1.3868609 | F32: =B32/E32 -> 45.164366 | G32: =F32*$A$1 -> 7.5273944 | H32: =PI()*G32^2 -> 178.00787 | I32: =K32/J32 -> 1501.0722 | J32: 699.5 | K32: 1050000 | L32: =H32*I32 -> 267202.67 | M32: =MIN(K32,L32) -> 267202.67 | N32: . | O32: =P32/J32 -> 735.84846 | P32: 514726 | Q32: =H32*O32 -> 130986.82 | R32: =MIN(Q32,P32) -> 130986.82
A33: New York | B33: 59.429889 | C33: 62.401383 | D33: =B33*$A$1*1000 -> 9904.9814 | E33: ='Interval Circuities'!B33 -> 1.328552 | F33: =B33/E33 -> 44.732829 | G33: =F33*$A$1 -> 7.4554715 | H33: =PI()*G33^2 -> 174.62246 | I33: =K33/J33 -> 2072.7311 | J33: 7683.1 | K33: 15925000 | L33: =H33*I33 -> 361945.39 | M33: =MIN(K33,L33) -> 361945.39 | N33: . | O33: =P33/J33 -> 1112.8936 | P33: 8550473 | Q33: =H33*O33 -> 194336.22 | R33: =MIN(Q33,P33) -> 194336.22
A34: Oklahoma City | B34: 69.714425 | C34: 72.503002 | D34: =B34*$A$1*1000 -> 11619.071 | E34: ='Interval Circuities'!B34 -> 1.3110976 | F34: =B34/E34 -> 53.172569 | G34: =F34*$A$1 -> 8.8620948 | H34: =PI()*G34^2 -> 246.7304 | I34: =K34/J34 -> 411.86653 | J34: 1675.3 | K34: 690000 | L34: =H34*I34 -> 101619.99 | M34: =MIN(K34,L34) -> 101619.99 | N34: . | O34: =P34/J34 -> 268.68143 | P34: 450122 | Q34: =H34*O34 -> 66291.876 | R34: =MIN(Q34,P34) -> 66291.876
A35: Orlando | B35: 58.783113 | C35: 61.722269 | D35: =B35*$A$1*1000 -> 9797.1855 | E35: ='Interval Circuities'!B35 -> 1.3848662 | F35: =B35/E35 -> 42.446783 | G35: =F35*$A$1 -> 7.0744638 | H35: =PI()*G35^2 -> 157.23055 | I35: =K35/J35 -> 841.40495 | J35: 1022.1 | K35: 860000 | L35: =H35*I35 -> 132294.56 | M35: =MIN(K35,L35) -> 132294.56 | N35: . | O35: =P35/J35 -> 545.39478 | P35: 557448 | Q35: =H35*O35 -> 85752.719 | R35: =MIN(Q35,P35) -> 85752.719
A36: Philadelphia | B36: 63.176257 | C36: 66.966832 | D36: =B36*$A$1*1000 -> 10529.376 | E36: ='Interval Circuities'!B36 -> 1.2841178 | F36: =B36/E36 -> 49.19818 | G36: =F36*$A$1 -> 8.1996967 | H36: =PI()*G36^2 -> 211.22507 | I36: =K36/J36 -> 1518.9202 | J36: 3015.3 | K36: 4580000 | L36: =H36*I36 -> 320834.01 | M36: =MIN(K36,L36) -> 320834.01 | N36: . | O36: =P36/J36 -> 926.91175 | P36: 2794917 | Q36: =H36*O36 -> 195787 | R36: =MIN(Q36,P36) -> 195787
A37: Phoenix | B37: 62.029205 | C37: 65.130665 | D37: =B37*$A$1*1000 -> 10338.201 | E37: ='Interval Circuities'!B37 -> 1.3377242 | F37: =B37/E37 -> 46.369203 | G37: =F37*$A$1 -> 7.7282004 | H37: =PI()*G37^2 -> 187.63188 | I37: =K37/J37 -> 987.28769 | J37: 1919.4 | K37: 1895000 | L37: =H37*I37 -> 185246.64 | M37: =MIN(K37,L37) -> 185246.64 | N37: . | O37: =P37/J37 -> 519.17005 | P37: 996495 | Q37: =H37*O37 -> 97412.852 | R37: =MIN(Q37,P37) -> 97412.852
A38: Pittsburgh | B38: 65.429168 | C38: 68.700626 | D38: =B38*$A$1*1000 -> 10904.861 | E38: ='Interval Circuities'!B38 -> 1.396482 | F38: =B38/E38 -> 46.852856 | G38: =F38*$A$1 -> 7.8088093 | H38: =PI()*G38^2 -> 191.56648 | I38: =K38/J38 -> 883.28702 | J38: 2015.2 | K38: 1780000 | L38: =H38*I38 -> 169208.18 | M38: =MIN(K38,L38) -> 169208.18 | N38: . | O38: =P38/J38 -> 474.47102 | P38: 956154 | Q38: =H38*O38 -> 90892.741 | R38: =MIN(Q38,P38) -> 90892.741
... A46: San Diego | B46: 59.330043 | C46: 68.22955 | D46: =B46*$A$1*1000 -> 9888.3406 | E46: ='Interval Circuities'!B46 -> 1.4199821 | F46: =B46/E46 -> 41.782249 | G46: =F46*$A$1 -> 6.9637081 | H46: =PI()*G46^2 -> 152.34598 | I46: =K46/J46 -> 1283.9161 | J46: 1787.5 | K46: 2295000 | L46: =H46*I46 -> 195599.45 | M46: =MIN(K46,L46) -> 195599.45 | N46: . | O46: =P46/J46 -> 688.3614 | P46: 1230446 | Q46: =H46*O46 -> 104869.09 | R46: =MIN(Q46,P46) -> 104869.09
A47: San Francisco1 | B47: 53.936325 | C47: 62.026774 | D47: =B47*$A$1*1000 -> 8989.3875 | E47: ='Interval Circuities'!B47 -> 1.4123371 | F47: =B47/E47 -> 38.189412 | G47: =F47*$A$1 -> 6.364902 | H47: =PI()*G47^2 -> 127.27213 | I47: =K47/J47 -> 1623.3049 | J47: 2263.9 | K47: 3675000 | L47: =H47*I47 -> 206601.48 | M47: =MIN(K47,L47) -> 206601.48 | N47: . | O47: =P47/J47 -> 870.35072 | P47: =3200833-P46 -> 1970387 | Q47: =H47*O47 -> 110771.39 | R47: =MIN(Q47,P47) -> 110771.39
A48: San Jose1 | B48: 57.586637 | C48: 66.800499 | D48: =B48*$A$1*1000 -> 9597.7729 | E48: ='Interval Circuities'!B48 -> 1.409631 | F48: =B48/E48 -> 40.852277 | G48: =F48*$A$1 -> 6.8087128 | H48: =PI()*G48^2 -> 145.63974 | I48: =K48/J48 -> 1608.4873 | J48: 876.6 | K48: 1410000 | L48: =H48*I48 -> 234259.69 | M48: =MIN(K48,L48) -> 234259.69 | N48: . | O48: =P48/J48 -> 1079.5836 | P48: 946363 | Q48: =H48*O48 -> 157230.28 | R48: =MIN(Q48,P48) -> 157230.28
A49: Seattle | B49: 57.751552 | C49: 67.569315 | D49: =B49*$A$1*1000 -> 9625.2586 | E49: ='Interval Circuities'!B49 -> 1.4456563 | F49: =B49/E49 -> 39.948328 | G49: =F49*$A$1 -> 6.6580546 | H49: =PI()*G49^2 -> 139.26583 | I49: =K49/J49 -> 1477.6384 | J49: 1522.7 | K49: 2250000 | L49: =H49*I49 -> 205784.54 | M49: =MIN(K49,L49) -> 205784.54 | N49: . | O49: =P49/J49 -> 859.22243 | P49: 1308338 | Q49: =H49*O49 -> 119660.33 | R49: =MIN(Q49,P49) -> 119660.33
A50: South Florida | B50: 57.267087 | C50: 59.55777 | D50: =B50*$A$1*1000 -> 9544.5144 | E50: ='Interval Circuities'!B50 -> 1.3203465 | F50: =B50/E50 -> 43.37277 | G50: =F50*$A$1 -> 7.228795 | H50: =PI()*G50^2 -> 164.16543 | I50: =K50/J50 -> 4280.7094 | J50: 913.4 | K50: 3910000 | L50: =H50*I50 -> 702744.48 | M50: =MIN(K50,L50) -> 702744.48 | N50: . | O50: =P50/J50 -> 1616.0335 | P50: 1476085 | Q50: =H50*O50 -> 265296.83 | R50: =MIN(Q50,P50) -> 265296.83
A51: St. Louis | B51: 65.029166 | C51: 79.985874 | D51: =B51*$A$1*1000 -> 10838.194 | E51: ='Interval Circuities'!B51 -> 1.4333416 | F51: =B51/E51 -> 45.368923 | G51: =F51*$A$1 -> 7.5614872 | H51: =PI()*G51^2 -> 179.62398 | I51: =K51/J51 -> 1039.2365 | J51: 1886 | K51: 1960000 | L51: =H51*I51 -> 186671.79 | M51: =MIN(K51,L51) -> 186671.79 | N51: . | O51: =P51/J51 -> 606.75292 | P51: 1144336 | Q51: =H51*O51 -> 108987.37 | R51: =MIN(Q51,P51) -> 108987.37
A52: Tampa Bay | B52: 57.772653 | C52: 71.060363 | D52: =B52*$A$1*1000 -> 9628.7754 | E52: ='Interval Circuities'!B52 -> 1.3536513 | F52: =B52/E52 -> 42.679123 | G52: =F52*$A$1 -> 7.1131872 | H52: =PI()*G52^2 -> 158.95652 | I52: =K52/J52 -> 1022.1668 | J52: 1682.7 | K52: 1720000 | L52: =H52*I52 -> 162480.07 | M52: =MIN(K52,L52) -> 162480.07 | N52: . | O52: =P52/J52 -> 543.59719 | P52: 914711 | Q52: =H52*O52 -> 86408.32 | R52: =MIN(Q52,P52) -> 86408.32
A53: Washington2 | B53: 57.166397 | C53: 76.031308 | D53: =B53*$A$1*1000 -> 9527.7329 | E53: ='Interval Circuities'!B53 -> 1.4355479 | F53: =B53/E53 -> 39.822006 | G53: =F53*$A$1 -> 6.6370011 | H53: =PI()*G53^2 -> 138.38648 | I53: =K53/J53 -> 1267.0645 | J53: 2446.6 | K53: 3100000 | L53: =H53*I53 -> 175344.59 | M53: =MIN(K53,L53) -> 175344.59 | N53: . | O53: =P53/J53 -> 905.07235 | P53: 2214350 | Q53: =H53*O53 -> 125249.77 | R53: =MIN(Q53,P53) -> 125249.77
A56: Notes:
A57: 1 San Francisco-San Jose were combined for the circuity analysis
A58: 2 Los Angeles-Inland Empire and Baltimore-Washington used the same average commute distance, as they were grouped together in the NHTS data
A59: 3 Circuitry is from a sample of OD points with network distance matched to average commute distance
A61: Data Sources:
A62: Network Speed (congested), Network Speed (freeflow), Population: TTI complete data 1982-2007 (calculated from 2007 values only)
A63: Circuity: Networks are Census Tiger 2008 county-level shapefiles merged together, commute distances are from 2009 NHTS
A64: Urbanized Area: Census 2000 Urbanized Area (census.gov)
A65: Employment: 2008 MSA Business Patterns (NAICS - from Censtats)
A66: Speeds - 2010 Urban Mobility Report, Exhibit A-8. Composite Freeway and Arterial (25% Freeway, 75% Arterial), converted to km/h
A68: 1990 Employment http://publicpurpose.com/ut-jtw2000metro.htm
A69: CORRECTED LOS ANGELES AND SAN FRANCISCO AND GRAND RAPIDS 2.22.2013

Sheet 1990-20
A1: =2/6 -> 0.33333333 | B1: Network Speed (congested) [km/h] | C1: Network Speed (freeflow) [km/h] | D1: 20 min Distance [m] | E1: Circuity [ ] | F1: Average Airline Speed [km/h] | G1: Airline Radius [km] | H1: Area covered in $A$1$ hrs [km2] | I1: Urbanized area density [people/km2] | J1: Area [km2] | K1: Population | L1: Accessibility | M1: MinPA,P | N1: . | O1: Employment Density | P1: Employment | Q1: Employment Accessibility | R1: Min EA, E
A2: Area | B2: S_n | C2: S_f | E2: C3 | F2: S_a | G2: R_a | H2: A_X | I2: D_UA | J2: Area | K2: Pop | L2: A_P | M2: MinA_P | N2: . | O2: D_Emp | P2: Emp | Q2: A_E | R2: MinA_E
A3: Atlanta | B3: ='1990-10'!B3 -> 60.375468 | C3: ='1990-10'!C3 -> 63.997996 | D3: =B3*$A$1*1000 -> 20125.156 | E3: ='Interval Circuities'!C3 -> 1.2915586 | F3: =B3/E3 -> 46.74621 | G3: =F3*$A$1 -> 15.58207 | H3: =PI()*G3^2 -> 762.78153 | I3: =K3/J3 -> 964.67391 | J3: ='1990-10'!J3 -> 2944 | K3: ='1990-10'!K3 -> 2840000 | L3: =H3*I3 -> 735835.44 | M3: =MIN(K3,L3) -> 735835.44 | N3: . | O3: =P3/J3 -> 503.32235 | P3: ='1990-10'!P3 -> 1481781 | Q3: =H3*O3 -> 383924.99 | R3: =MIN(Q3,P3) -> 383924.99
A4: Austin | B4: ='1990-10'!B4 -> 63.478689 | C4: ='1990-10'!C4 -> 67.922197 | D4: =B4*$A$1*1000 -> 21159.563 | E4: ='Interval Circuities'!C4 -> 1.4003139 | F4: =B4/E4 -> 45.331755 | G4: =F4*$A$1 -> 15.110585 | H4: =PI()*G4^2 -> 717.31917 | I4: =K4/J4 -> 932.86219 | J4: ='1990-10'!J4 -> 707.5 | K4: ='1990-10'!K4 -> 660000 | L4: =H4*I4 -> 669159.93 | M4: =MIN(K4,L4) -> 660000 | N4: . | O4: =P4/J4 -> 571.04735 | P4: ='1990-10'!P4 -> 404016 | Q4: =H4*O4 -> 409623.21 | R4: =MIN(Q4,P4) -> 404016
A5: Baltimore2 | B5: ='1990-10'!B5 -> 60.37745 | C5: ='1990-10'!C5 -> 64.603872 | D5: =B5*$A$1*1000 -> 20125.817 | E5: ='Interval Circuities'!C5 -> 1.2942727 | F5: =B5/E5 -> 46.649714 | G5: =F5*$A$1 -> 15.549905 | H5: =PI()*G5^2 -> 759.63564 | I5: =K5/J5 -> 1296.8394 | J5: ='1990-10'!J5 -> 1534.5 | K5: ='1990-10'!K5 -> 1990000 | L5: =H5*I5 -> 985125.4 | M5: =MIN(K5,L5) -> 985125.4 | N5: . | O5: =P5/J5 -> 776.6784 | P5: ='1990-10'!P5 -> 1191813 | Q5: =H5*O5 -> 589992.59 | R5: =MIN(Q5,P5) -> 589992.59
A6: Boston | B6: ='1990-10'!B6 -> 61.541691 | C6: ='1990-10'!C6 -> 67.69586 | D6: =B6*$A$1*1000 -> 20513.897 | E6: ='Interval Circuities'!C6 -> 1.2559544 | F6: =B6/E6 -> 48.999942 | G6: =F6*$A$1 -> 16.333314 | H6: =PI()*G6^2 -> 838.10513 | I6: =K6/J6 -> 1563.9893 | J6: ='1990-10'!J6 -> 2308.2 | K6: ='1990-10'!K6 -> 3610000 | L6: =H6*I6 -> 1310787.4 | M6: =MIN(K6,L6) -> 1310787.4 | N6: . | O6: =P6/J6 -> 927.87323 | P6: ='1990-10'!P6 -> 2141717 | Q6: =H6*O6 -> 777655.32 | R6: =MIN(Q6,P6) -> 777655.32
A7: Buffalo | B7: ='1990-10'!B7 -> 73.276598 | C7: ='1990-10'!C7 -> 76.207662 | D7: =B7*$A$1*1000 -> 24425.533 | E7: ='Interval Circuities'!C7 -> 1.2113826 | F7: =B7/E7 -> 60.490052 | G7: =F7*$A$1 -> 20.163351 | H7: =PI()*G7^2 -> 1277.2481 | I7: =K7/J7 -> 1440.1623 | J7: ='1990-10'!J7 -> 739.5 | K7: ='1990-10'!K7 -> 1065000 | L7: =H7*I7 -> 1839444.6 | M7: =MIN(K7,L7) -> 1065000 | N7: . | O7: =P7/J7 -> 718.21771 | P7: ='1990-10'!P7 -> 531122 | Q7: =H7*O7 -> 917342.25 | R7: =MIN(Q7,P7) -> 531122
A8: Charlotte | B8: ='1990-10'!B8 -> 66.908177 | C8: ='1990-10'!C8 -> 71.591749 | D8: =B8*$A$1*1000 -> 22302.726 | E8: ='Interval Circuities'!C8 -> 1.2900411 | F8: =B8/E8 -> 51.865152 | G8: =F8*$A$1 -> 17.288384 | H8: =PI()*G8^2 -> 938.98504 | I8: =K8/J8 -> 862.48203 | J8: ='1990-10'!J8 -> 626.1 | K8: ='1990-10'!K8 -> 540000 | L8: =H8*I8 -> 809857.73 | M8: =MIN(K8,L8) -> 540000 | N8: . | O8: =P8/J8 -> 966.06932 | P8: ='1990-10'!P8 -> 604856 | Q8: =H8*O8 -> 907124.64 | R8: =MIN(Q8,P8) -> 604856
A9: Chicago | B9: ='1990-10'!B9 -> 59.830535 | C9: ='1990-10'!C9 -> 64.616977 | D9: =B9*$A$1*1000 -> 19943.512 | E9: ='Interval Circuities'!C9 -> 1.2599016 | F9: =B9/E9 -> 47.48826 | G9: =F9*$A$1 -> 15.82942 | H9: =PI()*G9^2 -> 787.19057 | I9: =K9/J9 -> 1830.0112 | J9: ='1990-10'!J9 -> 4103.8 | K9: ='1990-10'!K9 -> 7510000 | L9: =H9*I9 -> 1440567.6 | M9: =MIN(K9,L9) -> 1440567.6 | N9: . | O9: =P9/J9 -> 936.04391 | P9: ='1990-10'!P9 -> 3841337 | Q9: =H9*O9 -> 736844.94 | R9: =MIN(Q9,P9) -> 736844.94
A10: Cincinnati | B10: ='1990-10'!B10 -> 67.518821 | C10: ='1990-10'!C10 -> 74.270703 | D10: =B10*$A$1*1000 -> 22506.274 | E10: ='Interval Circuities'!C10 -> 1.3333596 | F10: =B10/E10 -> 50.638117 | G10: =F10*$A$1 -> 16.879372 | H10: =PI()*G10^2 -> 895.08126 | I10: =K10/J10 -> 860.24751 | J10: ='1990-10'!J10 -> 1325.2 | K10: ='1990-10'!K10 -> 1140000 | L10: =H10*I10 -> 769991.43 | M10: =MIN(K10,L10) -> 769991.43 | N10: . | O10: =P10/J10 -> 613.31573 | P10: ='1990-10'!P10 -> 812766 | Q10: =H10*O10 -> 548967.42 | R10: =MIN(Q10,P10) -> 548967.42
A11: Cleveland | B11: ='1990-10'!B11 -> 70.270148 | C11: ='1990-10'!C11 -> 77.297163 | D11: =B11*$A$1*1000 -> 23423.383 | E11: ='Interval Circuities'!C11 -> 1.2159001 | F11: =B11/E11 -> 57.7927 | G11: =F11*$A$1 -> 19.264233 | H11: =PI()*G11^2 -> 1165.8786 | I11: =K11/J11 -> 1068.6096 | J11: ='1990-10'!J11 -> 1647 | K11: ='1990-10'!K11 -> 1760000 | L11: =H11*I11 -> 1245869 | M11: =MIN(K11,L11) -> 1245869 | N11: . | O11: =P11/J11 -> 754.15847 | P11: ='1990-10'!P11 -> 1242099 | Q11: =H11*O11 -> 879257.21 | R11: =MIN(Q11,P11) -> 879257.21
A12: Columbus | B12: ='1990-10'!B12 -> 67.725933 | C12: ='1990-10'!C12 -> 77.207564 | D12: =B12*$A$1*1000 -> 22575.311 | E12: ='Interval Circuities'!C12 -> 1.2574618 | F12: =B12/E12 -> 53.859238 | G12: =F12*$A$1 -> 17.953079 | H12: =PI()*G12^2 -> 1012.5763 | I12: =K12/J12 -> 973.91694 | J12: ='1990-10'!J12 -> 893.3 | K12: ='1990-10'!K12 -> 870000 | L12: =H12*I12 -> 986165.23 | M12: =MIN(K12,L12) -> 870000 | N12: . | O12: =P12/J12 -> 758.8257 | P12: ='1990-10'!P12 -> 677859 | Q12: =H12*O12 -> 768368.94 | R12: =MIN(Q12,P12) -> 677859
A13: Dallas-Fort Worth | B13: ='1990-10'!B13 -> 66.031469 | C13: ='1990-10'!C13 -> 76.596505 | D13: =B13*$A$1*1000 -> 22010.49 | E13: ='Interval Circuities'!C13 -> 1.3167418 | F13: =B13/E13 -> 50.147621 | G13: =F13*$A$1 -> 16.715874 | H13: =PI()*G13^2 -> 877.82518 | I13: =K13/J13 -> 869.56522 | J13: ='1990-10'!J13 -> 3737.5 | K13: ='1990-10'!K13 -> 3250000 | L13: =H13*I13 -> 763326.24 | M13: =MIN(K13,L13) -> 763326.24 | N13: . | O13: =P13/J13 -> 528.85779 | P13: ='1990-10'!P13 -> 1976606 | Q13: =H13*O13 -> 464244.69 | R13: =MIN(Q13,P13) -> 464244.69
A14: Denver | B14: ='1990-10'!B14 -> 65.002141 | C14: ='1990-10'!C14 -> 76.052505 | D14: =B14*$A$1*1000 -> 21667.38 | E14: ='Interval Circuities'!C14 -> 1.3695766 | F14: =B14/E14 -> 47.461485 | G14: =F14*$A$1 -> 15.820495 | H14: =PI()*G14^2 -> 786.30314 | I14: =K14/J14 -> 1329.5187 | J14: ='1990-10'!J14 -> 1188.4 | K14: ='1990-10'!K14 -> 1580000 | L14: =H14*I14 -> 1045404.7 | M14: =MIN(K14,L14) -> 1045404.7 | N14: . | O14: =P14/J14 -> 811.94211 | P14: ='1990-10'!P14 -> 964912 | Q14: =H14*O14 -> 638432.63 | R14: =MIN(Q14,P14) -> 638432.63
... A53: Washington2 | B53: ='1990-10'!B53 -> 57.166397 | C53: ='1990-10'!C53 -> 76.031308 | D53: =B53*$A$1*1000 -> 19055.466 | E53: ='Interval Circuities'!C53 -> 1.3872254 | F53: =B53/E53 -> 41.209162 | G53: =F53*$A$1 -> 13.736387 | H53: =PI()*G53^2 -> 592.78189 | I53: =K53/J53 -> 1267.0645 | J53: ='1990-10'!J53 -> 2446.6 | K53: ='1990-10'!K53 -> 3100000 | L53: =H53*I53 -> 751092.88 | M53: =MIN(K53,L53) -> 751092.88 | N53: . | O53: =P53/J53 -> 905.07235 | P53: ='1990-10'!P53 -> 2214350 | Q53: =H53*O53 -> 536510.49 | R53: =MIN(Q53,P53) -> 536510.49

Sheet 1990-30
A1: =3/6 -> 0.5 | B1: Network Speed (congested) [km/h] | C1: Network Speed (freeflow) [km/h] | D1: 30 min Distance [m] | E1: Circuity [ ] | F1: Average Airline Speed [km/h] | G1: Airline Radius [km] | H1: Area covered in $A$1$ hrs [km2] | I1: Urbanized area density [people/km2] | J1: Area [km2] | K1: Population | L1: Accessibility | M1: MinPA,P | N1: . | O1: Employment Density | P1: Employment | Q1: Employment Accessibility | R1: Min EA, E
A2: Area | B2: S_n | C2: S_f | E2: C3 | F2: S_a | G2: R_a | H2: A_X | I2: D_UA | J2: Area | K2: Pop | L2: A_P | M2: MinA_P | N2: . | O2: D_Emp | P2: Emp | Q2: A_E | R2: MinA_E
A3: Atlanta | B3: ='1990-10'!B3 -> 60.375468 | C3: ='1990-10'!C3 -> 63.997996 | D3: =B3*$A$1*1000 -> 30187.734 | E3: ='Interval Circuities'!D3 -> 1.2597492 | F3: =B3/E3 -> 47.926577 | G3: =F3*$A$1 -> 23.963289 | H3: =PI()*G3^2 -> 1804.0257 | I3: =K3/J3 -> 964.67391 | J3: ='1990-10'!J3 -> 2944 | K3: ='1990-10'!K3 -> 2840000 | L3: =H3*I3 -> 1740296.5 | M3: =MIN(K3,L3) -> 1740296.5 | N3: . | O3: =P3/J3 -> 503.32235 | P3: ='1990-10'!P3 -> 1481781 | Q3: =H3*O3 -> 908006.43 | R3: =MIN(Q3,P3) -> 908006.43
A4: Austin | B4: ='1990-10'!B4 -> 63.478689 | C4: ='1990-10'!C4 -> 67.922197 | D4: =B4*$A$1*1000 -> 31739.345 | E4: ='Interval Circuities'!D4 -> 1.3586811 | F4: =B4/E4 -> 46.720816 | G4: =F4*$A$1 -> 23.360408 | H4: =PI()*G4^2 -> 1714.3943 | I4: =K4/J4 -> 932.86219 | J4: ='1990-10'!J4 -> 707.5 | K4: ='1990-10'!K4 -> 660000 | L4: =H4*I4 -> 1599293.7 | M4: =MIN(K4,L4) -> 660000 | N4: . | O4: =P4/J4 -> 571.04735 | P4: ='1990-10'!P4 -> 404016 | Q4: =H4*O4 -> 979000.34 | R4: =MIN(Q4,P4) -> 404016
A5: Baltimore2 | B5: ='1990-10'!B5 -> 60.37745 | C5: ='1990-10'!C5 -> 64.603872 | D5: =B5*$A$1*1000 -> 30188.725 | E5: ='Interval Circuities'!D5 -> 1.2586521 | F5: =B5/E5 -> 47.969929 | G5: =F5*$A$1 -> 23.984964 | H5: =PI()*G5^2 -> 1807.2908 | I5: =K5/J5 -> 1296.8394 | J5: ='1990-10'!J5 -> 1534.5 | K5: ='1990-10'!K5 -> 1990000 | L5: =H5*I5 -> 2343765.8 | M5: =MIN(K5,L5) -> 1990000 | N5: . | O5: =P5/J5 -> 776.6784 | P5: ='1990-10'!P5 -> 1191813 | Q5: =H5*O5 -> 1403683.7 | R5: =MIN(Q5,P5) -> 1191813
A6: Boston | B6: ='1990-10'!B6 -> 61.541691 | C6: ='1990-10'!C6 -> 67.69586 | D6: =B6*$A$1*1000 -> 30770.845 | E6: ='Interval Circuities'!D6 -> 1.2254345 | F6: =B6/E6 -> 50.220301 | G6: =F6*$A$1 -> 25.11015 | H6: =PI()*G6^2 -> 1980.8359 | I6: =K6/J6 -> 1563.9893 | J6: ='1990-10'!J6 -> 2308.2 | K6: ='1990-10'!K6 -> 3610000 | L6: =H6*I6 -> 3098006.1 | M6: =MIN(K6,L6) -> 3098006.1 | N6: . | O6: =P6/J6 -> 927.87323 | P6: ='1990-10'!P6 -> 2141717 | Q6: =H6*O6 -> 1837964.6 | R6: =MIN(Q6,P6) -> 1837964.6
A7: Buffalo | B7: ='1990-10'!B7 -> 73.276598 | C7: ='1990-10'!C7 -> 76.207662 | D7: =B7*$A$1*1000 -> 36638.299 | E7: ='Interval Circuities'!D7 -> 1.1906803 | F7: =B7/E7 -> 61.541792 | G7: =F7*$A$1 -> 30.770896 | H7: =PI()*G7^2 -> 2974.6109 | I7: =K7/J7 -> 1440.1623 | J7: ='1990-10'!J7 -> 739.5 | K7: ='1990-10'!K7 -> 1065000 | L7: =H7*I7 -> 4283922.3 | M7: =MIN(K7,L7) -> 1065000 | N7: . | O7: =P7/J7 -> 718.21771 | P7: ='1990-10'!P7 -> 531122 | Q7: =H7*O7 -> 2136418.2 | R7: =MIN(Q7,P7) -> 531122
A8: Charlotte | B8: ='1990-10'!B8 -> 66.908177 | C8: ='1990-10'!C8 -> 71.591749 | D8: =B8*$A$1*1000 -> 33454.088 | E8: ='Interval Circuities'!D8 -> 1.2583972 | F8: =B8/E8 -> 53.169362 | G8: =F8*$A$1 -> 26.584681 | H8: =PI()*G8^2 -> 2220.3057 | I8: =K8/J8 -> 862.48203 | J8: ='1990-10'!J8 -> 626.1 | K8: ='1990-10'!K8 -> 540000 | L8: =H8*I8 -> 1914973.8 | M8: =MIN(K8,L8) -> 540000 | N8: . | O8: =P8/J8 -> 966.06932 | P8: ='1990-10'!P8 -> 604856 | Q8: =H8*O8 -> 2144969.3 | R8: =MIN(Q8,P8) -> 604856
A9: Chicago | B9: ='1990-10'!B9 -> 59.830535 | C9: ='1990-10'!C9 -> 64.616977 | D9: =B9*$A$1*1000 -> 29915.267 | E9: ='Interval Circuities'!D9 -> 1.2318699 | F9: =B9/E9 -> 48.568874 | G9: =F9*$A$1 -> 24.284437 | H9: =PI()*G9^2 -> 1852.7036 | I9: =K9/J9 -> 1830.0112 | J9: ='1990-10'!J9 -> 4103.8 | K9: ='1990-10'!K9 -> 7510000 | L9: =H9*I9 -> 3390468.4 | M9: =MIN(K9,L9) -> 3390468.4 | N9: . | O9: =P9/J9 -> 936.04391 | P9: ='1990-10'!P9 -> 3841337 | Q9: =H9*O9 -> 1734212 | R9: =MIN(Q9,P9) -> 1734212
A10: Cincinnati | B10: ='1990-10'!B10 -> 67.518821 | C10: ='1990-10'!C10 -> 74.270703 | D10: =B10*$A$1*1000 -> 33759.411 | E10: ='Interval Circuities'!D10 -> 1.3042447 | F10: =B10/E10 -> 51.768522 | G10: =F10*$A$1 -> 25.884261 | H10: =PI()*G10^2 -> 2104.8513 | I10: =K10/J10 -> 860.24751 | J10: ='1990-10'!J10 -> 1325.2 | K10: ='1990-10'!K10 -> 1140000 | L10: =H10*I10 -> 1810693.1 | M10: =MIN(K10,L10) -> 1140000 | N10: . | O10: =P10/J10 -> 613.31573 | P10: ='1990-10'!P10 -> 812766 | Q10: =H10*O10 -> 1290938.4 | R10: =MIN(Q10,P10) -> 812766
A11: Cleveland | B11: ='1990-10'!B11 -> 70.270148 | C11: ='1990-10'!C11 -> 77.297163 | D11: =B11*$A$1*1000 -> 35135.074 | E11: ='Interval Circuities'!D11 -> 1.1889606 | F11: =B11/E11 -> 59.102167 | G11: =F11*$A$1 -> 29.551083 | H11: =PI()*G11^2 -> 2743.4477 | I11: =K11/J11 -> 1068.6096 | J11: ='1990-10'!J11 -> 1647 | K11: ='1990-10'!K11 -> 1760000 | L11: =H11*I11 -> 2931674.6 | M11: =MIN(K11,L11) -> 1760000 | N11: . | O11: =P11/J11 -> 754.15847 | P11: ='1990-10'!P11 -> 1242099 | Q11: =H11*O11 -> 2068994.3 | R11: =MIN(Q11,P11) -> 1242099
A12: Columbus | B12: ='1990-10'!B12 -> 67.725933 | C12: ='1990-10'!C12 -> 77.207564 | D12: =B12*$A$1*1000 -> 33862.966 | E12: ='Interval Circuities'!D12 -> 1.2256373 | F12: =B12/E12 -> 55.25773 | G12: =F12*$A$1 -> 27.628865 | H12: =PI()*G12^2 -> 2398.1479 | I12: =K12/J12 -> 973.91694 | J12: ='1990-10'!J12 -> 893.3 | K12: ='1990-10'!K12 -> 870000 | L12: =H12*I12 -> 2335596.8 | M12: =MIN(K12,L12) -> 870000 | N12: . | O12: =P12/J12 -> 758.8257 | P12: ='1990-10'!P12 -> 677859 | Q12: =H12*O12 -> 1819776.2 | R12: =MIN(Q12,P12) -> 677859
A13: Dallas-Fort Worth | B13: ='1990-10'!B13 -> 66.031469 | C13: ='1990-10'!C13 -> 76.596505 | D13: =B13*$A$1*1000 -> 33015.735 | E13: ='Interval Circuities'!D13 -> 1.2795055 | F13: =B13/E13 -> 51.607024 | G13: =F13*$A$1 -> 25.803512 | H13: =PI()*G13^2 -> 2091.7391 | I13: =K13/J13 -> 869.56522 | J13: ='1990-10'!J13 -> 3737.5 | K13: ='1990-10'!K13 -> 3250000 | L13: =H13*I13 -> 1818903.5 | M13: =MIN(K13,L13) -> 1818903.5 | N13: . | O13: =P13/J13 -> 528.85779 | P13: ='1990-10'!P13 -> 1976606 | Q13: =H13*O13 -> 1106232.5 | R13: =MIN(Q13,P13) -> 1106232.5
A14: Denver | B14: ='1990-10'!B14 -> 65.002141 | C14: ='1990-10'!C14 -> 76.052505 | D14: =B14*$A$1*1000 -> 32501.07 | E14: ='Interval Circuities'!D14 -> 1.3549453 | F14: =B14/E14 -> 47.973995 | G14: =F14*$A$1 -> 23.986997 | H14: =PI()*G14^2 -> 1807.5972 | I14: =K14/J14 -> 1329.5187 | J14: ='1990-10'!J14 -> 1188.4 | K14: ='1990-10'!K14 -> 1580000 | L14: =H14*I14 -> 2403234.2 | M14: =MIN(K14,L14) -> 1580000 | N14: . | O14: =P14/J14 -> 811.94211 | P14: ='1990-10'!P14 -> 964912 | Q14: =H14*O14 -> 1467664.2 | R14: =MIN(Q14,P14) -> 964912
... A53: Washington2 | B53: ='1990-10'!B53 -> 57.166397 | C53: ='1990-10'!C53 -> 76.031308 | D53: =B53*$A$1*1000 -> 28583.199 | E53: ='Interval Circuities'!D53 -> 1.344523 | F53: =B53/E53 -> 42.517975 | G53: =F53*$A$1 -> 21.258988 | H53: =PI()*G53^2 -> 1419.8257 | I53: =K53/J53 -> 1267.0645 | J53: ='1990-10'!J53 -> 2446.6 | K53: ='1990-10'!K53 -> 3100000 | L53: =H53*I53 -> 1799010.7 | M53: =MIN(K53,L53) -> 1799010.7 | N53: . | O53: =P53/J53 -> 905.07235 | P53: ='1990-10'!P53 -> 2214350 | Q53: =H53*O53 -> 1285045 | R53: =MIN(Q53,P53) -> 1285045

Sheet 1990-40
A1: =4/6 -> 0.66666667 | B1: Network Speed (congested) [km/h] | C1: Network Speed (freeflow) [km/h] | D1: 40 min Distance [m] | E1: Circuity [ ] | F1: Average Airline Speed [km/h] | G1: Airline Radius [km] | H1: Area covered in $A$1$ hrs [km2] | I1: Urbanized area density [people/km2] | J1: Area [km2] | K1: Population | L1: Accessibility | M1: MinPA,P | N1: . | O1: Employment Density | P1: Employment | Q1: Employment Accessibility | R1: Min EA, E
A2: Area | B2: S_n | C2: S_f | E2: C3 | F2: S_a | G2: R_a | H2: A_X | I2: D_UA | J2: Area | K2: Pop | L2: A_P | M2: MinA_P | N2: . | O2: D_Emp | P2: Emp | Q2: A_E | R2: MinA_E
A3: Atlanta | B3: ='1990-10'!B3 -> 60.375468 | C3: ='1990-10'!C3 -> 63.997996 | D3: =B3*$A$1*1000 -> 40250.312 | E3: ='Interval Circuities'!E3 -> 1.2408931 | F3: =B3/E3 -> 48.654851 | G3: =F3*$A$1 -> 32.436567 | H3: =PI()*G3^2 -> 3305.3667 | I3: =K3/J3 -> 964.67391 | J3: ='1990-10'!J3 -> 2944 | K3: ='1990-10'!K3 -> 2840000 | L3: =H3*I3 -> 3188601 | M3: =MIN(K3,L3) -> 2840000 | N3: . | O3: =P3/J3 -> 503.32235 | P3: ='1990-10'!P3 -> 1481781 | Q3: =H3*O3 -> 1663664.9 | R3: =MIN(Q3,P3) -> 1481781
A4: Austin | B4: ='1990-10'!B4 -> 63.478689 | C4: ='1990-10'!C4 -> 67.922197 | D4: =B4*$A$1*1000 -> 42319.126 | E4: ='Interval Circuities'!E4 -> 1.3288132 | F4: =B4/E4 -> 47.770967 | G4: =F4*$A$1 -> 31.847311 | H4: =PI()*G4^2 -> 3186.3642 | I4: =K4/J4 -> 932.86219 | J4: ='1990-10'!J4 -> 707.5 | K4: ='1990-10'!K4 -> 660000 | L4: =H4*I4 -> 2972438.7 | M4: =MIN(K4,L4) -> 660000 | N4: . | O4: =P4/J4 -> 571.04735 | P4: ='1990-10'!P4 -> 404016 | Q4: =H4*O4 -> 1819564.8 | R4: =MIN(Q4,P4) -> 404016
A5: Baltimore2 | B5: ='1990-10'!B5 -> 60.37745 | C5: ='1990-10'!C5 -> 64.603872 | D5: =B5*$A$1*1000 -> 40251.634 | E5: ='Interval Circuities'!E5 -> 1.2365714 | F5: =B5/E5 -> 48.826496 | G5: =F5*$A$1 -> 32.550997 | H5: =PI()*G5^2 -> 3328.7293 | I5: =K5/J5 -> 1296.8394 | J5: ='1990-10'!J5 -> 1534.5 | K5: ='1990-10'!K5 -> 1990000 | L5: =H5*I5 -> 4316827.1 | M5: =MIN(K5,L5) -> 1990000 | N5: . | O5: =P5/J5 -> 776.6784 | P5: ='1990-10'!P5 -> 1191813 | Q5: =H5*O5 -> 2585352.1 | R5: =MIN(Q5,P5) -> 1191813
A6: Boston | B6: ='1990-10'!B6 -> 61.541691 | C6: ='1990-10'!C6 -> 67.69586 | D6: =B6*$A$1*1000 -> 41027.794 | E6: ='Interval Circuities'!E6 -> 1.2071976 | F6: =B6/E6 -> 50.97897 | G6: =F6*$A$1 -> 33.98598 | H6: =PI()*G6^2 -> 3628.6867 | I6: =K6/J6 -> 1563.9893 | J6: ='1990-10'!J6 -> 2308.2 | K6: ='1990-10'!K6 -> 3610000 | L6: =H6*I6 -> 5675227 | M6: =MIN(K6,L6) -> 3610000 | N6: . | O6: =P6/J6 -> 927.87323 | P6: ='1990-10'!P6 -> 2141717 | Q6: =H6*O6 -> 3366961.2 | R6: =MIN(Q6,P6) -> 2141717
A7: Buffalo | B7: ='1990-10'!B7 -> 73.276598 | C7: ='1990-10'!C7 -> 76.207662 | D7: =B7*$A$1*1000 -> 48851.065 | E7: ='Interval Circuities'!E7 -> 1.1790012 | F7: =B7/E7 -> 62.151418 | G7: =F7*$A$1 -> 41.434278 | H7: =PI()*G7^2 -> 5393.4845 | I7: =K7/J7 -> 1440.1623 | J7: ='1990-10'!J7 -> 739.5 | K7: ='1990-10'!K7 -> 1065000 | L7: =H7*I7 -> 7767492.8 | M7: =MIN(K7,L7) -> 1065000 | N7: . | O7: =P7/J7 -> 718.21771 | P7: ='1990-10'!P7 -> 531122 | Q7: =H7*O7 -> 3873696.1 | R7: =MIN(Q7,P7) -> 531122
A8: Charlotte | B8: ='1990-10'!B8 -> 66.908177 | C8: ='1990-10'!C8 -> 71.591749 | D8: =B8*$A$1*1000 -> 44605.451 | E8: ='Interval Circuities'!E8 -> 1.2387013 | F8: =B8/E8 -> 54.01478 | G8: =F8*$A$1 -> 36.009853 | H8: =PI()*G8^2 -> 4073.7331 | I8: =K8/J8 -> 862.48203 | J8: ='1990-10'!J8 -> 626.1 | K8: ='1990-10'!K8 -> 540000 | L8: =H8*I8 -> 3513521.6 | M8: =MIN(K8,L8) -> 540000 | N8: . | O8: =P8/J8 -> 966.06932 | P8: ='1990-10'!P8 -> 604856 | Q8: =H8*O8 -> 3935508.6 | R8: =MIN(Q8,P8) -> 604856
A9: Chicago | B9: ='1990-10'!B9 -> 59.830535 | C9: ='1990-10'!C9 -> 64.616977 | D9: =B9*$A$1*1000 -> 39887.023 | E9: ='Interval Circuities'!E9 -> 1.2103694 | F9: =B9/E9 -> 49.431632 | G9: =F9*$A$1 -> 32.954421 | H9: =PI()*G9^2 -> 3411.7503 | I9: =K9/J9 -> 1830.0112 | J9: ='1990-10'!J9 -> 4103.8 | K9: ='1990-10'!K9 -> 7510000 | L9: =H9*I9 -> 6243541.4 | M9: =MIN(K9,L9) -> 6243541.4 | N9: . | O9: =P9/J9 -> 936.04391 | P9: ='1990-10'!P9 -> 3841337 | Q9: =H9*O9 -> 3193548.1 | R9: =MIN(Q9,P9) -> 3193548.1
A10: Cincinnati | B10: ='1990-10'!B10 -> 67.518821 | C10: ='1990-10'!C10 -> 74.270703 | D10: =B10*$A$1*1000 -> 45012.547 | E10: ='Interval Circuities'!E10 -> 1.29035 | F10: =B10/E10 -> 52.325973 | G10: =F10*$A$1 -> 34.883982 | H10: =PI()*G10^2 -> 3822.9796 | I10: =K10/J10 -> 860.24751 | J10: ='1990-10'!J10 -> 1325.2 | K10: ='1990-10'!K10 -> 1140000 | L10: =H10*I10 -> 3288708.7 | M10: =MIN(K10,L10) -> 1140000 | N10: . | O10: =P10/J10 -> 613.31573 | P10: ='1990-10'!P10 -> 812766 | Q10: =H10*O10 -> 2344693.5 | R10: =MIN(Q10,P10) -> 812766
A11: Cleveland | B11: ='1990-10'!B11 -> 70.270148 | C11: ='1990-10'!C11 -> 77.297163 | D11: =B11*$A$1*1000 -> 46846.765 | E11: ='Interval Circuities'!E11 -> 1.1739382 | F11: =B11/E11 -> 59.858471 | G11: =F11*$A$1 -> 39.905647 | H11: =PI()*G11^2 -> 5002.8628 | I11: =K11/J11 -> 1068.6096 | J11: ='1990-10'!J11 -> 1647 | K11: ='1990-10'!K11 -> 1760000 | L11: =H11*I11 -> 5346107.1 | M11: =MIN(K11,L11) -> 1760000 | N11: . | O11: =P11/J11 -> 754.15847 | P11: ='1990-10'!P11 -> 1242099 | Q11: =H11*O11 -> 3772951.3 | R11: =MIN(Q11,P11) -> 1242099
A12: Columbus | B12: ='1990-10'!B12 -> 67.725933 | C12: ='1990-10'!C12 -> 77.207564 | D12: =B12*$A$1*1000 -> 45150.622 | E12: ='Interval Circuities'!E12 -> 1.2064902 | F12: =B12/E12 -> 56.134673 | G12: =F12*$A$1 -> 37.423115 | H12: =PI()*G12^2 -> 4399.7677 | I12: =K12/J12 -> 973.91694 | J12: ='1990-10'!J12 -> 893.3 | K12: ='1990-10'!K12 -> 870000 | L12: =H12*I12 -> 4285008.2 | M12: =MIN(K12,L12) -> 870000 | N12: . | O12: =P12/J12 -> 758.8257 | P12: ='1990-10'!P12 -> 677859 | Q12: =H12*O12 -> 3338656.8 | R12: =MIN(Q12,P12) -> 677859
A13: Dallas-Fort Worth | B13: ='1990-10'!B13 -> 66.031469 | C13: ='1990-10'!C13 -> 76.596505 | D13: =B13*$A$1*1000 -> 44020.98 | E13: ='Interval Circuities'!E13 -> 1.2511891 | F13: =B13/E13 -> 52.77497 | G13: =F13*$A$1 -> 35.183314 | H13: =PI()*G13^2 -> 3888.8693 | I13: =K13/J13 -> 869.56522 | J13: ='1990-10'!J13 -> 3737.5 | K13: ='1990-10'!K13 -> 3250000 | L13: =H13*I13 -> 3381625.5 | M13: =MIN(K13,L13) -> 3250000 | N13: . | O13: =P13/J13 -> 528.85779 | P13: ='1990-10'!P13 -> 1976606 | Q13: =H13*O13 -> 2056658.9 | R13: =MIN(Q13,P13) -> 1976606
A14: Denver | B14: ='1990-10'!B14 -> 65.002141 | C14: ='1990-10'!C14 -> 76.052505 | D14: =B14*$A$1*1000 -> 43334.761 | E14: ='Interval Circuities'!E14 -> 1.3407119 | F14: =B14/E14 -> 48.483301 | G14: =F14*$A$1 -> 32.322201 | H14: =PI()*G14^2 -> 3282.0993 | I14: =K14/J14 -> 1329.5187 | J14: ='1990-10'!J14 -> 1188.4 | K14: ='1990-10'!K14 -> 1580000 | L14: =H14*I14 -> 4363612.4 | M14: =MIN(K14,L14) -> 1580000 | N14: . | O14: =P14/J14 -> 811.94211 | P14: ='1990-10'!P14 -> 964912 | Q14: =H14*O14 -> 2664874.6 | R14: =MIN(Q14,P14) -> 964912
... A53: Washington2 | B53: ='1990-10'!B53 -> 57.166397 | C53: ='1990-10'!C53 -> 76.031308 | D53: =B53*$A$1*1000 -> 38110.931 | E53: ='Interval Circuities'!E53 -> 1.3212313 | F53: =B53/E53 -> 43.267518 | G53: =F53*$A$1 -> 28.845012 | H53: =PI()*G53^2 -> 2613.9142 | I53: =K53/J53 -> 1267.0645 | J53: ='1990-10'!J53 -> 2446.6 | K53: ='1990-10'!K53 -> 3100000 | L53: =H53*I53 -> 3311997.8 | M53: =MIN(K53,L53) -> 3100000 | N53: . | O53: =P53/J53 -> 905.07235 | P53: ='1990-10'!P53 -> 2214350 | Q53: =H53*O53 -> 2365781.4 | R53: =MIN(Q53,P53) -> 2214350

Sheet 1990-50
A1: =5/6 -> 0.83333333 | B1: Network Speed (congested) [km/h] | C1: Network Speed (freeflow) [km/h] | D1: 50 min Distance [m] | E1: Circuity [ ] | F1: Average Airline Speed [km/h] | G1: Airline Radius [km] | H1: Area covered in $A$1$ hrs [km2] | I1: Urbanized area density [people/km2] | J1: Area [km2] | K1: Population | L1: Accessibility | M1: MinPA,P | N1: . | O1: Employment Density | P1: Employment | Q1: Employment Accessibility | R1: Min EA, E
A2: Area | B2: S_n | C2: S_f | E2: C3 | F2: S_a | G2: R_a | H2: A_X | I2: D_UA | J2: Area | K2: Pop | L2: A_P | M2: MinA_P | N2: . | O2: D_Emp | P2: Emp | Q2: A_E | R2: MinA_E
A3: Atlanta | B3: ='1990-10'!B3 -> 60.375468 | C3: ='1990-10'!C3 -> 63.997996 | D3: =B3*$A$1*1000 -> 50312.89 | E3: ='Interval Circuities'!F3 -> 1.2257266 | F3: =B3/E3 -> 49.256881 | G3: =F3*$A$1 -> 41.047401 | H3: =PI()*G3^2 -> 5293.2353 | I3: =K3/J3 -> 964.67391 | J3: ='1990-10'!J3 -> 2944 | K3: ='1990-10'!K3 -> 2840000 | L3: =H3*I3 -> 5106246 | M3: =MIN(K3,L3) -> 2840000 | N3: . | O3: =P3/J3 -> 503.32235 | P3: ='1990-10'!P3 -> 1481781 | Q3: =H3*O3 -> 2664203.6 | R3: =MIN(Q3,P3) -> 1481781
A4: Austin | B4: ='1990-10'!B4 -> 63.478689 | C4: ='1990-10'!C4 -> 67.922197 | D4: =B4*$A$1*1000 -> 52898.908 | E4: ='Interval Circuities'!F4 -> 1.3049269 | F4: =B4/E4 -> 48.645398 | G4: =F4*$A$1 -> 40.537832 | H4: =PI()*G4^2 -> 5162.6289 | I4: =K4/J4 -> 932.86219 | J4: ='1990-10'!J4 -> 707.5 | K4: ='1990-10'!K4 -> 660000 | L4: =H4*I4 -> 4816021.3 | M4: =MIN(K4,L4) -> 660000 | N4: . | O4: =P4/J4 -> 571.04735 | P4: ='1990-10'!P4 -> 404016 | Q4: =H4*O4 -> 2948105.5 | R4: =MIN(Q4,P4) -> 404016
A5: Baltimore2 | B5: ='1990-10'!B5 -> 60.37745 | C5: ='1990-10'!C5 -> 64.603872 | D5: =B5*$A$1*1000 -> 50314.542 | E5: ='Interval Circuities'!F5 -> 1.2230334 | F5: =B5/E5 -> 49.366966 | G5: =F5*$A$1 -> 41.139139 | H5: =PI()*G5^2 -> 5316.9216 | I5: =K5/J5 -> 1296.8394 | J5: ='1990-10'!J5 -> 1534.5 | K5: ='1990-10'!K5 -> 1990000 | L5: =H5*I5 -> 6895193.3 | M5: =MIN(K5,L5) -> 1990000 | N5: . | O5: =P5/J5 -> 776.6784 | P5: ='1990-10'!P5 -> 1191813 | Q5: =H5*O5 -> 4129538.2 | R5: =MIN(Q5,P5) -> 1191813
A6: Boston | B6: ='1990-10'!B6 -> 61.541691 | C6: ='1990-10'!C6 -> 67.69586 | D6: =B6*$A$1*1000 -> 51284.742 | E6: ='Interval Circuities'!F6 -> 1.1972431 | F6: =B6/E6 -> 51.402834 | G6: =F6*$A$1 -> 42.835695 | H6: =PI()*G6^2 -> 5764.4983 | I6: =K6/J6 -> 1563.9893 | J6: ='1990-10'!J6 -> 2308.2 | K6: ='1990-10'!K6 -> 3610000 | L6: =H6*I6 -> 9015613.4 | M6: =MIN(K6,L6) -> 3610000 | N6: . | O6: =P6/J6 -> 927.87323 | P6: ='1990-10'!P6 -> 2141717 | Q6: =H6*O6 -> 5348723.7 | R6: =MIN(Q6,P6) -> 2141717
A7: Buffalo | B7: ='1990-10'!B7 -> 73.276598 | C7: ='1990-10'!C7 -> 76.207662 | D7: =B7*$A$1*1000 -> 61063.832 | E7: ='Interval Circuities'!F7 -> 1.1713811 | F7: =B7/E7 -> 62.555729 | G7: =F7*$A$1 -> 52.129775 | H7: =PI()*G7^2 -> 8537.3201 | I7: =K7/J7 -> 1440.1623 | J7: ='1990-10'!J7 -> 739.5 | K7: ='1990-10'!K7 -> 1065000 | L7: =H7*I7 -> 12295126 | M7: =MIN(K7,L7) -> 1065000 | N7: . | O7: =P7/J7 -> 718.21771 | P7: ='1990-10'!P7 -> 531122 | Q7: =H7*O7 -> 6131654.5 | R7: =MIN(Q7,P7) -> 531122
A8: Charlotte | B8: ='1990-10'!B8 -> 66.908177 | C8: ='1990-10'!C8 -> 71.591749 | D8: =B8*$A$1*1000 -> 55756.814 | E8: ='Interval Circuities'!F8 -> 1.2253878 | F8: =B8/E8 -> 54.601636 | G8: =F8*$A$1 -> 45.501363 | H8: =PI()*G8^2 -> 6504.2718 | I8: =K8/J8 -> 862.48203 | J8: ='1990-10'!J8 -> 626.1 | K8: ='1990-10'!K8 -> 540000 | L8: =H8*I8 -> 5609817.6 | M8: =MIN(K8,L8) -> 540000 | N8: . | O8: =P8/J8 -> 966.06932 | P8: ='1990-10'!P8 -> 604856 | Q8: =H8*O8 -> 6283577.5 | R8: =MIN(Q8,P8) -> 604856
A9: Chicago | B9: ='1990-10'!B9 -> 59.830535 | C9: ='1990-10'!C9 -> 64.616977 | D9: =B9*$A$1*1000 -> 49858.779 | E9: ='Interval Circuities'!F9 -> 1.1982844 | F9: =B9/E9 -> 49.930161 | G9: =F9*$A$1 -> 41.608468 | H9: =PI()*G9^2 -> 5438.9281 | I9: =K9/J9 -> 1830.0112 | J9: ='1990-10'!J9 -> 4103.8 | K9: ='1990-10'!K9 -> 7510000 | L9: =H9*I9 -> 9953299.4 | M9: =MIN(K9,L9) -> 7510000 | N9: . | O9: =P9/J9 -> 936.04391 | P9: ='1990-10'!P9 -> 3841337 | Q9: =H9*O9 -> 5091075.5 | R9: =MIN(Q9,P9) -> 3841337
A10: Cincinnati | B10: ='1990-10'!B10 -> 67.518821 | C10: ='1990-10'!C10 -> 74.270703 | D10: =B10*$A$1*1000 -> 56265.684 | E10: ='Interval Circuities'!F10 -> 1.2812488 | F10: =B10/E10 -> 52.697665 | G10: =F10*$A$1 -> 43.914721 | H10: =PI()*G10^2 -> 6058.5699 | I10: =K10/J10 -> 860.24751 | J10: ='1990-10'!J10 -> 1325.2 | K10: ='1990-10'!K10 -> 1140000 | L10: =H10*I10 -> 5211869.7 | M10: =MIN(K10,L10) -> 1140000 | N10: . | O10: =P10/J10 -> 613.31573 | P10: ='1990-10'!P10 -> 812766 | Q10: =H10*O10 -> 3715816.2 | R10: =MIN(Q10,P10) -> 812766
A11: Cleveland | B11: ='1990-10'!B11 -> 70.270148 | C11: ='1990-10'!C11 -> 77.297163 | D11: =B11*$A$1*1000 -> 58558.457 | E11: ='Interval Circuities'!F11 -> 1.1648732 | F11: =B11/E11 -> 60.324292 | G11: =F11*$A$1 -> 50.270243 | H11: =PI()*G11^2 -> 7939.1105 | I11: =K11/J11 -> 1068.6096 | J11: ='1990-10'!J11 -> 1647 | K11: ='1990-10'!K11 -> 1760000 | L11: =H11*I11 -> 8483809.6 | M11: =MIN(K11,L11) -> 1760000 | N11: . | O11: =P11/J11 -> 754.15847 | P11: ='1990-10'!P11 -> 1242099 | Q11: =H11*O11 -> 5987347.4 | R11: =MIN(Q11,P11) -> 1242099
A12: Columbus | B12: ='1990-10'!B12 -> 67.725933 | C12: ='1990-10'!C12 -> 77.207564 | D12: =B12*$A$1*1000 -> 56438.277 | E12: ='Interval Circuities'!F12 -> 1.1931736 | F12: =B12/E12 -> 56.761173 | G12: =F12*$A$1 -> 47.300977 | H12: =PI()*G12^2 -> 7028.9443 | I12: =K12/J12 -> 973.91694 | J12: ='1990-10'!J12 -> 893.3 | K12: ='1990-10'!K12 -> 870000 | L12: =H12*I12 -> 6845607.9 | M12: =MIN(K12,L12) -> 870000 | N12: . | O12: =P12/J12 -> 758.8257 | P12: ='1990-10'!P12 -> 677859 | Q12: =H12*O12 -> 5333743.6 | R12: =MIN(Q12,P12) -> 677859
A13: Dallas-Fort Worth | B13: ='1990-10'!B13 -> 66.031469 | C13: ='1990-10'!C13 -> 76.596505 | D13: =B13*$A$1*1000 -> 55026.225 | E13: ='Interval Circuities'!F13 -> 1.2332625 | F13: =B13/E13 -> 53.542106 | G13: =F13*$A$1 -> 44.618421 | H13: =PI()*G13^2 -> 6254.2937 | I13: =K13/J13 -> 869.56522 | J13: ='1990-10'!J13 -> 3737.5 | K13: ='1990-10'!K13 -> 3250000 | L13: =H13*I13 -> 5438516.3 | M13: =MIN(K13,L13) -> 3250000 | N13: . | O13: =P13/J13 -> 528.85779 | P13: ='1990-10'!P13 -> 1976606 | Q13: =H13*O13 -> 3307632 | R13: =MIN(Q13,P13) -> 1976606
A14: Denver | B14: ='1990-10'!B14 -> 65.002141 | C14: ='1990-10'!C14 -> 76.052505 | D14: =B14*$A$1*1000 -> 54168.451 | E14: ='Interval Circuities'!F14 -> 1.331025 | F14: =B14/E14 -> 48.836154 | G14: =F14*$A$1 -> 40.696795 | H14: =PI()*G14^2 -> 5203.1974 | I14: =K14/J14 -> 1329.5187 | J14: ='1990-10'!J14 -> 1188.4 | K14: ='1990-10'!K14 -> 1580000 | L14: =H14*I14 -> 6917748.1 | M14: =MIN(K14,L14) -> 1580000 | N14: . | O14: =P14/J14 -> 811.94211 | P14: ='1990-10'!P14 -> 964912 | Q14: =H14*O14 -> 4224695 | R14: =MIN(Q14,P14) -> 964912
... A53: Washington2 | B53: ='1990-10'!B53 -> 57.166397 | C53: ='1990-10'!C53 -> 76.031308 | D53: =B53*$A$1*1000 -> 47638.664 | E53: ='Interval Circuities'!F53 -> 1.3027244 | F53: =B53/E53 -> 43.882188 | G53: =F53*$A$1 -> 36.56849 | H53: =PI()*G53^2 -> 4201.1087 | I53: =K53/J53 -> 1267.0645 | J53: ='1990-10'!J53 -> 2446.6 | K53: ='1990-10'!K53 -> 3100000 | L53: =H53*I53 -> 5323075.7 | M53: =MIN(K53,L53) -> 3100000 | N53: . | O53: =P53/J53 -> 905.07235 | P53: ='1990-10'!P53 -> 2214350 | Q53: =H53*O53 -> 3802307.3 | R53: =MIN(Q53,P53) -> 2214350

Sheet 1990-60
A1: =6/6 -> 1 | B1: Network Speed (congested) [km/h] | C1: Network Speed (freeflow) [km/h] | D1: 60 min Distance [m] | E1: Circuity [ ] | F1: Average Airline Speed [km/h] | G1: Airline Radius [km] | H1: Area covered in $A$1$ hrs [km2] | I1: Urbanized area density [people/km2] | J1: Area [km2] | K1: Population | L1: Accessibility | M1: MinPA,P | N1: . | O1: Employment Density | P1: Employment | Q1: Employment Accessibility | R1: Min EA, E
A2: Area | B2: S_n | C2: S_f | E2: C3 | F2: S_a | G2: R_a | H2: A_X | I2: D_UA | J2: Area | K2: Pop | L2: A_P | M2: MinA_P | N2: . | O2: D_Emp | P2: Emp | Q2: A_E | R2: MinA_E
A3: Atlanta | B3: ='1990-10'!B3 -> 60.375468 | C3: ='1990-10'!C3 -> 63.997996 | D3: =B3*$A$1*1000 -> 60375.468 | E3: ='Interval Circuities'!G3 -> 1.2122356 | F3: =B3/E3 -> 49.805059 | G3: =F3*$A$1 -> 49.805059 | H3: =PI()*G3^2 -> 7792.8585 | I3: =K3/J3 -> 964.67391 | J3: ='1990-10'!J3 -> 2944 | K3: ='1990-10'!K3 -> 2840000 | L3: =H3*I3 -> 7517567.3 | M3: =MIN(K3,L3) -> 2840000 | N3: . | O3: =P3/J3 -> 503.32235 | P3: ='1990-10'!P3 -> 1481781 | Q3: =H3*O3 -> 3922319.9 | R3: =MIN(Q3,P3) -> 1481781
A4: Austin | B4: ='1990-10'!B4 -> 63.478689 | C4: ='1990-10'!C4 -> 67.922197 | D4: =B4*$A$1*1000 -> 63478.689 | E4: ='Interval Circuities'!G4 -> 1.2888701 | F4: =B4/E4 -> 49.251427 | G4: =F4*$A$1 -> 49.251427 | H4: =PI()*G4^2 -> 7620.5709 | I4: =K4/J4 -> 932.86219 | J4: ='1990-10'!J4 -> 707.5 | K4: ='1990-10'!K4 -> 660000 | L4: =H4*I4 -> 7108942.4 | M4: =MIN(K4,L4) -> 660000 | N4: . | O4: =P4/J4 -> 571.04735 | P4: ='1990-10'!P4 -> 404016 | Q4: =H4*O4 -> 4351706.8 | R4: =MIN(Q4,P4) -> 404016
A5: Baltimore2 | B5: ='1990-10'!B5 -> 60.37745 | C5: ='1990-10'!C5 -> 64.603872 | D5: =B5*$A$1*1000 -> 60377.45 | E5: ='Interval Circuities'!G5 -> 1.2143663 | F5: =B5/E5 -> 49.719307 | G5: =F5*$A$1 -> 49.719307 | H5: =PI()*G5^2 -> 7766.0469 | I5: =K5/J5 -> 1296.8394 | J5: ='1990-10'!J5 -> 1534.5 | K5: ='1990-10'!K5 -> 1990000 | L5: =H5*I5 -> 10071315 | M5: =MIN(K5,L5) -> 1990000 | N5: . | O5: =P5/J5 -> 776.6784 | P5: ='1990-10'!P5 -> 1191813 | Q5: =H5*O5 -> 6031720.9 | R5: =MIN(Q5,P5) -> 1191813
A6: Boston | B6: ='1990-10'!B6 -> 61.541691 | C6: ='1990-10'!C6 -> 67.69586 | D6: =B6*$A$1*1000 -> 61541.691 | E6: ='Interval Circuities'!G6 -> 1.1905977 | F6: =B6/E6 -> 51.689744 | G6: =F6*$A$1 -> 51.689744 | H6: =PI()*G6^2 -> 8393.8003 | I6: =K6/J6 -> 1563.9893 | J6: ='1990-10'!J6 -> 2308.2 | K6: ='1990-10'!K6 -> 3610000 | L6: =H6*I6 -> 13127813 | M6: =MIN(K6,L6) -> 3610000 | N6: . | O6: =P6/J6 -> 927.87323 | P6: ='1990-10'!P6 -> 2141717 | Q6: =H6*O6 -> 7788382.6 | R6: =MIN(Q6,P6) -> 2141717
A7: Buffalo | B7: ='1990-10'!B7 -> 73.276598 | C7: ='1990-10'!C7 -> 76.207662 | D7: =B7*$A$1*1000 -> 73276.598 | E7: ='Interval Circuities'!G7 -> 1.166129 | F7: =B7/E7 -> 62.837469 | G7: =F7*$A$1 -> 62.837469 | H7: =PI()*G7^2 -> 12404.728 | I7: =K7/J7 -> 1440.1623 | J7: ='1990-10'!J7 -> 739.5 | K7: ='1990-10'!K7 -> 1065000 | L7: =H7*I7 -> 17864821 | M7: =MIN(K7,L7) -> 1065000 | N7: . | O7: =P7/J7 -> 718.21771 | P7: ='1990-10'!P7 -> 531122 | Q7: =H7*O7 -> 8909295.4 | R7: =MIN(Q7,P7) -> 531122
A8: Charlotte | B8: ='1990-10'!B8 -> 66.908177 | C8: ='1990-10'!C8 -> 71.591749 | D8: =B8*$A$1*1000 -> 66908.177 | E8: ='Interval Circuities'!G8 -> 1.219329 | F8: =B8/E8 -> 54.872947 | G8: =F8*$A$1 -> 54.872947 | H8: =PI()*G8^2 -> 9459.4623 | I8: =K8/J8 -> 862.48203 | J8: ='1990-10'!J8 -> 626.1 | K8: ='1990-10'!K8 -> 540000 | L8: =H8*I8 -> 8158616.2 | M8: =MIN(K8,L8) -> 540000 | N8: . | O8: =P8/J8 -> 966.06932 | P8: ='1990-10'!P8 -> 604856 | Q8: =H8*O8 -> 9138496.3 | R8: =MIN(Q8,P8) -> 604856
A9: Chicago | B9: ='1990-10'!B9 -> 59.830535 | C9: ='1990-10'!C9 -> 64.616977 | D9: =B9*$A$1*1000 -> 59830.535 | E9: ='Interval Circuities'!G9 -> 1.1888055 | F9: =B9/E9 -> 50.328279 | G9: =F9*$A$1 -> 50.328279 | H9: =PI()*G9^2 -> 7957.4522 | I9: =K9/J9 -> 1830.0112 | J9: ='1990-10'!J9 -> 4103.8 | K9: ='1990-10'!K9 -> 7510000 | L9: =H9*I9 -> 14562227 | M9: =MIN(K9,L9) -> 7510000 | N9: . | O9: =P9/J9 -> 936.04391 | P9: ='1990-10'!P9 -> 3841337 | Q9: =H9*O9 -> 7448524.6 | R9: =MIN(Q9,P9) -> 3841337
A10: Cincinnati | B10: ='1990-10'!B10 -> 67.518821 | C10: ='1990-10'!C10 -> 74.270703 | D10: =B10*$A$1*1000 -> 67518.821 | E10: ='Interval Circuities'!G10 -> 1.2773638 | F10: =B10/E10 -> 52.857943 | G10: =F10*$A$1 -> 52.857943 | H10: =PI()*G10^2 -> 8777.4909 | I10: =K10/J10 -> 860.24751 | J10: ='1990-10'!J10 -> 1325.2 | K10: ='1990-10'!K10 -> 1140000 | L10: =H10*I10 -> 7550814.7 | M10: =MIN(K10,L10) -> 1140000 | N10: . | O10: =P10/J10 -> 613.31573 | P10: ='1990-10'!P10 -> 812766 | Q10: =H10*O10 -> 5383373.2 | R10: =MIN(Q10,P10) -> 812766
A11: Cleveland | B11: ='1990-10'!B11 -> 70.270148 | C11: ='1990-10'!C11 -> 77.297163 | D11: =B11*$A$1*1000 -> 70270.148 | E11: ='Interval Circuities'!G11 -> 1.1600265 | F11: =B11/E11 -> 60.576332 | G11: =F11*$A$1 -> 60.576332 | H11: =PI()*G11^2 -> 11528.049 | I11: =K11/J11 -> 1068.6096 | J11: ='1990-10'!J11 -> 1647 | K11: ='1990-10'!K11 -> 1760000 | L11: =H11*I11 -> 12318984 | M11: =MIN(K11,L11) -> 1760000 | N11: . | O11: =P11/J11 -> 754.15847 | P11: ='1990-10'!P11 -> 1242099 | Q11: =H11*O11 -> 8693975.9 | R11: =MIN(Q11,P11) -> 1242099
A12: Columbus | B12: ='1990-10'!B12 -> 67.725933 | C12: ='1990-10'!C12 -> 77.207564 | D12: =B12*$A$1*1000 -> 67725.933 | E12: ='Interval Circuities'!G12 -> 1.1841868 | F12: =B12/E12 -> 57.191935 | G12: =F12*$A$1 -> 57.191935 | H12: =PI()*G12^2 -> 10275.89 | I12: =K12/J12 -> 973.91694 | J12: ='1990-10'!J12 -> 893.3 | K12: ='1990-10'!K12 -> 870000 | L12: =H12*I12 -> 10007863 | M12: =MIN(K12,L12) -> 870000 | N12: . | O12: =P12/J12 -> 758.8257 | P12: ='1990-10'!P12 -> 677859 | Q12: =H12*O12 -> 7797609.5 | R12: =MIN(Q12,P12) -> 677859
A13: Dallas-Fort Worth | B13: ='1990-10'!B13 -> 66.031469 | C13: ='1990-10'!C13 -> 76.596505 | D13: =B13*$A$1*1000 -> 66031.469 | E13: ='Interval Circuities'!G13 -> 1.2187552 | F13: =B13/E13 -> 54.179437 | G13: =F13*$A$1 -> 54.179437 | H13: =PI()*G13^2 -> 9221.8669 | I13: =K13/J13 -> 869.56522 | J13: ='1990-10'!J13 -> 3737.5 | K13: ='1990-10'!K13 -> 3250000 | L13: =H13*I13 -> 8019014.7 | M13: =MIN(K13,L13) -> 3250000 | N13: . | O13: =P13/J13 -> 528.85779 | P13: ='1990-10'!P13 -> 1976606 | Q13: =H13*O13 -> 4877056.2 | R13: =MIN(Q13,P13) -> 1976606
A14: Denver | B14: ='1990-10'!B14 -> 65.002141 | C14: ='1990-10'!C14 -> 76.052505 | D14: =B14*$A$1*1000 -> 65002.141 | E14: ='Interval Circuities'!G14 -> 1.323389 | F14: =B14/E14 -> 49.117938 | G14: =F14*$A$1 -> 49.117938 | H14: =PI()*G14^2 -> 7579.3178 | I14: =K14/J14 -> 1329.5187 | J14: ='1990-10'!J14 -> 1188.4 | K14: ='1990-10'!K14 -> 1580000 | L14: =H14*I14 -> 10076845 | M14: =MIN(K14,L14) -> 1580000 | N14: . | O14: =P14/J14 -> 811.94211 | P14: ='1990-10'!P14 -> 964912 | Q14: =H14*O14 -> 6153967.3 | R14: =MIN(Q14,P14) -> 964912
... A53: Washington2 | B53: ='1990-10'!B53 -> 57.166397 | C53: ='1990-10'!C53 -> 76.031308 | D53: =B53*$A$1*1000 -> 57166.397 | E53: ='Interval Circuities'!G53 -> 1.2922576 | F53: =B53/E53 -> 44.237616 | G53: =F53*$A$1 -> 44.237616 | H53: =PI()*G53^2 -> 6147.9922 | I53: =K53/J53 -> 1267.0645 | J53: ='1990-10'!J53 -> 2446.6 | K53: ='1990-10'!K53 -> 3100000 | L53: =H53*I53 -> 7789902.6 | M53: =MIN(K53,L53) -> 3100000 | N53: . | O53: =P53/J53 -> 905.07235 | P53: ='1990-10'!P53 -> 2214350 | Q53: =H53*O53 -> 5564377.7 | R53: =MIN(Q53,P53) -> 2214350

Sheet 1990-70
A1: =7/6 -> 1.1666667 | B1: Network Speed (congested) [km/h] | C1: Network Speed (freeflow) [km/h] | D1: 70 min Distance [m] | E1: Circuity [ ] | F1: Average Airline Speed [km/h] | G1: Airline Radius [km] | H1: Area covered in $A$1$ hrs [km2] | I1: Urbanized area density [people/km2] | J1: Area [km2] | K1: Population | L1: Accessibility | M1: MinPA,P | N1: . | O1: Employment Density | P1: Employment | Q1: Employment Accessibility | R1: Min EA, E
A2: Area | B2: S_n | C2: S_f | E2: C3 | F2: S_a | G2: R_a | H2: A_X | I2: D_UA | J2: Area | K2: Pop | L2: A_P | M2: MinA_P | N2: . | O2: D_Emp | P2: Emp | Q2: A_E | R2: MinA_E
A3: Atlanta | B3: ='1990-10'!B3 -> 60.375468 | C3: ='1990-10'!C3 -> 63.997996 | D3: =B3*$A$1*1000 -> 70438.046 | E3: ='Interval Circuities'!H3 -> 1.2025352 | F3: =B3/E3 -> 50.206819 | G3: =F3*$A$1 -> 58.574622 | H3: =PI()*G3^2 -> 10778.762 | I3: =K3/J3 -> 964.67391 | J3: ='1990-10'!J3 -> 2944 | K3: ='1990-10'!K3 -> 2840000 | L3: =H3*I3 -> 10397990 | M3: =MIN(K3,L3) -> 2840000 | N3: . | O3: =P3/J3 -> 503.32235 | P3: ='1990-10'!P3 -> 1481781 | Q3: =H3*O3 -> 5425191.6 | R3: =MIN(Q3,P3) -> 1481781
A4: Austin | B4: ='1990-10'!B4 -> 63.478689 | C4: ='1990-10'!C4 -> 67.922197 | D4: =B4*$A$1*1000 -> 74058.471 | E4: ='Interval Circuities'!H4 -> 1.2773678 | F4: =B4/E4 -> 49.694919 | G4: =F4*$A$1 -> 57.977405 | H4: =PI()*G4^2 -> 10560.085 | I4: =K4/J4 -> 932.86219 | J4: ='1990-10'!J4 -> 707.5 | K4: ='1990-10'!K4 -> 660000 | L4: =H4*I4 -> 9851104.1 | M4: =MIN(K4,L4) -> 660000 | N4: . | O4: =P4/J4 -> 571.04735 | P4: ='1990-10'!P4 -> 404016 | Q4: =H4*O4 -> 6030308.6 | R4: =MIN(Q4,P4) -> 404016
A5: Baltimore2 | B5: ='1990-10'!B5 -> 60.37745 | C5: ='1990-10'!C5 -> 64.603872 | D5: =B5*$A$1*1000 -> 70440.359 | E5: ='Interval Circuities'!H5 -> 1.2079051 | F5: =B5/E5 -> 49.985261 | G5: =F5*$A$1 -> 58.316137 | H5: =PI()*G5^2 -> 10683.84 | I5: =K5/J5 -> 1296.8394 | J5: ='1990-10'!J5 -> 1534.5 | K5: ='1990-10'!K5 -> 1990000 | L5: =H5*I5 -> 13855224 | M5: =MIN(K5,L5) -> 1990000 | N5: . | O5: =P5/J5 -> 776.6784 | P5: ='1990-10'!P5 -> 1191813 | Q5: =H5*O5 -> 8297907.7 | R5: =MIN(Q5,P5) -> 1191813
A6: Boston | B6: ='1990-10'!B6 -> 61.541691 | C6: ='1990-10'!C6 -> 67.69586 | D6: =B6*$A$1*1000 -> 71798.639 | E6: ='Interval Circuities'!H6 -> 1.1866052 | F6: =B6/E6 -> 51.86366 | G6: =F6*$A$1 -> 60.507603 | H6: =PI()*G6^2 -> 11501.905 | I6: =K6/J6 -> 1563.9893 | J6: ='1990-10'!J6 -> 2308.2 | K6: ='1990-10'!K6 -> 3610000 | L6: =H6*I6 -> 17988856 | M6: =MIN(K6,L6) -> 3610000 | N6: . | O6: =P6/J6 -> 927.87323 | P6: ='1990-10'!P6 -> 2141717 | Q6: =H6*O6 -> 10672310 | R6: =MIN(Q6,P6) -> 2141717
A7: Buffalo | B7: ='1990-10'!B7 -> 73.276598 | C7: ='1990-10'!C7 -> 76.207662 | D7: =B7*$A$1*1000 -> 85489.365 | E7: ='Interval Circuities'!H7 -> 1.1614956 | F7: =B7/E7 -> 63.088141 | G7: =F7*$A$1 -> 73.602831 | H7: =PI()*G7^2 -> 17019.191 | I7: =K7/J7 -> 1440.1623 | J7: ='1990-10'!J7 -> 739.5 | K7: ='1990-10'!K7 -> 1065000 | L7: =H7*I7 -> 24510397 | M7: =MIN(K7,L7) -> 1065000 | N7: . | O7: =P7/J7 -> 718.21771 | P7: ='1990-10'!P7 -> 531122 | Q7: =H7*O7 -> 12223484 | R7: =MIN(Q7,P7) -> 531122
A8: Charlotte | B8: ='1990-10'!B8 -> 66.908177 | C8: ='1990-10'!C8 -> 71.591749 | D8: =B8*$A$1*1000 -> 78059.539 | E8: ='Interval Circuities'!H8 -> 1.2177489 | F8: =B8/E8 -> 54.944149 | G8: =F8*$A$1 -> 64.101507 | H8: =PI()*G8^2 -> 12908.814 | I8: =K8/J8 -> 862.48203 | J8: ='1990-10'!J8 -> 626.1 | K8: ='1990-10'!K8 -> 540000 | L8: =H8*I8 -> 11133620 | M8: =MIN(K8,L8) -> 540000 | N8: . | O8: =P8/J8 -> 966.06932 | P8: ='1990-10'!P8 -> 604856 | Q8: =H8*O8 -> 12470809 | R8: =MIN(Q8,P8) -> 604856
A9: Chicago | B9: ='1990-10'!B9 -> 59.830535 | C9: ='1990-10'!C9 -> 64.616977 | D9: =B9*$A$1*1000 -> 69802.29 | E9: ='Interval Circuities'!H9 -> 1.1815739 | F9: =B9/E9 -> 50.636301 | G9: =F9*$A$1 -> 59.075685 | H9: =PI()*G9^2 -> 10963.959 | I9: =K9/J9 -> 1830.0112 | J9: ='1990-10'!J9 -> 4103.8 | K9: ='1990-10'!K9 -> 7510000 | L9: =H9*I9 -> 20064168 | M9: =MIN(K9,L9) -> 7510000 | N9: . | O9: =P9/J9 -> 936.04391 | P9: ='1990-10'!P9 -> 3841337 | Q9: =H9*O9 -> 10262747 | R9: =MIN(Q9,P9) -> 3841337
A10: Cincinnati | B10: ='1990-10'!B10 -> 67.518821 | C10: ='1990-10'!C10 -> 74.270703 | D10: =B10*$A$1*1000 -> 78771.958 | E10: ='Interval Circuities'!H10 -> 1.2731009 | F10: =B10/E10 -> 53.034932 | G10: =F10*$A$1 -> 61.874087 | H10: =PI()*G10^2 -> 12027.282 | I10: =K10/J10 -> 860.24751 | J10: ='1990-10'!J10 -> 1325.2 | K10: ='1990-10'!K10 -> 1140000 | L10: =H10*I10 -> 10346439 | M10: =MIN(K10,L10) -> 1140000 | N10: . | O10: =P10/J10 -> 613.31573 | P10: ='1990-10'!P10 -> 812766 | Q10: =H10*O10 -> 7376521 | R10: =MIN(Q10,P10) -> 812766
A11: Cleveland | B11: ='1990-10'!B11 -> 70.270148 | C11: ='1990-10'!C11 -> 77.297163 | D11: =B11*$A$1*1000 -> 81981.839 | E11: ='Interval Circuities'!H11 -> 1.1559277 | F11: =B11/E11 -> 60.791129 | G11: =F11*$A$1 -> 70.922984 | H11: =PI()*G11^2 -> 15802.43 | I11: =K11/J11 -> 1068.6096 | J11: ='1990-10'!J11 -> 1647 | K11: ='1990-10'!K11 -> 1760000 | L11: =H11*I11 -> 16886628 | M11: =MIN(K11,L11) -> 1760000 | N11: . | O11: =P11/J11 -> 754.15847 | P11: ='1990-10'!P11 -> 1242099 | Q11: =H11*O11 -> 11917536 | R11: =MIN(Q11,P11) -> 1242099
A12: Columbus | B12: ='1990-10'!B12 -> 67.725933 | C12: ='1990-10'!C12 -> 77.207564 | D12: =B12*$A$1*1000 -> 79013.588 | E12: ='Interval Circuities'!H12 -> 1.17866 | F12: =B12/E12 -> 57.460111 | G12: =F12*$A$1 -> 67.036796 | H12: =PI()*G12^2 -> 14118.104 | I12: =K12/J12 -> 973.91694 | J12: ='1990-10'!J12 -> 893.3 | K12: ='1990-10'!K12 -> 870000 | L12: =H12*I12 -> 13749860 | M12: =MIN(K12,L12) -> 870000 | N12: . | O12: =P12/J12 -> 758.8257 | P12: ='1990-10'!P12 -> 677859 | Q12: =H12*O12 -> 10713180 | R12: =MIN(Q12,P12) -> 677859
A13: Dallas-Fort Worth | B13: ='1990-10'!B13 -> 66.031469 | C13: ='1990-10'!C13 -> 76.596505 | D13: =B13*$A$1*1000 -> 77036.714 | E13: ='Interval Circuities'!H13 -> 1.2086201 | F13: =B13/E13 -> 54.633767 | G13: =F13*$A$1 -> 63.739395 | H13: =PI()*G13^2 -> 12763.381 | I13: =K13/J13 -> 869.56522 | J13: ='1990-10'!J13 -> 3737.5 | K13: ='1990-10'!K13 -> 3250000 | L13: =H13*I13 -> 11098592 | M13: =MIN(K13,L13) -> 3250000 | N13: . | O13: =P13/J13 -> 528.85779 | P13: ='1990-10'!P13 -> 1976606 | Q13: =H13*O13 -> 6750013.7 | R13: =MIN(Q13,P13) -> 1976606
A14: Denver | B14: ='1990-10'!B14 -> 65.002141 | C14: ='1990-10'!C14 -> 76.052505 | D14: =B14*$A$1*1000 -> 75835.831 | E14: ='Interval Circuities'!H14 -> 1.3199025 | F14: =B14/E14 -> 49.247683 | G14: =F14*$A$1 -> 57.45563 | H14: =PI()*G14^2 -> 10370.867 | I14: =K14/J14 -> 1329.5187 | J14: ='1990-10'!J14 -> 1188.4 | K14: ='1990-10'!K14 -> 1580000 | L14: =H14*I14 -> 13788261 | M14: =MIN(K14,L14) -> 1580000 | N14: . | O14: =P14/J14 -> 811.94211 | P14: ='1990-10'!P14 -> 964912 | Q14: =H14*O14 -> 8420543.3 | R14: =MIN(Q14,P14) -> 964912
... A53: Washington2 | B53: ='1990-10'!B53 -> 57.166397 | C53: ='1990-10'!C53 -> 76.031308 | D53: =B53*$A$1*1000 -> 66694.13 | E53: ='Interval Circuities'!H53 -> 1.2823779 | F53: =B53/E53 -> 44.578433 | G53: =F53*$A$1 -> 52.008172 | H53: =PI()*G53^2 -> 8497.5369 | I53: =K53/J53 -> 1267.0645 | J53: ='1990-10'!J53 -> 2446.6 | K53: ='1990-10'!K53 -> 3100000 | L53: =H53*I53 -> 10766927 | M53: =MIN(K53,L53) -> 3100000 | N53: . | O53: =P53/J53 -> 905.07235 | P53: ='1990-10'!P53 -> 2214350 | Q53: =H53*O53 -> 7690885.6 | R53: =MIN(Q53,P53) -> 2214350

Sheet 1990-80
A1: =8/6 -> 1.3333333 | B1: Network Speed (congested) [km/h] | C1: Network Speed (freeflow) [km/h] | D1: 80 min Distance [m] | E1: Circuity [ ] | F1: Average Airline Speed [km/h] | G1: Airline Radius [km] | H1: Area covered in $A$1$ hrs [km2] | I1: Urbanized area density [people/km2] | J1: Area [km2] | K1: Population | L1: Accessibility | M1: MinPA,P | N1: . | O1: Employment Density | P1: Employment | Q1: Employment Accessibility | R1: Min EA, E
A2: Area | B2: S_n | C2: S_f | E2: C3 | F2: S_a | G2: R_a | H2: A_X | I2: D_UA | J2: Area | K2: Pop | L2: A_P | M2: MinA_P | N2: . | O2: D_Emp | P2: Emp | Q2: A_E | R2: MinA_E
A3: Atlanta | B3: ='1990-10'!B3 -> 60.375468 | C3: ='1990-10'!C3 -> 63.997996 | D3: =B3*$A$1*1000 -> 80500.624 | E3: ='Interval Circuities'!I3 -> 1.1955639 | F3: =B3/E3 -> 50.499573 | G3: =F3*$A$1 -> 67.332764 | H3: =PI()*G3^2 -> 14243.042 | I3: =K3/J3 -> 964.67391 | J3: ='1990-10'!J3 -> 2944 | K3: ='1990-10'!K3 -> 2840000 | L3: =H3*I3 -> 13739891 | M3: =MIN(K3,L3) -> 2840000 | N3: . | O3: =P3/J3 -> 503.32235 | P3: ='1990-10'!P3 -> 1481781 | Q3: =H3*O3 -> 7168841.5 | R3: =MIN(Q3,P3) -> 1481781
A4: Austin | B4: ='1990-10'!B4 -> 63.478689 | C4: ='1990-10'!C4 -> 67.922197 | D4: =B4*$A$1*1000 -> 84638.252 | E4: ='Interval Circuities'!I4 -> 1.2690969 | F4: =B4/E4 -> 50.018787 | G4: =F4*$A$1 -> 66.691716 | H4: =PI()*G4^2 -> 13973.128 | I4: =K4/J4 -> 932.86219 | J4: ='1990-10'!J4 -> 707.5 | K4: ='1990-10'!K4 -> 660000 | L4: =H4*I4 -> 13035003 | M4: =MIN(K4,L4) -> 660000 | N4: . | O4: =P4/J4 -> 571.04735 | P4: ='1990-10'!P4 -> 404016 | Q4: =H4*O4 -> 7979318 | R4: =MIN(Q4,P4) -> 404016
A5: Baltimore2 | B5: ='1990-10'!B5 -> 60.37745 | C5: ='1990-10'!C5 -> 64.603872 | D5: =B5*$A$1*1000 -> 80503.267 | E5: ='Interval Circuities'!I5 -> 1.2040908 | F5: =B5/E5 -> 50.143604 | G5: =F5*$A$1 -> 66.858139 | H5: =PI()*G5^2 -> 14042.953 | I5: =K5/J5 -> 1296.8394 | J5: ='1990-10'!J5 -> 1534.5 | K5: ='1990-10'!K5 -> 1990000 | L5: =H5*I5 -> 18211454 | M5: =MIN(K5,L5) -> 1990000 | N5: . | O5: =P5/J5 -> 776.6784 | P5: ='1990-10'!P5 -> 1191813 | Q5: =H5*O5 -> 10906858 | R5: =MIN(Q5,P5) -> 1191813
A6: Boston | B6: ='1990-10'!B6 -> 61.541691 | C6: ='1990-10'!C6 -> 67.69586 | D6: =B6*$A$1*1000 -> 82055.587 | E6: ='Interval Circuities'!I6 -> 1.1828892 | F6: =B6/E6 -> 52.026591 | G6: =F6*$A$1 -> 69.368788 | H6: =PI()*G6^2 -> 15117.434 | I6: =K6/J6 -> 1563.9893 | J6: ='1990-10'!J6 -> 2308.2 | K6: ='1990-10'!K6 -> 3610000 | L6: =H6*I6 -> 23643504 | M6: =MIN(K6,L6) -> 3610000 | N6: . | O6: =P6/J6 -> 927.87323 | P6: ='1990-10'!P6 -> 2141717 | Q6: =H6*O6 -> 14027062 | R6: =MIN(Q6,P6) -> 2141717
A7: Buffalo | B7: ='1990-10'!B7 -> 73.276598 | C7: ='1990-10'!C7 -> 76.207662 | D7: =B7*$A$1*1000 -> 97702.131 | E7: ='Interval Circuities'!I7 -> 1.1583874 | F7: =B7/E7 -> 63.257418 | G7: =F7*$A$1 -> 84.343224 | H7: =PI()*G7^2 -> 22348.597 | I7: =K7/J7 -> 1440.1623 | J7: ='1990-10'!J7 -> 739.5 | K7: ='1990-10'!K7 -> 1065000 | L7: =H7*I7 -> 32185606 | M7: =MIN(K7,L7) -> 1065000 | N7: . | O7: =P7/J7 -> 718.21771 | P7: ='1990-10'!P7 -> 531122 | Q7: =H7*O7 -> 16051158 | R7: =MIN(Q7,P7) -> 531122
A8: Charlotte | B8: ='1990-10'!B8 -> 66.908177 | C8: ='1990-10'!C8 -> 71.591749 | D8: =B8*$A$1*1000 -> 89210.902 | E8: ='Interval Circuities'!I8 -> 1.2173836 | F8: =B8/E8 -> 54.960634 | G8: =F8*$A$1 -> 73.280846 | H8: =PI()*G8^2 -> 16870.611 | I8: =K8/J8 -> 862.48203 | J8: ='1990-10'!J8 -> 626.1 | K8: ='1990-10'!K8 -> 540000 | L8: =H8*I8 -> 14550599 | M8: =MIN(K8,L8) -> 540000 | N8: . | O8: =P8/J8 -> 966.06932 | P8: ='1990-10'!P8 -> 604856 | Q8: =H8*O8 -> 16298180 | R8: =MIN(Q8,P8) -> 604856
A9: Chicago | B9: ='1990-10'!B9 -> 59.830535 | C9: ='1990-10'!C9 -> 64.616977 | D9: =B9*$A$1*1000 -> 79774.046 | E9: ='Interval Circuities'!I9 -> 1.1760459 | F9: =B9/E9 -> 50.874317 | G9: =F9*$A$1 -> 67.832423 | H9: =PI()*G9^2 -> 14455.214 | I9: =K9/J9 -> 1830.0112 | J9: ='1990-10'!J9 -> 4103.8 | K9: ='1990-10'!K9 -> 7510000 | L9: =H9*I9 -> 26453204 | M9: =MIN(K9,L9) -> 7510000 | N9: . | O9: =P9/J9 -> 936.04391 | P9: ='1990-10'!P9 -> 3841337 | Q9: =H9*O9 -> 13530715 | R9: =MIN(Q9,P9) -> 3841337
A10: Cincinnati | B10: ='1990-10'!B10 -> 67.518821 | C10: ='1990-10'!C10 -> 74.270703 | D10: =B10*$A$1*1000 -> 90025.095 | E10: ='Interval Circuities'!I10 -> 1.2694061 | F10: =B10/E10 -> 53.189298 | G10: =F10*$A$1 -> 70.919064 | H10: =PI()*G10^2 -> 15800.683 | I10: =K10/J10 -> 860.24751 | J10: ='1990-10'!J10 -> 1325.2 | K10: ='1990-10'!K10 -> 1140000 | L10: =H10*I10 -> 13592498 | M10: =MIN(K10,L10) -> 1140000 | N10: . | O10: =P10/J10 -> 613.31573 | P10: ='1990-10'!P10 -> 812766 | Q10: =H10*O10 -> 9690807.3 | R10: =MIN(Q10,P10) -> 812766
A11: Cleveland | B11: ='1990-10'!B11 -> 70.270148 | C11: ='1990-10'!C11 -> 77.297163 | D11: =B11*$A$1*1000 -> 93693.53 | E11: ='Interval Circuities'!I11 -> 1.153029 | F11: =B11/E11 -> 60.943955 | G11: =F11*$A$1 -> 81.258606 | H11: =PI()*G11^2 -> 20743.814 | I11: =K11/J11 -> 1068.6096 | J11: ='1990-10'!J11 -> 1647 | K11: ='1990-10'!K11 -> 1760000 | L11: =H11*I11 -> 22167039 | M11: =MIN(K11,L11) -> 1760000 | N11: . | O11: =P11/J11 -> 754.15847 | P11: ='1990-10'!P11 -> 1242099 | Q11: =H11*O11 -> 15644123 | R11: =MIN(Q11,P11) -> 1242099
A12: Columbus | B12: ='1990-10'!B12 -> 67.725933 | C12: ='1990-10'!C12 -> 77.207564 | D12: =B12*$A$1*1000 -> 90301.244 | E12: ='Interval Circuities'!I12 -> 1.1744125 | F12: =B12/E12 -> 57.667926 | G12: =F12*$A$1 -> 76.890568 | H12: =PI()*G12^2 -> 18573.596 | I12: =K12/J12 -> 973.91694 | J12: ='1990-10'!J12 -> 893.3 | K12: ='1990-10'!K12 -> 870000 | L12: =H12*I12 -> 18089140 | M12: =MIN(K12,L12) -> 870000 | N12: . | O12: =P12/J12 -> 758.8257 | P12: ='1990-10'!P12 -> 677859 | Q12: =H12*O12 -> 14094122 | R12: =MIN(Q12,P12) -> 677859
A13: Dallas-Fort Worth | B13: ='1990-10'!B13 -> 66.031469 | C13: ='1990-10'!C13 -> 76.596505 | D13: =B13*$A$1*1000 -> 88041.959 | E13: ='Interval Circuities'!I13 -> 1.200623 | F13: =B13/E13 -> 54.99767 | G13: =F13*$A$1 -> 73.330226 | H13: =PI()*G13^2 -> 16893.356 | I13: =K13/J13 -> 869.56522 | J13: ='1990-10'!J13 -> 3737.5 | K13: ='1990-10'!K13 -> 3250000 | L13: =H13*I13 -> 14689874 | M13: =MIN(K13,L13) -> 3250000 | N13: . | O13: =P13/J13 -> 528.85779 | P13: ='1990-10'!P13 -> 1976606 | Q13: =H13*O13 -> 8934182.7 | R13: =MIN(Q13,P13) -> 1976606
A14: Denver | B14: ='1990-10'!B14 -> 65.002141 | C14: ='1990-10'!C14 -> 76.052505 | D14: =B14*$A$1*1000 -> 86669.521 | E14: ='Interval Circuities'!I14 -> 1.3213863 | F14: =B14/E14 -> 49.192384 | G14: =F14*$A$1 -> 65.589846 | H14: =PI()*G14^2 -> 13515.219 | I14: =K14/J14 -> 1329.5187 | J14: ='1990-10'!J14 -> 1188.4 | K14: ='1990-10'!K14 -> 1580000 | L14: =H14*I14 -> 17968736 | M14: =MIN(K14,L14) -> 1580000 | N14: . | O14: =P14/J14 -> 811.94211 | P14: ='1990-10'!P14 -> 964912 | Q14: =H14*O14 -> 10973575 | R14: =MIN(Q14,P14) -> 964912
... A53: Washington2 | B53: ='1990-10'!B53 -> 57.166397 | C53: ='1990-10'!C53 -> 76.031308 | D53: =B53*$A$1*1000 -> 76221.863 | E53: ='Interval Circuities'!I53 -> 1.2766241 | F53: =B53/E53 -> 44.779351 | G53: =F53*$A$1 -> 59.705801 | H53: =PI()*G53^2 -> 11199.095 | I53: =K53/J53 -> 1267.0645 | J53: ='1990-10'!J53 -> 2446.6 | K53: ='1990-10'!K53 -> 3100000 | L53: =H53*I53 -> 14189976 | M53: =MIN(K53,L53) -> 3100000 | N53: . | O53: =P53/J53 -> 905.07235 | P53: ='1990-10'!P53 -> 2214350 | Q53: =H53*O53 -> 10135991 | R53: =MIN(Q53,P53) -> 2214350

Sheet 1990-90
A1: =9/6 -> 1.5 | B1: Network Speed (congested) [km/h] | C1: Network Speed (freeflow) [km/h] | D1: 90 min Distance [m] | E1: Circuity [ ] | F1: Average Airline Speed [km/h] | G1: Airline Radius [km] | H1: Area covered in $A$1$ hrs [km2] | I1: Urbanized area density [people/km2] | J1: Area [km2] | K1: Population | L1: Accessibility | M1: MinPA,P | N1: . | O1: Employment Density | P1: Employment | Q1: Employment Accessibility | R1: Min EA, E
A2: Area | B2: S_n | C2: S_f | E2: C3 | F2: S_a | G2: R_a | H2: A_X | I2: D_UA | J2: Area | K2: Pop | L2: A_P | M2: MinA_P | N2: . | O2: D_Emp | P2: Emp | Q2: A_E | R2: MinA_E
A3: Atlanta | B3: ='1990-10'!B3 -> 60.375468 | C3: ='1990-10'!C3 -> 63.997996 | D3: =B3*$A$1*1000 -> 90563.202 | E3: ='Interval Circuities'!J3 -> 1.1893215 | F3: =B3/E3 -> 50.764633 | G3: =F3*$A$1 -> 76.146949 | H3: =PI()*G3^2 -> 18216.078 | I3: =K3/J3 -> 964.67391 | J3: ='1990-10'!J3 -> 2944 | K3: ='1990-10'!K3 -> 2840000 | L3: =H3*I3 -> 17572576 | M3: =MIN(K3,L3) -> 2840000 | N3: . | O3: =P3/J3 -> 503.32235 | P3: ='1990-10'!P3 -> 1481781 | Q3: =H3*O3 -> 9168559.4 | R3: =MIN(Q3,P3) -> 1481781
A4: Austin | B4: ='1990-10'!B4 -> 63.478689 | C4: ='1990-10'!C4 -> 67.922197 | D4: =B4*$A$1*1000 -> 95218.034 | E4: ='Interval Circuities'!J4 -> 1.2651082 | F4: =B4/E4 -> 50.176492 | G4: =F4*$A$1 -> 75.264738 | H4: =PI()*G4^2 -> 17796.434 | I4: =K4/J4 -> 932.86219 | J4: ='1990-10'!J4 -> 707.5 | K4: ='1990-10'!K4 -> 660000 | L4: =H4*I4 -> 16601620 | M4: =MIN(K4,L4) -> 660000 | N4: . | O4: =P4/J4 -> 571.04735 | P4: ='1990-10'!P4 -> 404016 | Q4: =H4*O4 -> 10162606 | R4: =MIN(Q4,P4) -> 404016
A5: Baltimore2 | B5: ='1990-10'!B5 -> 60.37745 | C5: ='1990-10'!C5 -> 64.603872 | D5: =B5*$A$1*1000 -> 90566.175 | E5: ='Interval Circuities'!J5 -> 1.2022458 | F5: =B5/E5 -> 50.220556 | G5: =F5*$A$1 -> 75.330834 | H5: =PI()*G5^2 -> 17827.704 | I5: =K5/J5 -> 1296.8394 | J5: ='1990-10'!J5 -> 1534.5 | K5: ='1990-10'!K5 -> 1990000 | L5: =H5*I5 -> 23119669 | M5: =MIN(K5,L5) -> 1990000 | N5: . | O5: =P5/J5 -> 776.6784 | P5: ='1990-10'!P5 -> 1191813 | Q5: =H5*O5 -> 13846393 | R5: =MIN(Q5,P5) -> 1191813
A6: Boston | B6: ='1990-10'!B6 -> 61.541691 | C6: ='1990-10'!C6 -> 67.69586 | D6: =B6*$A$1*1000 -> 92312.536 | E6: ='Interval Circuities'!J6 -> 1.179876 | F6: =B6/E6 -> 52.159458 | G6: =F6*$A$1 -> 78.239187 | H6: =PI()*G6^2 -> 19230.852 | I6: =K6/J6 -> 1563.9893 | J6: ='1990-10'!J6 -> 2308.2 | K6: ='1990-10'!K6 -> 3610000 | L6: =H6*I6 -> 30076846 | M6: =MIN(K6,L6) -> 3610000 | N6: . | O6: =P6/J6 -> 927.87323 | P6: ='1990-10'!P6 -> 2141717 | Q6: =H6*O6 -> 17843793 | R6: =MIN(Q6,P6) -> 2141717
A7: Buffalo | B7: ='1990-10'!B7 -> 73.276598 | C7: ='1990-10'!C7 -> 76.207662 | D7: =B7*$A$1*1000 -> 109914.9 | E7: ='Interval Circuities'!J7 -> 1.1576149 | F7: =B7/E7 -> 63.299631 | G7: =F7*$A$1 -> 94.949446 | H7: =PI()*G7^2 -> 28322.706 | I7: =K7/J7 -> 1440.1623 | J7: ='1990-10'!J7 -> 739.5 | K7: ='1990-10'!K7 -> 1065000 | L7: =H7*I7 -> 40789293 | M7: =MIN(K7,L7) -> 1065000 | N7: . | O7: =P7/J7 -> 718.21771 | P7: ='1990-10'!P7 -> 531122 | Q7: =H7*O7 -> 20341869 | R7: =MIN(Q7,P7) -> 531122
A8: Charlotte | B8: ='1990-10'!B8 -> 66.908177 | C8: ='1990-10'!C8 -> 71.591749 | D8: =B8*$A$1*1000 -> 100362.26 | E8: ='Interval Circuities'!J8 -> 1.2165064 | F8: =B8/E8 -> 55.000267 | G8: =F8*$A$1 -> 82.5004 | H8: =PI()*G8^2 -> 21382.673 | I8: =K8/J8 -> 862.48203 | J8: ='1990-10'!J8 -> 626.1 | K8: ='1990-10'!K8 -> 540000 | L8: =H8*I8 -> 18442171 | M8: =MIN(K8,L8) -> 540000 | N8: . | O8: =P8/J8 -> 966.06932 | P8: ='1990-10'!P8 -> 604856 | Q8: =H8*O8 -> 20657144 | R8: =MIN(Q8,P8) -> 604856
A9: Chicago | B9: ='1990-10'!B9 -> 59.830535 | C9: ='1990-10'!C9 -> 64.616977 | D9: =B9*$A$1*1000 -> 89745.802 | E9: ='Interval Circuities'!J9 -> 1.1721615 | F9: =B9/E9 -> 51.042911 | G9: =F9*$A$1 -> 76.564366 | H9: =PI()*G9^2 -> 18416.337 | I9: =K9/J9 -> 1830.0112 | J9: ='1990-10'!J9 -> 4103.8 | K9: ='1990-10'!K9 -> 7510000 | L9: =H9*I9 -> 33702103 | M9: =MIN(K9,L9) -> 7510000 | N9: . | O9: =P9/J9 -> 936.04391 | P9: ='1990-10'!P9 -> 3841337 | Q9: =H9*O9 -> 17238500 | R9: =MIN(Q9,P9) -> 3841337
A10: Cincinnati | B10: ='1990-10'!B10 -> 67.518821 | C10: ='1990-10'!C10 -> 74.270703 | D10: =B10*$A$1*1000 -> 101278.23 | E10: ='Interval Circuities'!J10 -> 1.265155 | F10: =B10/E10 -> 53.368025 | G10: =F10*$A$1 -> 80.052037 | H10: =PI()*G10^2 -> 20132.358 | I10: =K10/J10 -> 860.24751 | J10: ='1990-10'!J10 -> 1325.2 | K10: ='1990-10'!K10 -> 1140000 | L10: =H10*I10 -> 17318811 | M10: =MIN(K10,L10) -> 1140000 | N10: . | O10: =P10/J10 -> 613.31573 | P10: ='1990-10'!P10 -> 812766 | Q10: =H10*O10 -> 12347492 | R10: =MIN(Q10,P10) -> 812766
A11: Cleveland | B11: ='1990-10'!B11 -> 70.270148 | C11: ='1990-10'!C11 -> 77.297163 | D11: =B11*$A$1*1000 -> 105405.22 | E11: ='Interval Circuities'!J11 -> 1.1515515 | F11: =B11/E11 -> 61.022149 | G11: =F11*$A$1 -> 91.533223 | H11: =PI()*G11^2 -> 26321.303 | I11: =K11/J11 -> 1068.6096 | J11: ='1990-10'!J11 -> 1647 | K11: ='1990-10'!K11 -> 1760000 | L11: =H11*I11 -> 28127197 | M11: =MIN(K11,L11) -> 1760000 | N11: . | O11: =P11/J11 -> 754.15847 | P11: ='1990-10'!P11 -> 1242099 | Q11: =H11*O11 -> 19850433 | R11: =MIN(Q11,P11) -> 1242099
A12: Columbus | B12: ='1990-10'!B12 -> 67.725933 | C12: ='1990-10'!C12 -> 77.207564 | D12: =B12*$A$1*1000 -> 101588.9 | E12: ='Interval Circuities'!J12 -> 1.1706401 | F12: =B12/E12 -> 57.853763 | G12: =F12*$A$1 -> 86.780644 | H12: =PI()*G12^2 -> 23658.958 | I12: =K12/J12 -> 973.91694 | J12: ='1990-10'!J12 -> 893.3 | K12: ='1990-10'!K12 -> 870000 | L12: =H12*I12 -> 23041860 | M12: =MIN(K12,L12) -> 870000 | N12: . | O12: =P12/J12 -> 758.8257 | P12: ='1990-10'!P12 -> 677859 | Q12: =H12*O12 -> 17953025 | R12: =MIN(Q12,P12) -> 677859
A13: Dallas-Fort Worth | B13: ='1990-10'!B13 -> 66.031469 | C13: ='1990-10'!C13 -> 76.596505 | D13: =B13*$A$1*1000 -> 99047.204 | E13: ='Interval Circuities'!J13 -> 1.1935433 | F13: =B13/E13 -> 55.323901 | G13: =F13*$A$1 -> 82.985851 | H13: =PI()*G13^2 -> 21635.054 | I13: =K13/J13 -> 869.56522 | J13: ='1990-10'!J13 -> 3737.5 | K13: ='1990-10'!K13 -> 3250000 | L13: =H13*I13 -> 18813090 | M13: =MIN(K13,L13) -> 3250000 | N13: . | O13: =P13/J13 -> 528.85779 | P13: ='1990-10'!P13 -> 1976606 | Q13: =H13*O13 -> 11441867 | R13: =MIN(Q13,P13) -> 1976606
A14: Denver | B14: ='1990-10'!B14 -> 65.002141 | C14: ='1990-10'!C14 -> 76.052505 | D14: =B14*$A$1*1000 -> 97503.211 | E14: ='Interval Circuities'!J14 -> 1.3240785 | F14: =B14/E14 -> 49.09236 | G14: =F14*$A$1 -> 73.63854 | H14: =PI()*G14^2 -> 17035.709 | I14: =K14/J14 -> 1329.5187 | J14: ='1990-10'!J14 -> 1188.4 | K14: ='1990-10'!K14 -> 1580000 | L14: =H14*I14 -> 22649293 | M14: =MIN(K14,L14) -> 1580000 | N14: . | O14: =P14/J14 -> 811.94211 | P14: ='1990-10'!P14 -> 964912 | Q14: =H14*O14 -> 13832009 | R14: =MIN(Q14,P14) -> 964912
... A53: Washington2 | B53: ='1990-10'!B53 -> 57.166397 | C53: ='1990-10'!C53 -> 76.031308 | D53: =B53*$A$1*1000 -> 85749.596 | E53: ='Interval Circuities'!J53 -> 1.272222 | F53: =B53/E53 -> 44.934296 | G53: =F53*$A$1 -> 67.401443 | H53: =PI()*G53^2 -> 14272.113 | I53: =K53/J53 -> 1267.0645 | J53: ='1990-10'!J53 -> 2446.6 | K53: ='1990-10'!K53 -> 3100000 | L53: =H53*I53 -> 18083687 | M53: =MIN(K53,L53) -> 3100000 | N53: . | O53: =P53/J53 -> 905.07235 | P53: ='1990-10'!P53 -> 2214350 | Q53: =H53*O53 -> 12917295 | R53: =MIN(Q53,P53) -> 2214350

Sheet Summary-1990
A1: Area | B1: MinA_E(10) | C1: MinA_E(20) | D1: MinA_E(30) | E1: MinA_E(40) | F1: MinA_E(50) | G1: MinA_E(60) | H1: MinA_E(70) | I1: MinA_E(80) | J1: MinA_E(90) | L1: MinA_E(10) | M1: MinA_E(20-10) | N1: MinA_E(30-20) | O1: MinA_E(40-30) | P1: MinA_E(50-40) | Q1: MinA_E(60-50) | R1: MinA_E(70-60) | S1: MinA_E(80-70) | T1: MinA_E(90-80) | V1: SUM | X1: Weighted Employment Accessibility | Y1: Rank | Z1: Area | AA1: 10 | AB1: 20 | AC1: 30 | AD1: 40 | AE1: 50 | AF1: 60 | AG1: =Z1 -> Area
A2: Atlanta | B2: ='1990-10'!$R3 -> 87559.644 | C2: ='1990-20'!$R3 -> 383924.99 | D2: ='1990-30'!$R3 -> 908006.43 | E2: ='1990-40'!$R3 -> 1481781 | F2: ='1990-50'!$R3 -> 1481781 | G2: ='1990-60'!$R3 -> 1481781 | H2: ='1990-70'!$R3 -> 1481781 | I2: ='1990-80'!$R3 -> 1481781 | J2: ='1990-90'!$R3 -> 1481781 | L2: =B2 -> 87559.644 | M2: =C2-B2 -> 296365.35 | N2: =D2-C2 -> 524081.44 | O2: =E2-D2 -> 573774.57 | P2: =F2-E2 -> 0 | Q2: =G2-F2 -> 0 | R2: =H2-G2 -> 0 | S2: =I2-H2 -> 0 | T2: =J2-I2 -> 0 | V2: =T2+S2+R2+Q2+P2+O2+N2+M2+L2 -> 1481781 | X2: =L2*EXP(Beta*10)+M2*EXP(Beta*20)+N2*EXP(Beta*30)+O2*EXP(Beta*40)+P2*EXP(Beta*50)+Q2*EXP(Beta*60)+R2*EXP(Beta*70)+S2*EXP(Beta*80)+T2*EXP(Beta*90) -> 170110.13 | Y2: =RANK(X2,$X$2:$X$52) -> 22 | Z2: =A2 -> Atlanta | AA2: =RANK(B2,B$2:B$52) -> 44 | AB2: =RANK(C2,C$2:C$52) -> 42 | AC2: =RANK(D2,D$2:D$52) -> 22 | AD2: =RANK(E2,E$2:E$52) -> 11 | AE2: =RANK(F2,F$2:F$52) -> 11 | AF2: =RANK(G2,G$2:G$52) -> 11 | AG2: =Z2 -> Atlanta
A3: Austin | B3: ='1990-10'!R4 -> 98728.964 | C3: ='1990-20'!$R4 -> 404016 | D3: ='1990-30'!$R4 -> 404016 | E3: ='1990-40'!$R4 -> 404016 | F3: ='1990-50'!$R4 -> 404016 | G3: ='1990-60'!$R4 -> 404016 | H3: ='1990-70'!$R4 -> 404016 | I3: ='1990-80'!$R4 -> 404016 | J3: ='1990-90'!$R4 -> 404016 | L3: =B3 -> 98728.964 | M3: =C3-B3 -> 305287.04 | N3: =D3-C3 -> 0 | O3: =E3-D3 -> 0 | P3: =F3-E3 -> 0 | Q3: =G3-F3 -> 0 | R3: =H3-G3 -> 0 | S3: =I3-H3 -> 0 | T3: =J3-I3 -> 0 | V3: =T3+S3+R3+Q3+P3+O3+N3+M3+L3 -> 404016 | X3: =L3*EXP(Beta*10)+M3*EXP(Beta*20)+N3*EXP(Beta*30)+O3*EXP(Beta*40)+P3*EXP(Beta*50)+Q3*EXP(Beta*60)+R3*EXP(Beta*70)+S3*EXP(Beta*80)+T3*EXP(Beta*90) -> 105998.17 | Y3: =RANK(X3,$X$2:$X$52) -> 46 | Z3: =A3 -> Austin | AA3: =RANK(B3,B$2:B$52) -> 39 | AB3: =RANK(C3,C$2:C$52) -> 38 | AC3: =RANK(D3,D$2:D$52) -> 48 | AD3: =RANK(E3,E$2:E$52) -> 48 | AE3: =RANK(F3,F$2:F$52) -> 48 | AF3: =RANK(G3,G$2:G$52) -> 48 | AG3: =Z3 -> Austin
A4: Baltimore | B4: ='1990-10'!R5 -> 137289.96 | C4: ='1990-20'!$R5 -> 589992.59 | D4: ='1990-30'!$R5 -> 1191813 | E4: ='1990-40'!$R5 -> 1191813 | F4: ='1990-50'!$R5 -> 1191813 | G4: ='1990-60'!$R5 -> 1191813 | H4: ='1990-70'!$R5 -> 1191813 | I4: ='1990-80'!$R5 -> 1191813 | J4: ='1990-90'!$R5 -> 1191813 | L4: =B4 -> 137289.96 | M4: =C4-B4 -> 452702.64 | N4: =D4-C4 -> 601820.41 | O4: =E4-D4 -> 0 | P4: =F4-E4 -> 0 | Q4: =G4-F4 -> 0 | R4: =H4-G4 -> 0 | S4: =I4-H4 -> 0 | T4: =J4-I4 -> 0 | V4: =T4+S4+R4+Q4+P4+O4+N4+M4+L4 -> 1191813 | X4: =L4*EXP(Beta*10)+M4*EXP(Beta*20)+N4*EXP(Beta*30)+O4*EXP(Beta*40)+P4*EXP(Beta*50)+Q4*EXP(Beta*60)+R4*EXP(Beta*70)+S4*EXP(Beta*80)+T4*EXP(Beta*90) -> 207683.36 | Y4: =RANK(X4,$X$2:$X$52) -> 11 | Z4: =A4 -> Baltimore | AA4: =RANK(B4,B$2:B$52) -> 20 | AB4: =RANK(C4,C$2:C$52) -> 11 | AC4: =RANK(D4,D$2:D$52) -> 10 | AD4: =RANK(E4,E$2:E$52) -> 17 | AE4: =RANK(F4,F$2:F$52) -> 17 | AF4: =RANK(G4,G$2:G$52) -> 17 | AG4: =Z4 -> Baltimore
A5: Boston | B5: ='1990-10'!R6 -> 174509.01 | C5: ='1990-20'!$R6 -> 777655.32 | D5: ='1990-30'!$R6 -> 1837964.6 | E5: ='1990-40'!$R6 -> 2141717 | F5: ='1990-50'!$R6 -> 2141717 | G5: ='1990-60'!$R6 -> 2141717 | H5: ='1990-70'!$R6 -> 2141717 | I5: ='1990-80'!$R6 -> 2141717 | J5: ='1990-90'!$R6 -> 2141717 | L5: =B5 -> 174509.01 | M5: =C5-B5 -> 603146.31 | N5: =D5-C5 -> 1060309.3 | O5: =E5-D5 -> 303752.39 | P5: =F5-E5 -> 0 | Q5: =G5-F5 -> 0 | R5: =H5-G5 -> 0 | S5: =I5-H5 -> 0 | T5: =J5-I5 -> 0 | V5: =T5+S5+R5+Q5+P5+O5+N5+M5+L5 -> 2141717 | X5: =L5*EXP(Beta*10)+M5*EXP(Beta*20)+N5*EXP(Beta*30)+O5*EXP(Beta*40)+P5*EXP(Beta*50)+Q5*EXP(Beta*60)+R5*EXP(Beta*70)+S5*EXP(Beta*80)+T5*EXP(Beta*90) -> 308755.8 | Y5: =RANK(X5,$X$2:$X$52) -> 6 | Z5: =A5 -> Boston | AA5: =RANK(B5,B$2:B$52) -> 13 | AB5: =RANK(C5,C$2:C$52) -> 5 | AC5: =RANK(D5,D$2:D$52) -> 3 | AD5: =RANK(E5,E$2:E$52) -> 6 | AE5: =RANK(F5,F$2:F$52) -> 6 | AF5: =RANK(G5,G$2:G$52) -> 6 | AG5: =Z5 -> Boston
A6: Buffalo | B6: ='1990-10'!R7 -> 216152.39 | C6: ='1990-20'!$R7 -> 531122 | D6: ='1990-30'!$R7 -> 531122 | E6: ='1990-40'!$R7 -> 531122 | F6: ='1990-50'!$R7 -> 531122 | G6: ='1990-60'!$R7 -> 531122 | H6: ='1990-70'!$R7 -> 531122 | I6: ='1990-80'!$R7 -> 531122 | J6: ='1990-90'!$R7 -> 531122 | L6: =B6 -> 216152.39 | M6: =C6-B6 -> 314969.61 | N6: =D6-C6 -> 0 | O6: =E6-D6 -> 0 | P6: =F6-E6 -> 0 | Q6: =G6-F6 -> 0 | R6: =H6-G6 -> 0 | S6: =I6-H6 -> 0 | T6: =J6-I6 -> 0 | V6: =T6+S6+R6+Q6+P6+O6+N6+M6+L6 -> 531122 | X6: =L6*EXP(Beta*10)+M6*EXP(Beta*20)+N6*EXP(Beta*30)+O6*EXP(Beta*40)+P6*EXP(Beta*50)+Q6*EXP(Beta*60)+R6*EXP(Beta*70)+S6*EXP(Beta*80)+T6*EXP(Beta*90) -> 160714.8 | Y6: =RANK(X6,$X$2:$X$52) -> 26 | Z6: =A6 -> Buffalo | AA6: =RANK(B6,B$2:B$52) -> 4 | AB6: =RANK(C6,C$2:C$52) -> 19 | AC6: =RANK(D6,D$2:D$52) -> 38 | AD6: =RANK(E6,E$2:E$52) -> 38 | AE6: =RANK(F6,F$2:F$52) -> 38 | AF6: =RANK(G6,G$2:G$52) -> 38 | AG6: =Z6 -> Buffalo
A7: Charlotte | B7: ='1990-10'!R8 -> 202665.58 | C7: ='1990-20'!$R8 -> 604856 | D7: ='1990-30'!$R8 -> 604856 | E7: ='1990-40'!$R8 -> 604856 | F7: ='1990-50'!$R8 -> 604856 | G7: ='1990-60'!$R8 -> 604856 | H7: ='1990-70'!$R8 -> 604856 | I7: ='1990-80'!$R8 -> 604856 | J7: ='1990-90'!$R8 -> 604856 | L7: =B7 -> 202665.58 | M7: =C7-B7 -> 402190.42 | N7: =D7-C7 -> 0 | O7: =E7-D7 -> 0 | P7: =F7-E7 -> 0 | Q7: =G7-F7 -> 0 | R7: =H7-G7 -> 0 | S7: =I7-H7 -> 0 | T7: =J7-I7 -> 0 | V7: =T7+S7+R7+Q7+P7+O7+N7+M7+L7 -> 604856 | X7: =L7*EXP(Beta*10)+M7*EXP(Beta*20)+N7*EXP(Beta*30)+O7*EXP(Beta*40)+P7*EXP(Beta*50)+Q7*EXP(Beta*60)+R7*EXP(Beta*70)+S7*EXP(Beta*80)+T7*EXP(Beta*90) -> 172264.36 | Y7: =RANK(X7,$X$2:$X$52) -> 19 | Z7: =A7 -> Charlotte | AA7: =RANK(B7,B$2:B$52) -> 7 | AB7: =RANK(C7,C$2:C$52) -> 10 | AC7: =RANK(D7,D$2:D$52) -> 33 | AD7: =RANK(E7,E$2:E$52) -> 33 | AE7: =RANK(F7,F$2:F$52) -> 33 | AF7: =RANK(G7,G$2:G$52) -> 33 | AG7: =Z7 -> Charlotte
A8: Chicago | B8: ='1990-10'!R9 -> 168813.12 | C8: ='1990-20'!$R9 -> 736844.94 | D8: ='1990-30'!$R9 -> 1734212 | E8: ='1990-40'!$R9 -> 3193548.1 | F8: ='1990-50'!$R9 -> 3841337 | G8: ='1990-60'!$R9 -> 3841337 | H8: ='1990-70'!$R9 -> 3841337 | I8: ='1990-80'!$R9 -> 3841337 | J8: ='1990-90'!$R9 -> 3841337 | L8: =B8 -> 168813.12 | M8: =C8-B8 -> 568031.82 | N8: =D8-C8 -> 997367.03 | O8: =E8-D8 -> 1459336.2 | P8: =F8-E8 -> 647788.86 | Q8: =G8-F8 -> 0 | R8: =H8-G8 -> 0 | S8: =I8-H8 -> 0 | T8: =J8-I8 -> 0 | V8: =T8+S8+R8+Q8+P8+O8+N8+M8+L8 -> 3841337 | X8: =L8*EXP(Beta*10)+M8*EXP(Beta*20)+N8*EXP(Beta*30)+O8*EXP(Beta*40)+P8*EXP(Beta*50)+Q8*EXP(Beta*60)+R8*EXP(Beta*70)+S8*EXP(Beta*80)+T8*EXP(Beta*90) -> 352365.79 | Y8: =RANK(X8,$X$2:$X$52) -> 3 | Z8: =A8 -> Chicago | AA8: =RANK(B8,B$2:B$52) -> 14 | AB8: =RANK(C8,C$2:C$52) -> 6 | AC8: =RANK(D8,D$2:D$52) -> 4 | AD8: =RANK(E8,E$2:E$52) -> 2 | AE8: =RANK(F8,F$2:F$52) -> 3 | AF8: =RANK(G8,G$2:G$52) -> 3 | AG8: =Z8 -> Chicago
A9: Cincinnati | B9: ='1990-10'!R10 -> 126401.71 | C9: ='1990-20'!$R10 -> 548967.42 | D9: ='1990-30'!$R10 -> 812766 | E9: ='1990-40'!$R10 -> 812766 | F9: ='1990-50'!$R10 -> 812766 | G9: ='1990-60'!$R10 -> 812766 | H9: ='1990-70'!$R10 -> 812766 | I9: ='1990-80'!$R10 -> 812766 | J9: ='1990-90'!$R10 -> 812766 | L9: =B9 -> 126401.71 | M9: =C9-B9 -> 422565.7 | N9: =D9-C9 -> 263798.58 | O9: =E9-D9 -> 0 | P9: =F9-E9 -> 0 | Q9: =G9-F9 -> 0 | R9: =H9-G9 -> 0 | S9: =I9-H9 -> 0 | T9: =J9-I9 -> 0 | V9: =T9+S9+R9+Q9+P9+O9+N9+M9+L9 -> 812766 | X9: =L9*EXP(Beta*10)+M9*EXP(Beta*20)+N9*EXP(Beta*30)+O9*EXP(Beta*40)+P9*EXP(Beta*50)+Q9*EXP(Beta*60)+R9*EXP(Beta*70)+S9*EXP(Beta*80)+T9*EXP(Beta*90) -> 166041.76 | Y9: =RANK(X9,$X$2:$X$52) -> 25 | Z9: =A9 -> Cincinnati | AA9: =RANK(B9,B$2:B$52) -> 24 | AB9: =RANK(C9,C$2:C$52) -> 16 | AC9: =RANK(D9,D$2:D$52) -> 24 | AD9: =RANK(E9,E$2:E$52) -> 24 | AE9: =RANK(F9,F$2:F$52) -> 24 | AF9: =RANK(G9,G$2:G$52) -> 24 | AG9: =Z9 -> Cincinnati
A10: Cleveland | B10: ='1990-10'!R11 -> 200994.24 | C10: ='1990-20'!$R11 -> 879257.21 | D10: ='1990-30'!$R11 -> 1242099 | E10: ='1990-40'!$R11 -> 1242099 | F10: ='1990-50'!$R11 -> 1242099 | G10: ='1990-60'!$R11 -> 1242099 | H10: ='1990-70'!$R11 -> 1242099 | I10: ='1990-80'!$R11 -> 1242099 | J10: ='1990-90'!$R11 -> 1242099 | L10: =B10 -> 200994.24 | M10: =C10-B10 -> 678262.97 | N10: =D10-C10 -> 362841.79 | O10: =E10-D10 -> 0 | P10: =F10-E10 -> 0 | Q10: =G10-F10 -> 0 | R10: =H10-G10 -> 0 | S10: =I10-H10 -> 0 | T10: =J10-I10 -> 0 | V10: =T10+S10+R10+Q10+P10+O10+N10+M10+L10 -> 1242099 | X10: =L10*EXP(Beta*10)+M10*EXP(Beta*20)+N10*EXP(Beta*30)+O10*EXP(Beta*40)+P10*EXP(Beta*50)+Q10*EXP(Beta*60)+R10*EXP(Beta*70)+S10*EXP(Beta*80)+T10*EXP(Beta*90) -> 260167.73 | Y10: =RANK(X10,$X$2:$X$52) -> 7 | Z10: =A10 -> Cleveland | AA10: =RANK(B10,B$2:B$52) -> 8 | AB10: =RANK(C10,C$2:C$52) -> 2 | AC10: =RANK(D10,D$2:D$52) -> 9 | AD10: =RANK(E10,E$2:E$52) -> 15 | AE10: =RANK(F10,F$2:F$52) -> 15 | AF10: =RANK(G10,G$2:G$52) -> 15 | AG10: =Z10 -> Cleveland
A11: Columbus | B11: ='1990-10'!R12 -> 175541.69 | C11: ='1990-20'!$R12 -> 677859 | D11: ='1990-30'!$R12 -> 677859 | E11: ='1990-40'!$R12 -> 677859 | F11: ='1990-50'!$R12 -> 677859 | G11: ='1990-60'!$R12 -> 677859 | H11: ='1990-70'!$R12 -> 677859 | I11: ='1990-80'!$R12 -> 677859 | J11: ='1990-90'!$R12 -> 677859 | L11: =B11 -> 175541.69 | M11: =C11-B11 -> 502317.31 | N11: =D11-C11 -> 0 | O11: =E11-D11 -> 0 | P11: =F11-E11 -> 0 | Q11: =G11-F11 -> 0 | R11: =H11-G11 -> 0 | S11: =I11-H11 -> 0 | T11: =J11-I11 -> 0 | V11: =T11+S11+R11+Q11+P11+O11+N11+M11+L11 -> 677859 | X11: =L11*EXP(Beta*10)+M11*EXP(Beta*20)+N11*EXP(Beta*30)+O11*EXP(Beta*40)+P11*EXP(Beta*50)+Q11*EXP(Beta*60)+R11*EXP(Beta*70)+S11*EXP(Beta*80)+T11*EXP(Beta*90) -> 180292.08 | Y11: =RANK(X11,$X$2:$X$52) -> 18 | Z11: =A11 -> Columbus | AA11: =RANK(B11,B$2:B$52) -> 11 | AB11: =RANK(C11,C$2:C$52) -> 7 | AC11: =RANK(D11,D$2:D$52) -> 31 | AD11: =RANK(E11,E$2:E$52) -> 31 | AE11: =RANK(F11,F$2:F$52) -> 31 | AF11: =RANK(G11,G$2:G$52) -> 31 | AG11: =Z11 -> Columbus
A12: Dallas-Fort Worth | B12: ='1990-10'!R13 -> 107066.35 | C12: ='1990-20'!$R13 -> 464244.69 | D12: ='1990-30'!$R13 -> 1106232.5 | E12: ='1990-40'!$R13 -> 1976606 | F12: ='1990-50'!$R13 -> 1976606 | G12: ='1990-60'!$R13 -> 1976606 | H12: ='1990-70'!$R13 -> 1976606 | I12: ='1990-80'!$R13 -> 1976606 | J12: ='1990-90'!$R13 -> 1976606 | L12: =B12 -> 107066.35 | M12: =C12-B12 -> 357178.34 | N12: =D12-C12 -> 641987.81 | O12: =E12-D12 -> 870373.5 | P12: =F12-E12 -> 0 | Q12: =G12-F12 -> 0 | R12: =H12-G12 -> 0 | S12: =I12-H12 -> 0 | T12: =J12-I12 -> 0 | V12: =T12+S12+R12+Q12+P12+O12+N12+M12+L12 -> 1976606 | X12: =L12*EXP(Beta*10)+M12*EXP(Beta*20)+N12*EXP(Beta*30)+O12*EXP(Beta*40)+P12*EXP(Beta*50)+Q12*EXP(Beta*60)+R12*EXP(Beta*70)+S12*EXP(Beta*80)+T12*EXP(Beta*90) -> 213939.24 | Y12: =RANK(X12,$X$2:$X$52) -> 10 | Z12: =A12 -> Dallas-Fort Worth | AA12: =RANK(B12,B$2:B$52) -> 33 | AB12: =RANK(C12,C$2:C$52) -> 29 | AC12: =RANK(D12,D$2:D$52) -> 12 | AD12: =RANK(E12,E$2:E$52) -> 8 | AE12: =RANK(F12,F$2:F$52) -> 8 | AF12: =RANK(G12,G$2:G$52) -> 8 | AG12: =Z12 -> Dallas-Fort Worth
A13: Denver | B13: ='1990-10'!R14 -> 156322.65 | C13: ='1990-20'!$R14 -> 638432.63 | D13: ='1990-30'!$R14 -> 964912 | E13: ='1990-40'!$R14 -> 964912 | F13: ='1990-50'!$R14 -> 964912 | G13: ='1990-60'!$R14 -> 964912 | H13: ='1990-70'!$R14 -> 964912 | I13: ='1990-80'!$R14 -> 964912 | J13: ='1990-90'!$R14 -> 964912 | L13: =B13 -> 156322.65 | M13: =C13-B13 -> 482109.98 | N13: =D13-C13 -> 326479.37 | O13: =E13-D13 -> 0 | P13: =F13-E13 -> 0 | Q13: =G13-F13 -> 0 | R13: =H13-G13 -> 0 | S13: =I13-H13 -> 0 | T13: =J13-I13 -> 0 | V13: =T13+S13+R13+Q13+P13+O13+N13+M13+L13 -> 964912 | X13: =L13*EXP(Beta*10)+M13*EXP(Beta*20)+N13*EXP(Beta*30)+O13*EXP(Beta*40)+P13*EXP(Beta*50)+Q13*EXP(Beta*60)+R13*EXP(Beta*70)+S13*EXP(Beta*80)+T13*EXP(Beta*90) -> 197194.16 | Y13: =RANK(X13,$X$2:$X$52) -> 13 | Z13: =A13 -> Denver | AA13: =RANK(B13,B$2:B$52) -> 16 | AB13: =RANK(C13,C$2:C$52) -> 8 | AC13: =RANK(D13,D$2:D$52) -> 16 | AD13: =RANK(E13,E$2:E$52) -> 20 | AE13: =RANK(F13,F$2:F$52) -> 20 | AF13: =RANK(G13,G$2:G$52) -> 20 | AG13: =Z13 -> Denver
A14: Detroit | B14: ='1990-10'!R15 -> 132975.97 | C14: ='1990-20'!$R15 -> 577362.16 | D14: ='1990-30'!$R15 -> 1348568.9 | E14: ='1990-40'!$R15 -> 2079880 | F14: ='1990-50'!$R15 -> 2079880 | G14: ='1990-60'!$R15 -> 2079880 | H14: ='1990-70'!$R15 -> 2079880 | I14: ='1990-80'!$R15 -> 2079880 | J14: ='1990-90'!$R15 -> 2079880 | L14: =B14 -> 132975.97 | M14: =C14-B14 -> 444386.19 | N14: =D14-C14 -> 771206.77 | O14: =E14-D14 -> 731311.07 | P14: =F14-E14 -> 0 | Q14: =G14-F14 -> 0 | R14: =H14-G14 -> 0 | S14: =I14-H14 -> 0 | T14: =J14-I14 -> 0 | V14: =T14+S14+R14+Q14+P14+O14+N14+M14+L14 -> 2079880 | X14: =L14*EXP(Beta*10)+M14*EXP(Beta*20)+N14*EXP(Beta*30)+O14*EXP(Beta*40)+P14*EXP(Beta*50)+Q14*EXP(Beta*60)+R14*EXP(Beta*70)+S14*EXP(Beta*80)+T14*EXP(Beta*90) -> 249242.13 | Y14: =RANK(X14,$X$2:$X$52) -> 8 | Z14: =A14 -> Detroit | AA14: =RANK(B14,B$2:B$52) -> 21 | AB14: =RANK(C14,C$2:C$52) -> 13 | AC14: =RANK(D14,D$2:D$52) -> 7 | AD14: =RANK(E14,E$2:E$52) -> 7 | AE14: =RANK(F14,F$2:F$52) -> 7 | AF14: =RANK(G14,G$2:G$52) -> 7 | AG14: =Z14 -> Detroit
... A52: Washington | B52: ='1990-10'!R53 -> 125249.77 | C52: ='1990-20'!$R53 -> 536510.49 | D52: ='1990-30'!$R53 -> 1285045 | E52: ='1990-40'!$R53 -> 2214350 | F52: ='1990-50'!$R53 -> 2214350 | G52: ='1990-60'!$R53 -> 2214350 | H52: ='1990-70'!$R53 -> 2214350 | I52: ='1990-80'!$R53 -> 2214350 | J52: ='1990-90'!$R53 -> 2214350 | L52: =B52 -> 125249.77 | M52: =C52-B52 -> 411260.72 | N52: =D52-C52 -> 748534.49 | O52: =E52-D52 -> 929305.02 | P52: =F52-E52 -> 0 | Q52: =G52-F52 -> 0 | R52: =H52-G52 -> 0 | S52: =I52-H52 -> 0 | T52: =J52-I52 -> 0 | V52: =T52+S52+R52+Q52+P52+O52+N52+M52+L52 -> 2214350 | X52: =L52*EXP(Beta*10)+M52*EXP(Beta*20)+N52*EXP(Beta*30)+O52*EXP(Beta*40)+P52*EXP(Beta*50)+Q52*EXP(Beta*60)+R52*EXP(Beta*70)+S52*EXP(Beta*80)+T52*EXP(Beta*90) -> 245096.5 | Y52: =RANK(X52,$X$2:$X$52) -> 9 | Z52: =A52 -> Washington | AA52: =RANK(B52,B$2:B$52) -> 25 | AB52: =RANK(C52,C$2:C$52) -> 18 | AC52: =RANK(D52,D$2:D$52) -> 8 | AD52: =RANK(E52,E$2:E$52) -> 5 | AE52: =RANK(F52,F$2:F$52) -> 5 | AF52: =RANK(G52,G$2:G$52) -> 5 | AG52: =Z52 -> Washington
L54: 1 | M54: 1 | N54: 1 | O54: 1 | P54: 1 | Q54: 1 | R54: 1 | S54: 1 | T54: 1 | X54: =L54*EXP(Beta*10)+M54*EXP(Beta*20)+N54*EXP(Beta*30)+O54*EXP(Beta*40)+P54*EXP(Beta*50)+Q54*EXP(Beta*60) -> 0.80925103 | AA54: TIME COHORT
A55: Beta | B55: -0.08 | Y55: Weighted Average | Z55: Rank | AA55: =AA1 -> 10 | AB55: =AB1 -> 20 | AC55: =AC1 -> 30 | AD55: =AD1 -> 40 | AE55: =AE1 -> 50 | AF55: =AF1 -> 60 | AG55: Weighted Average
Y56: =VLOOKUP($Z56,Y$2:$Z$52,2,FALSE) -> New York | Z56: 1 | AA56: =VLOOKUP($Z56,AA$2:$AG$52,8-AA$1/10,FALSE) -> South Florida | AB56: =VLOOKUP($Z56,AB$2:$AG$52,8-AB$1/10,FALSE) -> South Florida | AC56: =VLOOKUP($Z56,AC$2:$AG$52,8-AC$1/10,FALSE) -> Philadelphia | AD56: =VLOOKUP($Z56,AD$2:$AG$52,8-AD$1/10,FALSE) -> New York | AE56: =VLOOKUP($Z56,AE$2:$AG$52,8-AE$1/10,FALSE) -> New York | AF56: =VLOOKUP($Z56,AF$2:$AG$52,8-AF$1/10,FALSE) -> New York | AG56: =Y56 -> New York
A57: Source of Beta: Levinson, David and Ajay Kumar (1995) A Multi-modal Trip Distribution Model. Transportation Research Record #1466: 124-131. | Y57: =VLOOKUP($Z57,Y$2:$Z$52,2,FALSE) -> Philadelphia | Z57: 2 | AA57: =VLOOKUP($Z57,AA$2:$AG$52,8-AA$1/10,FALSE) -> Hartford | AB57: =VLOOKUP($Z57,AB$2:$AG$52,8-AB$1/10,FALSE) -> Cleveland | AC57: =VLOOKUP($Z57,AC$2:$AG$52,8-AC$1/10,FALSE) -> New York | AD57: =VLOOKUP($Z57,AD$2:$AG$52,8-AD$1/10,FALSE) -> Chicago | AE57: =VLOOKUP($Z57,AE$2:$AG$52,8-AE$1/10,FALSE) -> Los Angeles | AF57: =VLOOKUP($Z57,AF$2:$AG$52,8-AF$1/10,FALSE) -> Los Angeles | AG57: =Y57 -> Philadelphia
Y58: =VLOOKUP($Z58,Y$2:$Z$52,2,FALSE) -> Chicago | Z58: 3 | AA58: =VLOOKUP($Z58,AA$2:$AG$52,8-AA$1/10,FALSE) -> Rochester | AB58: =VLOOKUP($Z58,AB$2:$AG$52,8-AB$1/10,FALSE) -> Philadelphia | AC58: =VLOOKUP($Z58,AC$2:$AG$52,8-AC$1/10,FALSE) -> Boston | AD58: =VLOOKUP($Z58,AD$2:$AG$52,8-AD$1/10,FALSE) -> Philadelphia | AE58: =VLOOKUP($Z58,AE$2:$AG$52,8-AE$1/10,FALSE) -> Chicago | AF58: =VLOOKUP($Z58,AF$2:$AG$52,8-AF$1/10,FALSE) -> Chicago | AG58: =Y58 -> Chicago
Y59: =VLOOKUP($Z59,Y$2:$Z$52,2,FALSE) -> South Florida | Z59: =Z58+1 -> 4 | AA59: =VLOOKUP($Z59,AA$2:$AG$52,8-AA$1/10,FALSE) -> Buffalo | AB59: =VLOOKUP($Z59,AB$2:$AG$52,8-AB$1/10,FALSE) -> New York | AC59: =VLOOKUP($Z59,AC$2:$AG$52,8-AC$1/10,FALSE) -> Chicago | AD59: =VLOOKUP($Z59,AD$2:$AG$52,8-AD$1/10,FALSE) -> Los Angeles | AE59: =VLOOKUP($Z59,AE$2:$AG$52,8-AE$1/10,FALSE) -> Philadelphia | AF59: =VLOOKUP($Z59,AF$2:$AG$52,8-AF$1/10,FALSE) -> Philadelphia | AG59: =Y59 -> South Florida
Y60: =VLOOKUP($Z60,Y$2:$Z$52,2,FALSE) -> Los Angeles | Z60: =Z59+1 -> 5 | AA60: =VLOOKUP($Z60,AA$2:$AG$52,8-AA$1/10,FALSE) -> Honolulu | AB60: =VLOOKUP($Z60,AB$2:$AG$52,8-AB$1/10,FALSE) -> Boston | AC60: =VLOOKUP($Z60,AC$2:$AG$52,8-AC$1/10,FALSE) -> South Florida | AD60: =VLOOKUP($Z60,AD$2:$AG$52,8-AD$1/10,FALSE) -> Washington | AE60: =VLOOKUP($Z60,AE$2:$AG$52,8-AE$1/10,FALSE) -> Washington | AF60: =VLOOKUP($Z60,AF$2:$AG$52,8-AF$1/10,FALSE) -> Washington | AG60: =Y60 -> Los Angeles
Y61: =VLOOKUP($Z61,Y$2:$Z$52,2,FALSE) -> Boston | Z61: =Z60+1 -> 6 | AA61: =VLOOKUP($Z61,AA$2:$AG$52,8-AA$1/10,FALSE) -> Raleigh | AB61: =VLOOKUP($Z61,AB$2:$AG$52,8-AB$1/10,FALSE) -> Chicago | AC61: =VLOOKUP($Z61,AC$2:$AG$52,8-AC$1/10,FALSE) -> Los Angeles | AD61: =VLOOKUP($Z61,AD$2:$AG$52,8-AD$1/10,FALSE) -> Boston | AE61: =VLOOKUP($Z61,AE$2:$AG$52,8-AE$1/10,FALSE) -> Boston | AF61: =VLOOKUP($Z61,AF$2:$AG$52,8-AF$1/10,FALSE) -> Boston | AG61: =Y61 -> Boston
Y62: =VLOOKUP($Z62,Y$2:$Z$52,2,FALSE) -> Cleveland | Z62: =Z61+1 -> 7 | AA62: =VLOOKUP($Z62,AA$2:$AG$52,8-AA$1/10,FALSE) -> Charlotte | AB62: =VLOOKUP($Z62,AB$2:$AG$52,8-AB$1/10,FALSE) -> Columbus | AC62: =VLOOKUP($Z62,AC$2:$AG$52,8-AC$1/10,FALSE) -> Detroit | AD62: =VLOOKUP($Z62,AD$2:$AG$52,8-AD$1/10,FALSE) -> Detroit | AE62: =VLOOKUP($Z62,AE$2:$AG$52,8-AE$1/10,FALSE) -> Detroit | AF62: =VLOOKUP($Z62,AF$2:$AG$52,8-AF$1/10,FALSE) -> Detroit | AG62: =Y62 -> Cleveland
Y63: =VLOOKUP($Z63,Y$2:$Z$52,2,FALSE) -> Detroit | Z63: =Z62+1 -> 8 | AA63: =VLOOKUP($Z63,AA$2:$AG$52,8-AA$1/10,FALSE) -> Cleveland | AB63: =VLOOKUP($Z63,AB$2:$AG$52,8-AB$1/10,FALSE) -> Denver | AC63: =VLOOKUP($Z63,AC$2:$AG$52,8-AC$1/10,FALSE) -> Washington | AD63: =VLOOKUP($Z63,AD$2:$AG$52,8-AD$1/10,FALSE) -> Dallas-Fort Worth | AE63: =VLOOKUP($Z63,AE$2:$AG$52,8-AE$1/10,FALSE) -> Dallas-Fort Worth | AF63: =VLOOKUP($Z63,AF$2:$AG$52,8-AF$1/10,FALSE) -> Dallas-Fort Worth | AG63: =Y63 -> Detroit
Y64: =VLOOKUP($Z64,Y$2:$Z$52,2,FALSE) -> Washington | Z64: =Z63+1 -> 9 | AA64: =VLOOKUP($Z64,AA$2:$AG$52,8-AA$1/10,FALSE) -> Philadelphia | AB64: =VLOOKUP($Z64,AB$2:$AG$52,8-AB$1/10,FALSE) -> San Jose | AC64: =VLOOKUP($Z64,AC$2:$AG$52,8-AC$1/10,FALSE) -> Cleveland | AD64: =VLOOKUP($Z64,AD$2:$AG$52,8-AD$1/10,FALSE) -> San Francisco | AE64: =VLOOKUP($Z64,AE$2:$AG$52,8-AE$1/10,FALSE) -> San Francisco | AF64: =VLOOKUP($Z64,AF$2:$AG$52,8-AF$1/10,FALSE) -> San Francisco | AG64: =Y64 -> Washington
Y65: =VLOOKUP($Z65,Y$2:$Z$52,2,FALSE) -> Dallas-Fort Worth | Z65: =Z64+1 -> 10 | AA65: =VLOOKUP($Z65,AA$2:$AG$52,8-AA$1/10,FALSE) -> New York | AB65: =VLOOKUP($Z65,AB$2:$AG$52,8-AB$1/10,FALSE) -> Charlotte | AC65: =VLOOKUP($Z65,AC$2:$AG$52,8-AC$1/10,FALSE) -> Baltimore | AD65: =VLOOKUP($Z65,AD$2:$AG$52,8-AD$1/10,FALSE) -> Houston | AE65: =VLOOKUP($Z65,AE$2:$AG$52,8-AE$1/10,FALSE) -> Houston | AF65: =VLOOKUP($Z65,AF$2:$AG$52,8-AF$1/10,FALSE) -> Houston | AG65: =Y65 -> Dallas-Fort Worth
Y66: =VLOOKUP($Z66,Y$2:$Z$52,2,FALSE) -> Baltimore | Z66: =Z65+1 -> 11 | AA66: =VLOOKUP($Z66,AA$2:$AG$52,8-AA$1/10,FALSE) -> Columbus | AB66: =VLOOKUP($Z66,AB$2:$AG$52,8-AB$1/10,FALSE) -> Baltimore | AC66: =VLOOKUP($Z66,AC$2:$AG$52,8-AC$1/10,FALSE) -> St. Louis | AD66: =VLOOKUP($Z66,AD$2:$AG$52,8-AD$1/10,FALSE) -> Atlanta | AE66: =VLOOKUP($Z66,AE$2:$AG$52,8-AE$1/10,FALSE) -> Atlanta | AF66: =VLOOKUP($Z66,AF$2:$AG$52,8-AF$1/10,FALSE) -> Atlanta | AG66: =Y66 -> Baltimore
Y67: =VLOOKUP($Z67,Y$2:$Z$52,2,FALSE) -> San Francisco | Z67: =Z66+1 -> 12 | AA67: =VLOOKUP($Z67,AA$2:$AG$52,8-AA$1/10,FALSE) -> Providence | AB67: =VLOOKUP($Z67,AB$2:$AG$52,8-AB$1/10,FALSE) -> Los Angeles | AC67: =VLOOKUP($Z67,AC$2:$AG$52,8-AC$1/10,FALSE) -> Dallas-Fort Worth | AD67: =VLOOKUP($Z67,AD$2:$AG$52,8-AD$1/10,FALSE) -> South Florida | AE67: =VLOOKUP($Z67,AE$2:$AG$52,8-AE$1/10,FALSE) -> South Florida | AF67: =VLOOKUP($Z67,AF$2:$AG$52,8-AF$1/10,FALSE) -> South Florida | AG67: =Y67 -> San Francisco
Y68: =VLOOKUP($Z68,Y$2:$Z$52,2,FALSE) -> Denver | Z68: =Z67+1 -> 13 | AA68: =VLOOKUP($Z68,AA$2:$AG$52,8-AA$1/10,FALSE) -> Boston | AB68: =VLOOKUP($Z68,AB$2:$AG$52,8-AB$1/10,FALSE) -> Detroit | AC68: =VLOOKUP($Z68,AC$2:$AG$52,8-AC$1/10,FALSE) -> Seattle | AD68: =VLOOKUP($Z68,AD$2:$AG$52,8-AD$1/10,FALSE) -> Seattle | AE68: =VLOOKUP($Z68,AE$2:$AG$52,8-AE$1/10,FALSE) -> Seattle | AF68: =VLOOKUP($Z68,AF$2:$AG$52,8-AF$1/10,FALSE) -> Seattle | AG68: =Y68 -> Denver
Y69: =VLOOKUP($Z69,Y$2:$Z$52,2,FALSE) -> Houston | Z69: =Z68+1 -> 14 | AA69: =VLOOKUP($Z69,AA$2:$AG$52,8-AA$1/10,FALSE) -> Chicago | AB69: =VLOOKUP($Z69,AB$2:$AG$52,8-AB$1/10,FALSE) -> Milwaukee | AC69: =VLOOKUP($Z69,AC$2:$AG$52,8-AC$1/10,FALSE) -> Houston | AD69: =VLOOKUP($Z69,AD$2:$AG$52,8-AD$1/10,FALSE) -> Minneapolis-St.Paul | AE69: =VLOOKUP($Z69,AE$2:$AG$52,8-AE$1/10,FALSE) -> Minneapolis-St.Paul | AF69: =VLOOKUP($Z69,AF$2:$AG$52,8-AF$1/10,FALSE) -> Minneapolis-St.Paul | AG69: =Y69 -> Houston
Y70: =VLOOKUP($Z70,Y$2:$Z$52,2,FALSE) -> San Jose | Z70: =Z69+1 -> 15 | AA70: =VLOOKUP($Z70,AA$2:$AG$52,8-AA$1/10,FALSE) -> San Jose | AB70: =VLOOKUP($Z70,AB$2:$AG$52,8-AB$1/10,FALSE) -> Hartford | AC70: =VLOOKUP($Z70,AC$2:$AG$52,8-AC$1/10,FALSE) -> San Francisco | AD70: =VLOOKUP($Z70,AD$2:$AG$52,8-AD$1/10,FALSE) -> Cleveland | AE70: =VLOOKUP($Z70,AE$2:$AG$52,8-AE$1/10,FALSE) -> Cleveland | AF70: =VLOOKUP($Z70,AF$2:$AG$52,8-AF$1/10,FALSE) -> Cleveland | AG70: =Y70 -> San Jose
... Y105: =VLOOKUP($Z105,Y$2:$Z$52,2,FALSE) -> Oklahoma City | Z105: =Z104+1 -> 50 | AA105: =VLOOKUP($Z105,AA$2:$AG$52,8-AA$1/10,FALSE) -> Oklahoma City | AB105: =VLOOKUP($Z105,AB$2:$AG$52,8-AB$1/10,FALSE) -> Oklahoma City | AC105: =VLOOKUP($Z105,AC$2:$AG$52,8-AC$1/10,FALSE) -> Las Vegas | AD105: =VLOOKUP($Z105,AD$2:$AG$52,8-AD$1/10,FALSE) -> Las Vegas | AE105: =VLOOKUP($Z105,AE$2:$AG$52,8-AE$1/10,FALSE) -> Las Vegas | AF105: =VLOOKUP($Z105,AF$2:$AG$52,8-AF$1/10,FALSE) -> Las Vegas | AG105: =Y105 -> Oklahoma City

Sheet Interval Circuities
B1: Time Threshold Circuities | K1: ln(Time Threshold Circuities) | T1: ln(C)-ln(t) | X1: C-ln(t) | AA1: ln(C)-t | AB1: C-t
B2: 10 | C2: 20 | D2: 30 | E2: 40 | F2: 50 | G2: 60 | H2: 70 | I2: 80 | J2: 90 | K2: =LN(B2) -> 2.3025851 | L2: =LN(C2) -> 2.9957323 | M2: =LN(D2) -> 3.4011974 | N2: =LN(E2) -> 3.6888795 | O2: =LN(F2) -> 3.912023 | P2: =LN(G2) -> 4.0943446 | Q2: =LN(H2) -> 4.2484952 | R2: =LN(I2) -> 4.3820266 | S2: =LN(J2) -> 4.4998097 | T2: Zeta | V2: Y-Intercept | W2: r2 | X2: Zeta | Y2: Y-Intercept | Z2: r2 | AA2: r2 | AB2: r2
A3: Atlanta | B3: ='[1]1990'!K$24 -> 1.3522448 | C3: ='[1]1990'!L$24 -> 1.2915586 | D3: ='[1]1990'!M$24 -> 1.2597492 | E3: ='[1]1990'!N$24 -> 1.2408931 | F3: ='[1]1990'!O$24 -> 1.2257266 | G3: ='[1]1990'!P$24 -> 1.2122356 | H3: ='[1]1990'!Q$24 -> 1.2025352 | I3: ='[1]1990'!R$24 -> 1.1955639 | J3: ='[1]1990'!S$24 -> 1.1893215 | K3: =LN(B3) -> 0.301766 | L3: =LN(C3) -> 0.25584969 | M3: =LN(D3) -> 0.23091267 | N3: =LN(E3) -> 0.21583135 | O3: =LN(F3) -> 0.20353379 | P3: =LN(G3) -> 0.1924663 | Q3: =LN(H3) -> 0.18443201 | R3: =LN(I3) -> 0.17861798 | S3: =LN(J3) -> 0.17338296 | T3: {=LINEST(K3:S3,$K$2:$S$2)} -> -0.058232938 | U3: 0.43211749 | V3: =EXP(U3) -> 1.5405161 | W3: =RSQ(K3:S3,$K$2:$S$2) -> 0.99678932 | X3: {=LINEST(B3:J3,$K$2:$S$2)} -> -0.073618347 | Y3: 1.5153212 | Z3: =RSQ(B3:J3,$K$2:$S$2) -> 0.99432658 | AA3: =RSQ(K3:S3,$B$2:$J$2) -> 0.87864853 | AB3: =RSQ(B3:J3,$B$2:$J$2) -> 0.86617951
A4: Austin | B4: ='[2]1990'!K$24 -> 1.4261507 | C4: ='[2]1990'!L$24 -> 1.4003139 | D4: ='[2]1990'!M$24 -> 1.3586811 | E4: ='[2]1990'!N$24 -> 1.3288132 | F4: ='[2]1990'!O$24 -> 1.3049269 | G4: ='[2]1990'!P$24 -> 1.2888701 | H4: ='[2]1990'!Q$24 -> 1.2773678 | I4: ='[2]1990'!R$24 -> 1.2690969 | J4: ='[2]1990'!S$24 -> 1.2651082 | K4: =LN(B4) -> 0.35497896 | L4: =LN(C4) -> 0.33669646 | M4: =LN(D4) -> 0.30651444 | N4: =LN(E4) -> 0.28428618 | O4: =LN(F4) -> 0.26614703 | P4: =LN(G4) -> 0.25376591 | Q4: =LN(H4) -> 0.24480156 | R4: =LN(I4) -> 0.23830558 | S4: =LN(J4) -> 0.23515762 | T4: {=LINEST(K4:S4,$K$2:$S$2)} -> -0.060304761 | U4: 0.5047085 | V4: =EXP(U4) -> 1.6565026 | W4: =RSQ(K4:S4,$K$2:$S$2) -> 0.97569512 | X4: {=LINEST(B4:J4,$K$2:$S$2)} -> -0.080946682 | Y4: 1.6258971 | Z4: =RSQ(B4:J4,$K$2:$S$2) -> 0.97764659 | AA4: =RSQ(K4:S4,$B$2:$J$2) -> 0.93125688 | AB4: =RSQ(B4:J4,$B$2:$J$2) -> 0.9244539
A5: Baltimore | B5: ='[3]1990'!K$24 -> 1.3415278 | C5: ='[3]1990'!L$24 -> 1.2942727 | D5: ='[3]1990'!M$24 -> 1.2586521 | E5: ='[3]1990'!N$24 -> 1.2365714 | F5: ='[3]1990'!O$24 -> 1.2230334 | G5: ='[3]1990'!P$24 -> 1.2143663 | H5: ='[3]1990'!Q$24 -> 1.2079051 | I5: ='[3]1990'!R$24 -> 1.2040908 | J5: ='[3]1990'!S$24 -> 1.2022458 | K5: =LN(B5) -> 0.29380914 | L5: =LN(C5) -> 0.2579489 | M5: =LN(D5) -> 0.23004136 | N5: =LN(E5) -> 0.21234258 | O5: =LN(F5) -> 0.20133419 | P5: =LN(G5) -> 0.19422236 | Q5: =LN(H5) -> 0.18888752 | R5: =LN(I5) -> 0.18572472 | S5: =LN(J5) -> 0.18419127 | T5: {=LINEST(K5:S5,$K$2:$S$2)} -> -0.051997053 | U5: 0.41018979 | V5: =EXP(U5) -> 1.5071038 | W5: =RSQ(K5:S5,$K$2:$S$2) -> 0.98371018 | X5: {=LINEST(B5:J5,$K$2:$S$2)} -> -0.065768925 | Y5: 1.4875083 | Z5: =RSQ(B5:J5,$K$2:$S$2) -> 0.98116179 | AA5: =RSQ(K5:S5,$B$2:$J$2) -> 0.8364612 | AB5: =RSQ(B5:J5,$B$2:$J$2) -> 0.82677148
A6: Boston | B6: ='[4]1990'!K$24 -> 1.3256489 | C6: ='[4]1990'!L$24 -> 1.2559544 | D6: ='[4]1990'!M$24 -> 1.2254345 | E6: ='[4]1990'!N$24 -> 1.2071976 | F6: ='[4]1990'!O$24 -> 1.1972431 | G6: ='[4]1990'!P$24 -> 1.1905977 | H6: ='[4]1990'!Q$24 -> 1.1866052 | I6: ='[4]1990'!R$24 -> 1.1828892 | J6: ='[4]1990'!S$24 -> 1.179876 | K6: =LN(B6) -> 0.28190206 | L6: =LN(C6) -> 0.22789572 | M6: =LN(D6) -> 0.2032955 | N6: =LN(E6) -> 0.18830164 | O6: =LN(F6) -> 0.18002153 | P6: =LN(G6) -> 0.17445546 | Q6: =LN(H6) -> 0.17109649 | R6: =LN(I6) -> 0.16795989 | S6: =LN(J6) -> 0.16540931 | T6: {=LINEST(K6:S6,$K$2:$S$2)} -> -0.051620214 | U6: 0.3878789 | V6: =EXP(U6) -> 1.4738513 | W6: =RSQ(K6:S6,$K$2:$S$2) -> 0.95323602 | X6: {=LINEST(B6:J6,$K$2:$S$2)} -> -0.064238201 | Y6: 1.4561154 | Z6: =RSQ(B6:J6,$K$2:$S$2) -> 0.94660056 | AA6: =RSQ(K6:S6,$B$2:$J$2) -> 0.75517871 | AB6: =RSQ(B6:J6,$B$2:$J$2) -> 0.74252219
A7: Buffalo | B7: ='[5]1990'!K$24 -> 1.2477771 | C7: ='[5]1990'!L$24 -> 1.2113826 | D7: ='[5]1990'!M$24 -> 1.1906803 | E7: ='[5]1990'!N$24 -> 1.1790012 | F7: ='[5]1990'!O$24 -> 1.1713811 | G7: ='[5]1990'!P$24 -> 1.166129 | H7: ='[5]1990'!Q$24 -> 1.1614956 | I7: ='[5]1990'!R$24 -> 1.1583874 | J7: ='[5]1990'!S$24 -> 1.1576149 | K7: =LN(B7) -> 0.22136366 | L7: =LN(C7) -> 0.19176237 | M7: =LN(D7) -> 0.1745248 | N7: =LN(E7) -> 0.16466767 | O7: =LN(F7) -> 0.15818347 | P7: =LN(G7) -> 0.15368976 | Q7: =LN(H7) -> 0.14970849 | R7: =LN(I7) -> 0.1470289 | S7: =LN(J7) -> 0.1463618 | T7: {=LINEST(K7:S7,$K$2:$S$2)} -> -0.034423259 | U7: 0.29570377 | V7: =EXP(U7) -> 1.3440719 | W7: =RSQ(K7:S7,$K$2:$S$2) -> 0.97941608 | X7: {=LINEST(B7:J7,$K$2:$S$2)} -> -0.041240516 | Y7: 1.3362713 | Z7: =RSQ(B7:J7,$K$2:$S$2) -> 0.97658846 | AA7: =RSQ(K7:S7,$B$2:$J$2) -> 0.81496596 | AB7: =RSQ(B7:J7,$B$2:$J$2) -> 0.80730999
A8: Charlotte | B8: ='[6]1990'!K$24 -> 1.3646366 | C8: ='[6]1990'!L$24 -> 1.2900411 | D8: ='[6]1990'!M$24 -> 1.2583972 | E8: ='[6]1990'!N$24 -> 1.2387013 | F8: ='[6]1990'!O$24 -> 1.2253878 | G8: ='[6]1990'!P$24 -> 1.219329 | H8: ='[6]1990'!Q$24 -> 1.2177489 | I8: ='[6]1990'!R$24 -> 1.2173836 | J8: ='[6]1990'!S$24 -> 1.2165064 | K8: =LN(B8) -> 0.3108882 | L8: =LN(C8) -> 0.25467406 | M8: =LN(D8) -> 0.22983885 | N8: =LN(E8) -> 0.21406347 | O8: =LN(F8) -> 0.20325734 | P8: =LN(G8) -> 0.19830071 | Q8: =LN(H8) -> 0.19700399 | R8: =LN(I8) -> 0.19670399 | S8: =LN(J8) -> 0.19598314 | T8: {=LINEST(K8:S8,$K$2:$S$2)} -> -0.051861107 | U8: 0.41548469 | V8: =EXP(U8) -> 1.5151049 | W8: =RSQ(K8:S8,$K$2:$S$2) -> 0.93174055 | X8: {=LINEST(B8:J8,$K$2:$S$2)} -> -0.066389873 | Y8: 1.4970954 | Z8: =RSQ(B8:J8,$K$2:$S$2) -> 0.92528083 | AA8: =RSQ(K8:S8,$B$2:$J$2) -> 0.71312061 | AB8: =RSQ(B8:J8,$B$2:$J$2) -> 0.70185243
A9: Chicago | B9: ='[7]1990'!K$24 -> 1.3161081 | C9: ='[7]1990'!L$24 -> 1.2599016 | D9: ='[7]1990'!M$24 -> 1.2318699 | E9: ='[7]1990'!N$24 -> 1.2103694 | F9: ='[7]1990'!O$24 -> 1.1982844 | G9: ='[7]1990'!P$24 -> 1.1888055 | H9: ='[7]1990'!Q$24 -> 1.1815739 | I9: ='[7]1990'!R$24 -> 1.1760459 | J9: ='[7]1990'!S$24 -> 1.1721615 | K9: =LN(B9) -> 0.27467901 | L9: =LN(C9) -> 0.23103361 | M9: =LN(D9) -> 0.20853326 | N9: =LN(E9) -> 0.19092561 | O9: =LN(F9) -> 0.18089089 | P9: =LN(G9) -> 0.17294901 | Q9: =LN(H9) -> 0.1668474 | R9: =LN(I9) -> 0.16215791 | S9: =LN(J9) -> 0.15884948 | T9: {=LINEST(K9:S9,$K$2:$S$2)} -> -0.052905081 | U9: 0.39116822 | V9: =EXP(U9) -> 1.4787072 | W9: =RSQ(K9:S9,$K$2:$S$2) -> 0.98984038 | X9: {=LINEST(B9:J9,$K$2:$S$2)} -> -0.06546573 | Y9: 1.4588739 | Z9: =RSQ(B9:J9,$K$2:$S$2) -> 0.98648697 | AA9: =RSQ(K9:S9,$B$2:$J$2) -> 0.84721627 | AB9: =RSQ(B9:J9,$B$2:$J$2) -> 0.83569221
A10: Cincinnati | B10: ='[8]1990'!K$24 -> 1.3893578 | C10: ='[8]1990'!L$24 -> 1.3333596 | D10: ='[8]1990'!M$24 -> 1.3042447 | E10: ='[8]1990'!N$24 -> 1.29035 | F10: ='[8]1990'!O$24 -> 1.2812488 | G10: ='[8]1990'!P$24 -> 1.2773638 | H10: ='[8]1990'!Q$24 -> 1.2731009 | I10: ='[8]1990'!R$24 -> 1.2694061 | J10: ='[8]1990'!S$24 -> 1.265155 | K10: =LN(B10) -> 0.32884163 | L10: =LN(C10) -> 0.28770179 | M10: =LN(D10) -> 0.2656241 | N10: =LN(E10) -> 0.25491352 | O10: =LN(F10) -> 0.24783525 | P10: =LN(G10) -> 0.2447984 | Q10: =LN(H10) -> 0.2414556 | R10: =LN(I10) -> 0.23854919 | S10: =LN(J10) -> 0.23519461 | T10: {=LINEST(K10:S10,$K$2:$S$2)} -> -0.041237956 | U10: 0.41415783 | V10: =EXP(U10) -> 1.5130959 | W10: =RSQ(K10:S10,$K$2:$S$2) -> 0.95629782 | X10: {=LINEST(B10:J10,$K$2:$S$2)} -> -0.05448711 | Y10: 1.5011414 | Z10: =RSQ(B10:J10,$K$2:$S$2) -> 0.95126832 | AA10: =RSQ(K10:S10,$B$2:$J$2) -> 0.76310605 | AB10: =RSQ(B10:J10,$B$2:$J$2) -> 0.75305194
A11: Cleveland | B11: ='[9]1990'!K$24 -> 1.2715518 | C11: ='[9]1990'!L$24 -> 1.2159001 | D11: ='[9]1990'!M$24 -> 1.1889606 | E11: ='[9]1990'!N$24 -> 1.1739382 | F11: ='[9]1990'!O$24 -> 1.1648732 | G11: ='[9]1990'!P$24 -> 1.1600265 | H11: ='[9]1990'!Q$24 -> 1.1559277 | I11: ='[9]1990'!R$24 -> 1.153029 | J11: ='[9]1990'!S$24 -> 1.1515515 | K11: =LN(B11) -> 0.24023804 | L11: =LN(C11) -> 0.19548461 | M11: =LN(D11) -> 0.17307948 | N11: =LN(E11) -> 0.16036411 | O11: =LN(F11) -> 0.1526122 | P11: =LN(G11) -> 0.14844281 | Q11: =LN(H11) -> 0.1449032 | R11: =LN(I11) -> 0.1423924 | S11: =LN(J11) -> 0.14111018 | T11: {=LINEST(K11:S11,$K$2:$S$2)} -> -0.044462372 | U11: 0.33213691 | V11: =EXP(U11) -> 1.3939437 | W11: =RSQ(K11:S11,$K$2:$S$2) -> 0.9547577 | X11: {=LINEST(B11:J11,$K$2:$S$2)} -> -0.053557563 | Y11: 1.3812534 | Z11: =RSQ(B11:J11,$K$2:$S$2) -> 0.94941806 | AA11: =RSQ(K11:S11,$B$2:$J$2) -> 0.75743918 | AB11: =RSQ(B11:J11,$B$2:$J$2) -> 0.74694852
A12: Columbus | B12: ='[10]1990'!K$24 -> 1.3154052 | C12: ='[10]1990'!L$24 -> 1.2574618 | D12: ='[10]1990'!M$24 -> 1.2256373 | E12: ='[10]1990'!N$24 -> 1.2064902 | F12: ='[10]1990'!O$24 -> 1.1931736 | G12: ='[10]1990'!P$24 -> 1.1841868 | H12: ='[10]1990'!Q$24 -> 1.17866 | I12: ='[10]1990'!R$24 -> 1.1744125 | J12: ='[10]1990'!S$24 -> 1.1706401 | K12: =LN(B12) -> 0.27414477 | L12: =LN(C12) -> 0.22909523 | M12: =LN(D12) -> 0.20346093 | N12: =LN(E12) -> 0.18771549 | O12: =LN(F12) -> 0.17661665 | P12: =LN(G12) -> 0.16905628 | Q12: =LN(H12) -> 0.16437818 | R12: =LN(I12) -> 0.16076803 | S12: =LN(J12) -> 0.15755067 | T12: {=LINEST(K12:S12,$K$2:$S$2)} -> -0.053271655 | U12: 0.38985816 | V12: =EXP(U12) -> 1.4767713 | W12: =RSQ(K12:S12,$K$2:$S$2) -> 0.98213602 | X12: {=LINEST(B12:J12,$K$2:$S$2)} -> -0.065828528 | Y12: 1.4569972 | Z12: =RSQ(B12:J12,$K$2:$S$2) -> 0.97798468 | AA12: =RSQ(K12:S12,$B$2:$J$2) -> 0.82241842 | AB12: =RSQ(B12:J12,$B$2:$J$2) -> 0.81070213
A13: Dallas-Fort Worth | B13: ='[11]1990'!K$24 -> 1.3709373 | C13: ='[11]1990'!L$24 -> 1.3167418 | D13: ='[11]1990'!M$24 -> 1.2795055 | E13: ='[11]1990'!N$24 -> 1.2511891 | F13: ='[11]1990'!O$24 -> 1.2332625 | G13: ='[11]1990'!P$24 -> 1.2187552 | H13: ='[11]1990'!Q$24 -> 1.2086201 | I13: ='[11]1990'!R$24 -> 1.200623 | J13: ='[11]1990'!S$24 -> 1.1935433 | K13: =LN(B13) -> 0.31549468 | L13: =LN(C13) -> 0.27516036 | M13: =LN(D13) -> 0.24647366 | N13: =LN(E13) -> 0.22409441 | O13: =LN(F13) -> 0.20966307 | P13: =LN(G13) -> 0.19782999 | Q13: =LN(H13) -> 0.1894793 | R13: =LN(I13) -> 0.18284062 | S13: =LN(J13) -> 0.17692642 | T13: {=LINEST(K13:S13,$K$2:$S$2)} -> -0.064915953 | U13: 0.46603065 | V13: =EXP(U13) -> 1.5936559 | W13: =RSQ(K13:S13,$K$2:$S$2) -> 0.99744998 | X13: {=LINEST(B13:J13,$K$2:$S$2)} -> -0.082830451 | Y13: 1.5611196 | Z13: =RSQ(B13:J13,$K$2:$S$2) -> 0.99678557 | AA13: =RSQ(K13:S13,$B$2:$J$2) -> 0.8995914 | AB13: =RSQ(B13:J13,$B$2:$J$2) -> 0.88822774
A14: Denver | B14: ='[12]1990'!K$24 -> 1.3838943 | C14: ='[12]1990'!L$24 -> 1.3695766 | D14: ='[12]1990'!M$24 -> 1.3549453 | E14: ='[12]1990'!N$24 -> 1.3407119 | F14: ='[12]1990'!O$24 -> 1.331025 | G14: ='[12]1990'!P$24 -> 1.323389 | H14: ='[12]1990'!Q$24 -> 1.3199025 | I14: ='[12]1990'!R$24 -> 1.3213863 | J14: ='[12]1990'!S$24 -> 1.3240785 | K14: =LN(B14) -> 0.3249015 | L14: =LN(C14) -> 0.31450166 | M14: =LN(D14) -> 0.30376111 | N14: =LN(E14) -> 0.29320077 | O14: =LN(F14) -> 0.2859493 | P14: =LN(G14) -> 0.28019591 | Q14: =LN(H14) -> 0.27755789 | R14: =LN(I14) -> 0.27868138 | S14: =LN(J14) -> 0.28071678 | T14: {=LINEST(K14:S14,$K$2:$S$2)} -> -0.023583694 | U14: 0.38112354 | V14: =EXP(U14) -> 1.4639284 | W14: =RSQ(K14:S14,$K$2:$S$2) -> 0.95784728 | X14: {=LINEST(B14:J14,$K$2:$S$2)} -> -0.031838678 | Y14: 1.4595894 | Z14: =RSQ(B14:J14,$K$2:$S$2) -> 0.95853737 | AA14: =RSQ(K14:S14,$B$2:$J$2) -> 0.84767105 | AB14: =RSQ(B14:J14,$B$2:$J$2) -> 0.8456153
A15: Detroit | B15: ='[13]1990'!K$24 -> 1.2961889 | C15: ='[13]1990'!L$24 -> 1.2441156 | D15: ='[13]1990'!M$24 -> 1.2210672 | E15: ='[13]1990'!N$24 -> 1.2045477 | F15: ='[13]1990'!O$24 -> 1.1948626 | G15: ='[13]1990'!P$24 -> 1.1890981 | H15: ='[13]1990'!Q$24 -> 1.1857997 | I15: ='[13]1990'!R$24 -> 1.1834504 | J15: ='[13]1990'!S$24 -> 1.1815112 | K15: =LN(B15) -> 0.25942838 | L15: =LN(C15) -> 0.21842491 | M15: =LN(D15) -> 0.19972526 | N15: =LN(E15) -> 0.18610412 | O15: =LN(F15) -> 0.1780312 | P15: =LN(G15) -> 0.17319515 | Q15: =LN(H15) -> 0.17041738 | R15: =LN(I15) -> 0.16843425 | S15: =LN(J15) -> 0.16679427 | T15: {=LINEST(K15:S15,$K$2:$S$2)} -> -0.04188262 | U15: 0.34718596 | V15: =EXP(U15) -> 1.4150799 | W15: =RSQ(K15:S15,$K$2:$S$2) -> 0.96306154 | X15: {=LINEST(B15:J15,$K$2:$S$2)} -> -0.051610282 | Y15: 1.4034312 | Z15: =RSQ(B15:J15,$K$2:$S$2) -> 0.95858508 | AA15: =RSQ(K15:S15,$B$2:$J$2) -> 0.77493082 | AB15: =RSQ(B15:J15,$B$2:$J$2) -> 0.76531932
A16: Grand Rapids | B16: ='[14]1990'!K$24 -> 1.3348755 | C16: ='[14]1990'!L$24 -> 1.2817606 | D16: ='[14]1990'!M$24 -> 1.254478 | E16: ='[14]1990'!N$24 -> 1.2419711 | F16: ='[14]1990'!O$24 -> 1.233457 | G16: ='[14]1990'!P$24 -> 1.2279985 | H16: ='[14]1990'!Q$24 -> 1.2249973 | I16: ='[14]1990'!R$24 -> 1.2239079 | J16: ='[14]1990'!S$24 -> 1.2232413 | K16: =LN(B16) -> 0.28883802 | L16: =LN(C16) -> 0.24823457 | M16: =LN(D16) -> 0.22671957 | N16: =LN(E16) -> 0.2166997 | O16: =LN(F16) -> 0.20982079 | P16: =LN(G16) -> 0.20538557 | Q16: =LN(H16) -> 0.20293865 | R16: =LN(I16) -> 0.20204896 | S16: =LN(J16) -> 0.2015041 | T16: {=LINEST(K16:S16,$K$2:$S$2)} -> -0.039365421 | U16: 0.36910215 | V16: =EXP(U16) -> 1.4464353 | W16: =RSQ(K16:S16,$K$2:$S$2) -> 0.94179888 | X16: {=LINEST(B16:J16,$K$2:$S$2)} -> -0.050072464 | Y16: 1.4361523 | Z16: =RSQ(B16:J16,$K$2:$S$2) -> 0.93690543 | AA16: =RSQ(K16:S16,$B$2:$J$2) -> 0.73167769 | AB16: =RSQ(B16:J16,$B$2:$J$2) -> 0.72274485
A17: Hampton Roads | B17: ='[15]1990'!K$24 -> 1.3770423 | C17: ='[15]1990'!L$24 -> 1.3279801 | D17: ='[15]1990'!M$24 -> 1.3120468 | E17: ='[15]1990'!N$24 -> 1.3127863 | F17: ='[15]1990'!O$24 -> 1.3266315 | G17: ='[15]1990'!P$24 -> 1.3467404 | H17: ='[15]1990'!Q$24 -> 1.358719 | I17: ='[15]1990'!R$24 -> 1.3661518 | J17: ='[15]1990'!S$24 -> 1.3692373 | K17: =LN(B17) -> 0.31993796 | L17: =LN(C17) -> 0.28365904 | M17: =LN(D17) -> 0.27158833 | N17: =LN(E17) -> 0.27215185 | O17: =LN(F17) -> 0.28264305 | P17: =LN(G17) -> 0.29768712 | Q17: =LN(H17) -> 0.30654232 | R17: =LN(I17) -> 0.31199787 | S17: =LN(J17) -> 0.31425385 | T17: {=LINEST(K17:S17,$K$2:$S$2)} -> 0.0029029295 | U17: 0.28479338 | V17: =EXP(U17) -> 1.3294873 | W17: =RSQ(K17:S17,$K$2:$S$2) -> 0.012590338 | X17: {=LINEST(B17:J17,$K$2:$S$2)} -> 0.003801777 | Y17: 1.3299867 | Z17: =RSQ(B17:J17,$K$2:$S$2) -> 0.011970983 | AA17: =RSQ(K17:S17,$B$2:$J$2) -> 0.14967197 | AB17: =RSQ(B17:J17,$B$2:$J$2) -> 0.14792113
A18: Hartford | B18: ='[16]1990'!K$24 -> 1.3002946 | C18: ='[16]1990'!L$24 -> 1.2505151 | D18: ='[16]1990'!M$24 -> 1.2290899 | E18: ='[16]1990'!N$24 -> 1.2188865 | F18: ='[16]1990'!O$24 -> 1.2145011 | G18: ='[16]1990'!P$24 -> 1.2117955 | H18: ='[16]1990'!Q$24 -> 1.2104758 | I18: ='[16]1990'!R$24 -> 1.2093126 | J18: ='[16]1990'!S$24 -> 1.2091072 | K18: =LN(B18) -> 0.26259087 | L18: =LN(C18) -> 0.22355553 | M18: =LN(D18) -> 0.20627396 | N18: =LN(E18) -> 0.19793773 | O18: =LN(F18) -> 0.19433337 | P18: =LN(G18) -> 0.19210312 | Q18: =LN(H18) -> 0.19101352 | R18: =LN(I18) -> 0.19005206 | S18: =LN(J18) -> 0.18988225 | T18: {=LINEST(K18:S18,$K$2:$S$2)} -> -0.031706127 | U18: 0.32341036 | V18: =EXP(U18) -> 1.3818323 | W18: =RSQ(K18:S18,$K$2:$S$2) -> 0.89678709 | X18: {=LINEST(B18:J18,$K$2:$S$2)} -> -0.039596019 | Y18: 1.3757154 | Z18: =RSQ(B18:J18,$K$2:$S$2) -> 0.89189902 | AA18: =RSQ(K18:S18,$B$2:$J$2) -> 0.65715338 | AB18: =RSQ(B18:J18,$B$2:$J$2) -> 0.65001585
A19: Honolulu | B19: ='[17]1990'!K$24 -> 1.3987004 | C19: ='[17]1990'!L$24 -> 1.3916162 | D19: ='[17]1990'!M$24 -> 1.4544182 | E19: ='[17]1990'!N$24 -> 1.4538118 | F19: ='[17]1990'!O$24 -> 1.4574003 | G19: ='[17]1990'!P$24 -> 1.4692987 | H19: ='[17]1990'!Q$24 -> 1.4767113 | I19: ='[17]1990'!R$24 -> 1.4777792 | J19: ='[17]1990'!S$24 -> 1.4777154 | K19: =LN(B19) -> 0.33554351 | L19: =LN(C19) -> 0.33046583 | M19: =LN(D19) -> 0.37460593 | N19: =LN(E19) -> 0.37418891 | O19: =LN(F19) -> 0.37665423 | P19: =LN(G19) -> 0.38478519 | Q19: =LN(H19) -> 0.38981753 | R19: =LN(I19) -> 0.39054041 | S19: =LN(J19) -> 0.39049725 | T19: {=LINEST(K19:S19,$K$2:$S$2)} -> 0.02963641 | U19: 0.26150393 | V19: =EXP(U19) -> 1.298882 | W19: =RSQ(K19:S19,$K$2:$S$2) -> 0.85448397 | X19: {=LINEST(B19:J19,$K$2:$S$2)} -> 0.042573561 | Y19: 1.292241 | Z19: =RSQ(B19:J19,$K$2:$S$2) -> 0.85743207 | AA19: =RSQ(K19:S19,$B$2:$J$2) -> 0.76212985 | AB19: =RSQ(B19:J19,$B$2:$J$2) -> 0.76724609
A20: Houston | B20: ='[18]1990'!K$24 -> 1.3897486 | C20: ='[18]1990'!L$24 -> 1.3387499 | D20: ='[18]1990'!M$24 -> 1.3069331 | E20: ='[18]1990'!N$24 -> 1.2856652 | F20: ='[18]1990'!O$24 -> 1.2722003 | G20: ='[18]1990'!P$24 -> 1.2594131 | H20: ='[18]1990'!Q$24 -> 1.2522802 | I20: ='[18]1990'!R$24 -> 1.2449949 | J20: ='[18]1990'!S$24 -> 1.2388417 | K20: =LN(B20) -> 0.32912287 | L20: =LN(C20) -> 0.29173626 | M20: =LN(D20) -> 0.26768328 | N20: =LN(E20) -> 0.25127629 | O20: =LN(F20) -> 0.24074791 | P20: =LN(G20) -> 0.23064581 | Q20: =LN(H20) -> 0.22496604 | R20: =LN(I20) -> 0.21913144 | S20: =LN(J20) -> 0.21417685 | T20: {=LINEST(K20:S20,$K$2:$S$2)} -> -0.052861037 | U20: 0.44907311 | V20: =EXP(U20) -> 1.5668592 | W20: =RSQ(K20:S20,$K$2:$S$2) -> 0.99717206 | X20: {=LINEST(B20:J20,$K$2:$S$2)} -> -0.069186294 | Y20: 1.5453671 | Z20: =RSQ(B20:J20,$K$2:$S$2) -> 0.99553062 | AA20: =RSQ(K20:S20,$B$2:$J$2) -> 0.88255647 | AB20: =RSQ(B20:J20,$B$2:$J$2) -> 0.87213341
A21: Indianapolis | B21: ='[19]1990'!K$24 -> 1.3132675 | C21: ='[19]1990'!L$24 -> 1.250369 | D21: ='[19]1990'!M$24 -> 1.2187475 | E21: ='[19]1990'!N$24 -> 1.2002223 | F21: ='[19]1990'!O$24 -> 1.1891581 | G21: ='[19]1990'!P$24 -> 1.1812621 | H21: ='[19]1990'!Q$24 -> 1.1756537 | I21: ='[19]1990'!R$24 -> 1.17132 | J21: ='[19]1990'!S$24 -> 1.1680289 | K21: =LN(B21) -> 0.27251833 | L21: =LN(C21) -> 0.22343874 | M21: =LN(D21) -> 0.19782368 | N21: =LN(E21) -> 0.18250676 | O21: =LN(F21) -> 0.1732456 | P21: =LN(G21) -> 0.16658347 | Q21: =LN(H21) -> 0.16182437 | R21: =LN(I21) -> 0.15813131 | S21: =LN(J21) -> 0.15531764 | T21: {=LINEST(K21:S21,$K$2:$S$2)} -> -0.052762045 | U21: 0.38447138 | V21: =EXP(U21) -> 1.4688377 | W21: =RSQ(K21:S21,$K$2:$S$2) -> 0.97246449 | X21: {=LINEST(B21:J21,$K$2:$S$2)} -> -0.065052694 | Y21: 1.4498808 | Z21: =RSQ(B21:J21,$K$2:$S$2) -> 0.9671132 | AA21: =RSQ(K21:S21,$B$2:$J$2) -> 0.79688872 | AB21: =RSQ(B21:J21,$B$2:$J$2) -> 0.78445709
A22: Inland Empire | B22: ='[20]1990'!K$24 -> 1.3841719 | C22: ='[20]1990'!L$24 -> 1.3517236 | D22: ='[20]1990'!M$24 -> 1.3338613 | E22: ='[20]1990'!N$24 -> 1.3212183 | F22: ='[20]1990'!O$24 -> 1.315882 | G22: ='[20]1990'!P$24 -> 1.3126274 | H22: ='[20]1990'!Q$24 -> 1.3069918 | I22: ='[20]1990'!R$24 -> 1.3018012 | J22: ='[20]1990'!S$24 -> 1.295915 | K22: =LN(B22) -> 0.32510203 | L22: =LN(C22) -> 0.30138051 | M22: =LN(D22) -> 0.28807795 | N22: =LN(E22) -> 0.27855425 | O22: =LN(F22) -> 0.27450714 | P22: =LN(G22) -> 0.27203074 | Q22: =LN(H22) -> 0.26772818 | R22: =LN(I22) -> 0.26374888 | S22: =LN(J22) -> 0.25921701 | T22: {=LINEST(K22:S22,$K$2:$S$2)} -> -0.028870078 | U22: 0.38869097 | V22: =EXP(U22) -> 1.4750487 | W22: =RSQ(K22:S22,$K$2:$S$2) -> 0.98923296 | X22: {=LINEST(B22:J22,$K$2:$S$2)} -> -0.038627579 | Y22: 1.4687984 | Z22: =RSQ(B22:J22,$K$2:$S$2) -> 0.98760109 | AA22: =RSQ(K22:S22,$B$2:$J$2) -> 0.85786316 | AB22: =RSQ(B22:J22,$B$2:$J$2) -> 0.85125377
A23: Jacksonville | B23: ='[21]1990'!K$24 -> 1.3815643 | C23: ='[21]1990'!L$24 -> 1.3613357 | D23: ='[21]1990'!M$24 -> 1.3294691 | E23: ='[21]1990'!N$24 -> 1.3155754 | F23: ='[21]1990'!O$24 -> 1.3080476 | G23: ='[21]1990'!P$24 -> 1.3090196 | H23: ='[21]1990'!Q$24 -> 1.3113692 | I23: ='[21]1990'!R$24 -> 1.314331 | J23: ='[21]1990'!S$24 -> 1.3179999 | K23: =LN(B23) -> 0.32321641 | L23: =LN(C23) -> 0.30846639 | M23: =LN(D23) -> 0.28477965 | N23: =LN(E23) -> 0.27427411 | O23: =LN(F23) -> 0.26853568 | P23: =LN(G23) -> 0.26927848 | Q23: =LN(H23) -> 0.27107178 | R23: =LN(I23) -> 0.27332779 | S23: =LN(J23) -> 0.27611535 | T23: {=LINEST(K23:S23,$K$2:$S$2)} -> -0.024583553 | U23: 0.3748035 | V23: =EXP(U23) -> 1.4547055 | W23: =RSQ(K23:S23,$K$2:$S$2) -> 0.82672702 | X23: {=LINEST(B23:J23,$K$2:$S$2)} -> -0.033030951 | Y23: 1.4506753 | Z23: =RSQ(B23:J23,$K$2:$S$2) -> 0.82739249 | AA23: =RSQ(K23:S23,$B$2:$J$2) -> 0.58628513 | AB23: =RSQ(B23:J23,$B$2:$J$2) -> 0.5859444
A24: Kansas City | B24: ='[22]1990'!K$24 -> 1.3497364 | C24: ='[22]1990'!L$24 -> 1.2910908 | D24: ='[22]1990'!M$24 -> 1.2763607 | E24: ='[22]1990'!N$24 -> 1.2688501 | F24: ='[22]1990'!O$24 -> 1.259609 | G24: ='[22]1990'!P$24 -> 1.2489552 | H24: ='[22]1990'!Q$24 -> 1.2409325 | I24: ='[22]1990'!R$24 -> 1.2355926 | J24: ='[22]1990'!S$24 -> 1.2317795 | K24: =LN(B24) -> 0.2999093 | L24: =LN(C24) -> 0.25548746 | M24: =LN(D24) -> 0.24401283 | N24: =LN(E24) -> 0.23811108 | O24: =LN(F24) -> 0.23080138 | P24: =LN(G24) -> 0.22230738 | Q24: =LN(H24) -> 0.21586312 | R24: =LN(I24) -> 0.2115507 | S24: =LN(J24) -> 0.20845989 | T24: {=LINEST(K24:S24,$K$2:$S$2)} -> -0.039085019 | U24: 0.38187023 | V24: =EXP(U24) -> 1.465022 | W24: =RSQ(K24:S24,$K$2:$S$2) -> 0.97143418 | X24: {=LINEST(B24:J24,$K$2:$S$2)} -> -0.050250011 | Y24: 1.4541715 | Z24: =RSQ(B24:J24,$K$2:$S$2) -> 0.96733482 | AA24: =RSQ(K24:S24,$B$2:$J$2) -> 0.83116361 | AB24: =RSQ(B24:J24,$B$2:$J$2) -> 0.82003331
A25: Las Vegas | B25: ='[23]1990'!K$24 -> 1.3162006 | C25: ='[23]1990'!L$24 -> 1.3366133 | D25: ='[23]1990'!M$24 -> 1.3479986 | E25: ='[23]1990'!N$24 -> 1.3314822 | F25: ='[23]1990'!O$24 -> 1.3294845 | G25: ='[23]1990'!P$24 -> 1.3281006 | H25: ='[23]1990'!Q$24 -> 1.327318 | I25: ='[23]1990'!R$24 -> 1.3260392 | J25: ='[23]1990'!S$24 -> 1.3262463 | K25: =LN(B25) -> 0.27474924 | L25: =LN(C25) -> 0.29013902 | M25: =LN(D25) -> 0.29862095 | N25: =LN(E25) -> 0.28629275 | O25: =LN(F25) -> 0.28479129 | P25: =LN(G25) -> 0.28374977 | Q25: =LN(H25) -> 0.28316039 | R25: =LN(I25) -> 0.28219643 | S25: =LN(J25) -> 0.2823526 | T25: {=LINEST(K25:S25,$K$2:$S$2)} -> 0.00024617103 | U25: 0.28419995 | V25: =EXP(U25) -> 1.3286986 | W25: =RSQ(K25:S25,$K$2:$S$2) -> 0.00074109653 | X25: {=LINEST(B25:J25,$K$2:$S$2)} -> 0.00029269356 | Y25: 1.3288523 | Z25: =RSQ(B25:J25,$K$2:$S$2) -> 0.0005898328 | AA25: =RSQ(K25:S25,$B$2:$J$2) -> 0.035578978 | AB25: =RSQ(B25:J25,$B$2:$J$2) -> 0.03649869
A26: Los Angeles | B26: ='[24]1990'!K$24 -> 1.2967212 | C26: ='[24]1990'!L$24 -> 1.2814901 | D26: ='[24]1990'!M$24 -> 1.2574821 | E26: ='[24]1990'!N$24 -> 1.2433543 | F26: ='[24]1990'!O$24 -> 1.2360933 | G26: ='[24]1990'!P$24 -> 1.2376915 | H26: ='[24]1990'!Q$24 -> 1.2408507 | I26: ='[24]1990'!R$24 -> 1.2450143 | J26: ='[24]1990'!S$24 -> 1.2490194 | K26: =LN(B26) -> 0.2598389 | L26: =LN(C26) -> 0.24802356 | M26: =LN(D26) -> 0.22911137 | N26: =LN(E26) -> 0.21781282 | O26: =LN(F26) -> 0.21195585 | P26: =LN(G26) -> 0.21324794 | Q26: =LN(H26) -> 0.21579722 | R26: =LN(I26) -> 0.21914704 | S26: =LN(J26) -> 0.22235877 | T26: {=LINEST(K26:S26,$K$2:$S$2)} -> -0.020515422 | U26: 0.3027861 | V26: =EXP(U26) -> 1.3536249 | W26: =RSQ(K26:S26,$K$2:$S$2) -> 0.78119977 | X26: {=LINEST(B26:J26,$K$2:$S$2)} -> -0.02599286 | Y26: 1.3510144 | Z26: =RSQ(B26:J26,$K$2:$S$2) -> 0.78303695 | AA26: =RSQ(K26:S26,$B$2:$J$2) -> 0.5358248 | AB26: =RSQ(B26:J26,$B$2:$J$2) -> 0.53686828
A27: Louisville | B27: ='[25]1990'!K$24 -> 1.4461618 | C27: ='[25]1990'!L$24 -> 1.3775196 | D27: ='[25]1990'!M$24 -> 1.3369234 | E27: ='[25]1990'!N$24 -> 1.3141602 | F27: ='[25]1990'!O$24 -> 1.3025339 | G27: ='[25]1990'!P$24 -> 1.2936604 | H27: ='[25]1990'!Q$24 -> 1.290981 | I27: ='[25]1990'!R$24 -> 1.2926419 | J27: ='[25]1990'!S$24 -> 1.2981553 | K27: =LN(B27) -> 0.36891303 | L27: =LN(C27) -> 0.32028448 | M27: =LN(D27) -> 0.29037098 | N27: =LN(E27) -> 0.27319787 | O27: =LN(F27) -> 0.26431155 | P27: =LN(G27) -> 0.25747571 | Q27: =LN(H27) -> 0.25540238 | R27: =LN(I27) -> 0.25668815 | S27: =LN(J27) -> 0.26094427 | T27: {=LINEST(K27:S27,$K$2:$S$2)} -> -0.051507268 | U27: 0.47493049 | V27: =EXP(U27) -> 1.6079024 | W27: =RSQ(K27:S27,$K$2:$S$2) -> 0.92558788 | X27: {=LINEST(B27:J27,$K$2:$S$2)} -> -0.070011794 | Y27: 1.5888766 | Z27: =RSQ(B27:J27,$K$2:$S$2) -> 0.92108492 | AA27: =RSQ(K27:S27,$B$2:$J$2) -> 0.70490134 | AB27: =RSQ(B27:J27,$B$2:$J$2) -> 0.6960148
A28: Memphis | B28: ='[26]1990'!K$24 -> 1.3673424 | C28: ='[26]1990'!L$24 -> 1.3239305 | D28: ='[26]1990'!M$24 -> 1.2908477 | E28: ='[26]1990'!N$24 -> 1.2725419 | F28: ='[26]1990'!O$24 -> 1.2608374 | G28: ='[26]1990'!P$24 -> 1.2544777 | H28: ='[26]1990'!Q$24 -> 1.2496997 | I28: ='[26]1990'!R$24 -> 1.2476866 | J28: ='[26]1990'!S$24 -> 1.246245 | K28: =LN(B28) -> 0.31286899 | L28: =LN(C28) -> 0.28060493 | M28: =LN(D28) -> 0.25529912 | N28: =LN(E28) -> 0.24101642 | O28: =LN(F28) -> 0.23177606 | P28: =LN(G28) -> 0.22671934 | Q28: =LN(H28) -> 0.22290327 | R28: =LN(I28) -> 0.22129113 | S28: =LN(J28) -> 0.22013507 | T28: {=LINEST(K28:S28,$K$2:$S$2)} -> -0.043813244 | U28: 0.40905082 | V28: =EXP(U28) -> 1.5053882 | W28: =RSQ(K28:S28,$K$2:$S$2) -> 0.97276259 | X28: {=LINEST(B28:J28,$K$2:$S$2)} -> -0.056968113 | Y28: 1.4914967 | Z28: =RSQ(B28:J28,$K$2:$S$2) -> 0.96995988 | AA28: =RSQ(K28:S28,$B$2:$J$2) -> 0.80473459 | AB28: =RSQ(B28:J28,$B$2:$J$2) -> 0.79647019
A29: Milwaukee | B29: ='[27]1990'!K$24 -> 1.2642402 | C29: ='[27]1990'!L$24 -> 1.2186336 | D29: ='[27]1990'!M$24 -> 1.1954327 | E29: ='[27]1990'!N$24 -> 1.1840652 | F29: ='[27]1990'!O$24 -> 1.1771971 | G29: ='[27]1990'!P$24 -> 1.1718583 | H29: ='[27]1990'!Q$24 -> 1.1688547 | I29: ='[27]1990'!R$24 -> 1.1684578 | J29: ='[27]1990'!S$24 -> 1.1687494 | K29: =LN(B29) -> 0.23447129 | L29: =LN(C29) -> 0.19773026 | M29: =LN(D29) -> 0.17850823 | N29: =LN(E29) -> 0.16895357 | O29: =LN(F29) -> 0.1631363 | P29: =LN(G29) -> 0.15859076 | Q29: =LN(H29) -> 0.15602437 | R29: =LN(I29) -> 0.15568478 | S29: =LN(J29) -> 0.15593429 | T29: {=LINEST(K29:S29,$K$2:$S$2)} -> -0.035702689 | U29: 0.30732998 | V29: =EXP(U29) -> 1.3597896 | W29: =RSQ(K29:S29,$K$2:$S$2) -> 0.94120594 | X29: {=LINEST(B29:J29,$K$2:$S$2)} -> -0.043204397 | Y29: 1.3517689 | Z29: =RSQ(B29:J29,$K$2:$S$2) -> 0.9368865 | AA29: =RSQ(K29:S29,$B$2:$J$2) -> 0.73039224 | AB29: =RSQ(B29:J29,$B$2:$J$2) -> 0.72244556
A30: Minneapolis-St.Paul | B30: ='[28]1990'!K$24 -> 1.3432337 | C30: ='[28]1990'!L$24 -> 1.2947788 | D30: ='[28]1990'!M$24 -> 1.264149 | E30: ='[28]1990'!N$24 -> 1.247461 | F30: ='[28]1990'!O$24 -> 1.2354179 | G30: ='[28]1990'!P$24 -> 1.2276619 | H30: ='[28]1990'!Q$24 -> 1.2211943 | I30: ='[28]1990'!R$24 -> 1.2155298 | J30: ='[28]1990'!S$24 -> 1.211178 | K30: =LN(B30) -> 0.29507992 | L30: =LN(C30) -> 0.25833984 | M30: =LN(D30) -> 0.23439916 | N30: =LN(E30) -> 0.22111032 | O30: =LN(F30) -> 0.21140932 | P30: =LN(G30) -> 0.20511151 | Q30: =LN(H30) -> 0.1998293 | R30: =LN(I30) -> 0.19518001 | S30: =LN(J30) -> 0.19159341 | T30: {=LINEST(K30:S30,$K$2:$S$2)} -> -0.04722246 | U30: 0.39946557 | V30: =EXP(U30) -> 1.4910276 | W30: =RSQ(K30:S30,$K$2:$S$2) -> 0.98954625 | X30: {=LINEST(B30:J30,$K$2:$S$2)} -> -0.060054426 | Y30: 1.4748816 | Z30: =RSQ(B30:J30,$K$2:$S$2) -> 0.98663617 | AA30: =RSQ(K30:S30,$B$2:$J$2) -> 0.84725097 | AB30: =RSQ(B30:J30,$B$2:$J$2) -> 0.83707445
A31: Nashville | B31: ='[29]1990'!K$24 -> 1.3962975 | C31: ='[29]1990'!L$24 -> 1.3556472 | D31: ='[29]1990'!M$24 -> 1.3216573 | E31: ='[29]1990'!N$24 -> 1.3115095 | F31: ='[29]1990'!O$24 -> 1.297511 | G31: ='[29]1990'!P$24 -> 1.2812772 | H31: ='[29]1990'!Q$24 -> 1.2683596 | I31: ='[29]1990'!R$24 -> 1.2583035 | J31: ='[29]1990'!S$24 -> 1.2500067 | K31: =LN(B31) -> 0.33382412 | L31: =LN(C31) -> 0.30427895 | M31: =LN(D31) -> 0.27888647 | N31: =LN(E31) -> 0.27117879 | O31: =LN(F31) -> 0.2604478 | P31: =LN(G31) -> 0.24785739 | Q31: =LN(H31) -> 0.23772443 | R31: =LN(I31) -> 0.22976439 | S31: =LN(J31) -> 0.2231489 | T31: {=LINEST(K31:S31,$K$2:$S$2)} -> -0.050329756 | U31: 0.45271345 | V31: =EXP(U31) -> 1.5725735 | W31: =RSQ(K31:S31,$K$2:$S$2) -> 0.99261111 | X31: {=LINEST(B31:J31,$K$2:$S$2)} -> -0.066460641 | Y31: 1.5520743 | Z31: =RSQ(B31:J31,$K$2:$S$2) -> 0.99436934 | AA31: =RSQ(K31:S31,$B$2:$J$2) -> 0.94020999 | AB31: =RSQ(B31:J31,$B$2:$J$2) -> 0.93217613
A32: New Orleans | B32: ='[30]1990'!K$24 -> 1.3868609 | C32: ='[30]1990'!L$24 -> 1.3639553 | D32: ='[30]1990'!M$24 -> 1.3343915 | E32: ='[30]1990'!N$24 -> 1.3054174 | F32: ='[30]1990'!O$24 -> 1.2846691 | G32: ='[30]1990'!P$24 -> 1.2748338 | H32: ='[30]1990'!Q$24 -> 1.2788049 | I32: ='[30]1990'!R$24 -> 1.2934036 | J32: ='[30]1990'!S$24 -> 1.3135288 | K32: =LN(B32) -> 0.32704284 | L32: =LN(C32) -> 0.3103888 | M32: =LN(D32) -> 0.28847541 | N32: =LN(E32) -> 0.26652285 | O32: =LN(F32) -> 0.25050117 | P32: =LN(G32) -> 0.2428158 | Q32: =LN(H32) -> 0.24592593 | R32: =LN(I32) -> 0.25727721 | S32: =LN(J32) -> 0.27271726 | T32: {=LINEST(K32:S32,$K$2:$S$2)} -> -0.036000056 | U32: 0.40761917 | V32: =EXP(U32) -> 1.5032346 | W32: =RSQ(K32:S32,$K$2:$S$2) -> 0.76678527 | X32: {=LINEST(B32:J32,$K$2:$S$2)} -> -0.047994622 | Y32: 1.4938766 | Z32: =RSQ(B32:J32,$K$2:$S$2) -> 0.77254289 | AA32: =RSQ(K32:S32,$B$2:$J$2) -> 0.56147263 | AB32: =RSQ(B32:J32,$B$2:$J$2) -> 0.56491354
A33: New York | B33: ='[31]1990'!K$24 -> 1.328552 | C33: ='[31]1990'!L$24 -> 1.2842535 | D33: ='[31]1990'!M$24 -> 1.2633101 | E33: ='[31]1990'!N$24 -> 1.2530602 | F33: ='[31]1990'!O$24 -> 1.2410959 | G33: ='[31]1990'!P$24 -> 1.2333672 | H33: ='[31]1990'!Q$24 -> 1.229473 | I33: ='[31]1990'!R$24 -> 1.2263672 | J33: ='[31]1990'!S$24 -> 1.2250064 | K33: =LN(B33) -> 0.28408962 | L33: =LN(C33) -> 0.25017765 | M33: =LN(D33) -> 0.23373536 | N33: =LN(E33) -> 0.2255887 | O33: =LN(F33) -> 0.21599481 | P33: =LN(G33) -> 0.209748 | Q33: =LN(H33) -> 0.20658564 | R33: =LN(I33) -> 0.20405628 | S33: =LN(J33) -> 0.2029461 | T33: {=LINEST(K33:S33,$K$2:$S$2)} -> -0.036984169 | U33: 0.36364665 | V33: =EXP(U33) -> 1.4385658 | W33: =RSQ(K33:S33,$K$2:$S$2) -> 0.98060642 | X33: {=LINEST(B33:J33,$K$2:$S$2)} -> -0.047015018 | Y33: 1.4289632 | Z33: =RSQ(B33:J33,$K$2:$S$2) -> 0.97752401 | AA33: =RSQ(K33:S33,$B$2:$J$2) -> 0.82040734 | AB33: =RSQ(B33:J33,$B$2:$J$2) -> 0.81192236
A34: Oklahoma City | B34: ='[32]1990'!K$24 -> 1.3110976 | C34: ='[32]1990'!L$24 -> 1.2897911 | D34: ='[32]1990'!M$24 -> 1.275001 | E34: ='[32]1990'!N$24 -> 1.2672989 | F34: ='[32]1990'!O$24 -> 1.2638638 | G34: ='[32]1990'!P$24 -> 1.2574335 | H34: ='[32]1990'!Q$24 -> 1.2501762 | I34: ='[32]1990'!R$24 -> 1.2453603 | J34: ='[32]1990'!S$24 -> 1.2421395 | K34: =LN(B34) -> 0.27086462 | L34: =LN(C34) -> 0.25448025 | M34: =LN(D34) -> 0.24294693 | N34: =LN(E34) -> 0.23688775 | O34: =LN(F34) -> 0.23417356 | P34: =LN(G34) -> 0.22907273 | Q34: =LN(H34) -> 0.2232845 | R34: =LN(I34) -> 0.21942486 | S34: =LN(J34) -> 0.21683532 | T34: {=LINEST(K34:S34,$K$2:$S$2)} -> -0.024318361 | U34: 0.32702732 | V34: =EXP(U34) -> 1.3868394 | W34: =RSQ(K34:S34,$K$2:$S$2) -> 0.99519097 | X34: {=LINEST(B34:J34,$K$2:$S$2)} -> -0.031013198 | Y34: 1.3824313 | Z34: =RSQ(B34:J34,$K$2:$S$2) -> 0.99547643 | AA34: =RSQ(K34:S34,$B$2:$J$2) -> 0.91984857 | AB34: =RSQ(B34:J34,$B$2:$J$2) -> 0.91537708
A35: Orlando | B35: ='[33]1990'!K$24 -> 1.3848662 | C35: ='[33]1990'!L$24 -> 1.354102 | D35: ='[33]1990'!M$24 -> 1.3376146 | E35: ='[33]1990'!N$24 -> 1.3255911 | F35: ='[33]1990'!O$24 -> 1.3153163 | G35: ='[33]1990'!P$24 -> 1.3074105 | H35: ='[33]1990'!Q$24 -> 1.299685 | I35: ='[33]1990'!R$24 -> 1.2929926 | J35: ='[33]1990'!S$24 -> 1.285352 | K35: =LN(B35) -> 0.32560351 | L35: =LN(C35) -> 0.30313852 | M35: =LN(D35) -> 0.29088787 | N35: =LN(E35) -> 0.28185851 | O35: =LN(F35) -> 0.27407714 | P35: =LN(G35) -> 0.26804844 | Q35: =LN(H35) -> 0.26212194 | R35: =LN(I35) -> 0.25695941 | S35: =LN(J35) -> 0.25103259 | T35: {=LINEST(K35:S35,$K$2:$S$2)} -> -0.033294833 | U35: 0.4033267 | V35: =EXP(U35) -> 1.4967958 | W35: =RSQ(K35:S35,$K$2:$S$2) -> 0.99733001 | X35: {=LINEST(B35:J35,$K$2:$S$2)} -> -0.044408306 | Y35: 1.4879692 | Z35: =RSQ(B35:J35,$K$2:$S$2) -> 0.99819359 | AA35: =RSQ(K35:S35,$B$2:$J$2) -> 0.9355687 | AB35: =RSQ(B35:J35,$B$2:$J$2) -> 0.92987557
A36: Philadelphia | B36: ='[34]1990'!K$24 -> 1.2841178 | C36: ='[34]1990'!L$24 -> 1.2265252 | D36: ='[34]1990'!M$24 -> 1.2022801 | E36: ='[34]1990'!N$24 -> 1.186553 | F36: ='[34]1990'!O$24 -> 1.1750407 | G36: ='[34]1990'!P$24 -> 1.1669146 | H36: ='[34]1990'!Q$24 -> 1.160178 | I36: ='[34]1990'!R$24 -> 1.1537358 | J36: ='[34]1990'!S$24 -> 1.1487822 | K36: =LN(B36) -> 0.25007191 | L36: =LN(C36) -> 0.20418517 | M36: =LN(D36) -> 0.18421983 | N36: =LN(E36) -> 0.17105243 | O36: =LN(F36) -> 0.1613028 | P36: =LN(G36) -> 0.1543632 | Q36: =LN(H36) -> 0.14857344 | R36: =LN(I36) -> 0.14300523 | S36: =LN(J36) -> 0.13870244 | T36: {=LINEST(K36:S36,$K$2:$S$2)} -> -0.049308422 | U36: 0.3565051 | V36: =EXP(U36) -> 1.4283288 | W36: =RSQ(K36:S36,$K$2:$S$2) -> 0.98663358 | X36: {=LINEST(B36:J36,$K$2:$S$2)} -> -0.059695339 | Y36: 1.4117132 | Z36: =RSQ(B36:J36,$K$2:$S$2) -> 0.98249619 | AA36: =RSQ(K36:S36,$B$2:$J$2) -> 0.84011004 | AB36: =RSQ(B36:J36,$B$2:$J$2) -> 0.82796592
A37: Phoenix | B37: ='[35]1990'!K$24 -> 1.3377242 | C37: ='[35]1990'!L$24 -> 1.3059498 | D37: ='[35]1990'!M$24 -> 1.2936941 | E37: ='[35]1990'!N$24 -> 1.2808249 | F37: ='[35]1990'!O$24 -> 1.2687812 | G37: ='[35]1990'!P$24 -> 1.2594368 | H37: ='[35]1990'!Q$24 -> 1.2543541 | I37: ='[35]1990'!R$24 -> 1.2498088 | J37: ='[35]1990'!S$24 -> 1.2441575 | K37: =LN(B37) -> 0.29096982 | L37: =LN(C37) -> 0.2669306 | M37: =LN(D37) -> 0.25750174 | N37: =LN(E37) -> 0.2475043 | O37: =LN(F37) -> 0.23805674 | P37: =LN(G37) -> 0.23066463 | Q37: =LN(H37) -> 0.22662076 | R37: =LN(I37) -> 0.22299059 | S37: =LN(J37) -> 0.21845859 | T37: {=LINEST(K37:S37,$K$2:$S$2)} -> -0.033044155 | U37: 0.36750068 | V37: =EXP(U37) -> 1.4441208 | W37: =RSQ(K37:S37,$K$2:$S$2) -> 0.99672044 | X37: {=LINEST(B37:J37,$K$2:$S$2)} -> -0.04257904 | Y37: 1.4357997 | Z37: =RSQ(B37:J37,$K$2:$S$2) -> 0.99707775 | AA37: =RSQ(K37:S37,$B$2:$J$2) -> 0.92070136 | AB37: =RSQ(B37:J37,$B$2:$J$2) -> 0.91499075
A38: Pittsburgh | B38: ='[36]1990'!K$24 -> 1.396482 | C38: ='[36]1990'!L$24 -> 1.330058 | D38: ='[36]1990'!M$24 -> 1.2978146 | E38: ='[36]1990'!N$24 -> 1.277043 | F38: ='[36]1990'!O$24 -> 1.2611478 | G38: ='[36]1990'!P$24 -> 1.2499619 | H38: ='[36]1990'!Q$24 -> 1.2422728 | I38: ='[36]1990'!R$24 -> 1.2360973 | J38: ='[36]1990'!S$24 -> 1.2306456 | K38: =LN(B38) -> 0.33395619 | L38: =LN(C38) -> 0.28522258 | M38: =LN(D38) -> 0.26068176 | N38: =LN(E38) -> 0.24454723 | O38: =LN(F38) -> 0.23202224 | P38: =LN(G38) -> 0.22311304 | Q38: =LN(H38) -> 0.21694258 | R38: =LN(I38) -> 0.2119591 | S38: =LN(J38) -> 0.20753888 | T38: {=LINEST(K38:S38,$K$2:$S$2)} -> -0.05723051 | U38: 0.45940464 | V38: =EXP(U38) -> 1.5831312 | W38: =RSQ(K38:S38,$K$2:$S$2) -> 0.98993167 | X38: {=LINEST(B38:J38,$K$2:$S$2)} -> -0.07473568 | Y38: 1.5585604 | Z38: =RSQ(B38:J38,$K$2:$S$2) -> 0.98602447 | AA38: =RSQ(K38:S38,$B$2:$J$2) -> 0.84733305 | AB38: =RSQ(B38:J38,$B$2:$J$2) -> 0.834426
A39: Portland | B39: ='[37]1990'!K$24 -> 1.5132631 | C39: ='[37]1990'!L$24 -> 1.4581243 | D39: ='[37]1990'!M$24 -> 1.4293865 | E39: ='[37]1990'!N$24 -> 1.4103524 | F39: ='[37]1990'!O$24 -> 1.4042578 | G39: ='[37]1990'!P$24 -> 1.4058561 | H39: ='[37]1990'!Q$24 -> 1.4076966 | I39: ='[37]1990'!R$24 -> 1.4067226 | J39: ='[37]1990'!S$24 -> 1.4090101 | K39: =LN(B39) -> 0.41426834 | L39: =LN(C39) -> 0.37715086 | M39: =LN(D39) -> 0.35724531 | N39: =LN(E39) -> 0.34383963 | O39: =LN(F39) -> 0.33950888 | P39: =LN(G39) -> 0.34064642 | Q39: =LN(H39) -> 0.34195476 | R39: =LN(I39) -> 0.34126258 | S39: =LN(J39) -> 0.3428874 | T39: {=LINEST(K39:S39,$K$2:$S$2)} -> -0.032430594 | U39: 0.47622254 | V39: =EXP(U39) -> 1.6099813 | W39: =RSQ(K39:S39,$K$2:$S$2) -> 0.85635041 | X39: {=LINEST(B39:J39,$K$2:$S$2)} -> -0.047116422 | Y39: 1.6026947 | Z39: =RSQ(B39:J39,$K$2:$S$2) -> 0.85353965 | AA39: =RSQ(K39:S39,$B$2:$J$2) -> 0.5977321 | AB39: =RSQ(B39:J39,$B$2:$J$2) -> 0.59343879
A40: Providence | B40: ='[38]1990'!K$24 -> 1.3175247 | C40: ='[38]1990'!L$24 -> 1.2713657 | D40: ='[38]1990'!M$24 -> 1.2504643 | E40: ='[38]1990'!N$24 -> 1.2344075 | F40: ='[38]1990'!O$24 -> 1.2255 | G40: ='[38]1990'!P$24 -> 1.2326892 | H40: ='[38]1990'!Q$24 -> 1.2516866 | I40: ='[38]1990'!R$24 -> 1.2777037 | J40: ='[38]1990'!S$24 -> 1.3034962 | K40: =LN(B40) -> 0.27575473 | L40: =LN(C40) -> 0.24009164 | M40: =LN(D40) -> 0.22351489 | N40: =LN(E40) -> 0.21059113 | O40: =LN(F40) -> 0.20334889 | P40: =LN(G40) -> 0.20919815 | Q40: =LN(H40) -> 0.22449191 | R40: =LN(I40) -> 0.2450645 | S40: =LN(J40) -> 0.26505003 | T40: {=LINEST(K40:S40,$K$2:$S$2)} -> -0.01163095 | U40: 0.27633717 | V40: =EXP(U40) -> 1.3182923 | W40: =RSQ(K40:S40,$K$2:$S$2) -> 0.10847768 | X40: {=LINEST(B40:J40,$K$2:$S$2)} -> -0.014898157 | Y40: 1.3182555 | Z40: =RSQ(B40:J40,$K$2:$S$2) -> 0.11032706 | AA40: =RSQ(K40:S40,$B$2:$J$2) -> 0.0024135999 | AB40: =RSQ(B40:J40,$B$2:$J$2) -> 0.0026483149
A41: Raleigh | B41: ='[39]1990'!K$24 -> 1.3311216 | C41: ='[39]1990'!L$24 -> 1.2718153 | D41: ='[39]1990'!M$24 -> 1.2414407 | E41: ='[39]1990'!N$24 -> 1.218457 | F41: ='[39]1990'!O$24 -> 1.2020115 | G41: ='[39]1990'!P$24 -> 1.1916664 | H41: ='[39]1990'!Q$24 -> 1.1856404 | I41: ='[39]1990'!R$24 -> 1.1824889 | J41: ='[39]1990'!S$24 -> 1.1804906 | K41: =LN(B41) -> 0.28602193 | L41: =LN(C41) -> 0.24044525 | M41: =LN(D41) -> 0.21627257 | N41: =LN(E41) -> 0.19758534 | O41: =LN(F41) -> 0.18399639 | P41: =LN(G41) -> 0.17535267 | Q41: =LN(H41) -> 0.17028301 | R41: =LN(I41) -> 0.16762145 | S41: =LN(J41) -> 0.16593011 | T41: {=LINEST(K41:S41,$K$2:$S$2)} -> -0.056143334 | U41: 0.40952436 | V41: =EXP(U41) -> 1.5061012 | W41: =RSQ(K41:S41,$K$2:$S$2) -> 0.98377253 | X41: {=LINEST(B41:J41,$K$2:$S$2)} -> -0.070024287 | Y41: 1.4836337 | Z41: =RSQ(B41:J41,$K$2:$S$2) -> 0.98038281 | AA41: =RSQ(K41:S41,$B$2:$J$2) -> 0.83084087 | AB41: =RSQ(B41:J41,$B$2:$J$2) -> 0.81954837
A42: Rochester, NY | B42: ='[40]1990'!K$24 -> 1.2967935 | C42: ='[40]1990'!L$24 -> 1.2523603 | D42: ='[40]1990'!M$24 -> 1.2300019 | E42: ='[40]1990'!N$24 -> 1.2155185 | F42: ='[40]1990'!O$24 -> 1.2051188 | G42: ='[40]1990'!P$24 -> 1.198123 | H42: ='[40]1990'!Q$24 -> 1.193991 | I42: ='[40]1990'!R$24 -> 1.1915083 | J42: ='[40]1990'!S$24 -> 1.1903925 | K42: =LN(B42) -> 0.25989469 | L42: =LN(C42) -> 0.22503002 | M42: =LN(D42) -> 0.2070157 | N42: =LN(E42) -> 0.1951707 | O42: =LN(F42) -> 0.18657814 | P42: =LN(G42) -> 0.18075618 | Q42: =LN(H42) -> 0.17730145 | R42: =LN(I42) -> 0.17521996 | S42: =LN(J42) -> 0.17428305 | T42: {=LINEST(K42:S42,$K$2:$S$2)} -> -0.03944546 | U42: 0.3448514 | V42: =EXP(U42) -> 1.4117801 | W42: =RSQ(K42:S42,$K$2:$S$2) -> 0.97740416 | X42: {=LINEST(B42:J42,$K$2:$S$2)} -> -0.048818966 | Y42: 1.4011631 | Z42: =RSQ(B42:J42,$K$2:$S$2) -> 0.97417643 | AA42: =RSQ(K42:S42,$B$2:$J$2) -> 0.80959418 | AB42: =RSQ(B42:J42,$B$2:$J$2) -> 0.80099549
A43: Sacramento | B43: ='[41]1990'!K$24 -> 1.4561519 | C43: ='[41]1990'!L$24 -> 1.4530437 | D43: ='[41]1990'!M$24 -> 1.4421056 | E43: ='[41]1990'!N$24 -> 1.4350463 | F43: ='[41]1990'!O$24 -> 1.4385781 | G43: ='[41]1990'!P$24 -> 1.4347685 | H43: ='[41]1990'!Q$24 -> 1.4288785 | I43: ='[41]1990'!R$24 -> 1.4240532 | J43: ='[41]1990'!S$24 -> 1.4191489 | K43: =LN(B43) -> 0.3757973 | L43: =LN(C43) -> 0.37366047 | M43: =LN(D43) -> 0.36610427 | N43: =LN(E43) -> 0.36119708 | O43: =LN(F43) -> 0.3636552 | P43: =LN(G43) -> 0.36100354 | Q43: =LN(H43) -> 0.35688987 | R43: =LN(I43) -> 0.35350721 | S43: =LN(J43) -> 0.35005733 | T43: {=LINEST(K43:S43,$K$2:$S$2)} -> -0.011355247 | U43: 0.40472867 | V43: =EXP(U43) -> 1.4988957 | W43: =RSQ(K43:S43,$K$2:$S$2) -> 0.90949306 | X43: {=LINEST(B43:J43,$K$2:$S$2)} -> -0.016344 | Y43: 1.4977454 | Z43: =RSQ(B43:J43,$K$2:$S$2) -> 0.91095488 | AA43: =RSQ(K43:S43,$B$2:$J$2) -> 0.94131282 | AB43: =RSQ(B43:J43,$B$2:$J$2) -> 0.94064005
A44: Salt Lake City | B44: ='[42]1990'!K$24 -> 1.3613501 | C44: ='[42]1990'!L$24 -> 1.3430649 | D44: ='[42]1990'!M$24 -> 1.344089 | E44: ='[42]1990'!N$24 -> 1.3564715 | F44: ='[42]1990'!O$24 -> 1.3560395 | G44: ='[42]1990'!P$24 -> 1.3538234 | H44: ='[42]1990'!Q$24 -> 1.3584765 | I44: ='[42]1990'!R$24 -> 1.3585093 | J44: ='[42]1990'!S$24 -> 1.3567659 | K44: =LN(B44) -> 0.30847692 | L44: =LN(C44) -> 0.29495422 | M44: =LN(D44) -> 0.29571643 | N44: =LN(E44) -> 0.30488684 | O44: =LN(F44) -> 0.30456829 | P44: =LN(G44) -> 0.30293276 | Q44: =LN(H44) -> 0.30636389 | R44: =LN(I44) -> 0.30638798 | S44: =LN(J44) -> 0.30510382 | T44: {=LINEST(K44:S44,$K$2:$S$2)} -> 0.0015108212 | U44: 0.29763786 | V44: =EXP(U44) -> 1.346674 | W44: =RSQ(K44:S44,$K$2:$S$2) -> 0.0523692 | X44: {=LINEST(B44:J44,$K$2:$S$2)} -> 0.0020308473 | Y44: 1.3467228 | Z44: =RSQ(B44:J44,$K$2:$S$2) -> 0.051818749 | AA44: =RSQ(K44:S44,$B$2:$J$2) -> 0.14893584 | AB44: =RSQ(B44:J44,$B$2:$J$2) -> 0.14821324
A45: San Antonio | B45: ='[43]1990'!K$24 -> 1.4519665 | C45: ='[43]1990'!L$24 -> 1.4119484 | D45: ='[43]1990'!M$24 -> 1.3804282 | E45: ='[43]1990'!N$24 -> 1.3474506 | F45: ='[43]1990'!O$24 -> 1.3179415 | G45: ='[43]1990'!P$24 -> 1.298436 | H45: ='[43]1990'!Q$24 -> 1.2805606 | I45: ='[43]1990'!R$24 -> 1.2672119 | J45: ='[43]1990'!S$24 -> 1.2568985 | K45: =LN(B45) -> 0.37291886 | L45: =LN(C45) -> 0.34497061 | M45: =LN(D45) -> 0.32239371 | N45: =LN(E45) -> 0.29821434 | O45: =LN(F45) -> 0.27607103 | P45: =LN(G45) -> 0.26116049 | Q45: =LN(H45) -> 0.24729794 | R45: =LN(I45) -> 0.23681916 | S45: =LN(J45) -> 0.22864716 | T45: {=LINEST(K45:S45,$K$2:$S$2)} -> -0.069323183 | U45: 0.54583994 | V45: =EXP(U45) -> 1.7260576 | W45: =RSQ(K45:S45,$K$2:$S$2) -> 0.97476351 | X45: {=LINEST(B45:J45,$K$2:$S$2)} -> -0.093724193 | Y45: 1.6838838 | Z45: =RSQ(B45:J45,$K$2:$S$2) -> 0.97974007 | AA45: =RSQ(K45:S45,$B$2:$J$2) -> 0.96830524 | AB45: =RSQ(B45:J45,$B$2:$J$2) -> 0.96165202
A46: San Diego | B46: ='[44]1990'!K$24 -> 1.4199821 | C46: ='[44]1990'!L$24 -> 1.4037102 | D46: ='[44]1990'!M$24 -> 1.4053465 | E46: ='[44]1990'!N$24 -> 1.4089077 | F46: ='[44]1990'!O$24 -> 1.4089799 | G46: ='[44]1990'!P$24 -> 1.4127899 | H46: ='[44]1990'!Q$24 -> 1.4155996 | I46: ='[44]1990'!R$24 -> 1.415873 | J46: ='[44]1990'!S$24 -> 1.4158044 | K46: =LN(B46) -> 0.35064423 | L46: =LN(C46) -> 0.33911886 | M46: =LN(D46) -> 0.3402839 | N46: =LN(E46) -> 0.34281472 | O46: =LN(F46) -> 0.342866 | P46: =LN(G46) -> 0.3455664 | Q46: =LN(H46) -> 0.34755322 | R46: =LN(I46) -> 0.34774633 | S46: =LN(J46) -> 0.34769783 | T46: {=LINEST(K46:S46,$K$2:$S$2)} -> 0.00070261464 | U46: 0.34230403 | V46: =EXP(U46) -> 1.4081884 | W46: =RSQ(K46:S46,$K$2:$S$2) -> 0.017080176 | X46: {=LINEST(B46:J46,$K$2:$S$2)} -> 0.00098134675 | Y46: 1.4082326 | Z46: =RSQ(B46:J46,$K$2:$S$2) -> 0.016723726 | AA46: =RSQ(K46:S46,$B$2:$J$2) -> 0.13726028 | AB46: =RSQ(B46:J46,$B$2:$J$2) -> 0.13641264
